timestamp,it_rpm,it_temp_c,it_pressure_bar,it_vibration_mms,physical_rpm,physical_temp_c,physical_pressure_bar,physical_vibration_mms,attack_mode,label
2025-01-01T00:00:00,1211.92,284.41,72.93,0.1255,1188.76,283.0,76.55,0.1246,0,normal
2025-01-01T00:00:00.500000,1188.73,287.32,71.33,0.1183,1211.61,268.64,67.03,0.1166,0,normal
2025-01-01T00:00:01,1175.69,286.34,70.69,0.1149,1270.35,283.07,72.19,0.1115,0,normal
2025-01-01T00:00:01.500000,1186.93,285.47,70.34,0.1214,1171.17,282.51,70.27,0.1311,0,normal
2025-01-01T00:00:02,1199.68,280.48,73.18,0.1156,1210.03,268.24,68.17,0.1212,0,normal
2025-01-01T00:00:02.500000,1217.72,285.73,71.83,0.1189,1129.03,278.85,70.67,0.1263,0,normal
2025-01-01T00:00:03,1208.25,277.46,72.47,0.1186,1167.51,290.23,74.97,0.1256,0,normal
2025-01-01T00:00:03.500000,1179.86,283.68,72.48,0.1235,1177.0,283.41,68.81,0.1128,0,normal
2025-01-01T00:00:04,1219.5,290.8,71.9,0.1236,1217.36,279.48,73.04,0.1292,0,normal
2025-01-01T00:00:04.500000,1199.14,291.69,68.23,0.123,1204.18,282.44,72.26,0.1081,0,normal
2025-01-01T00:00:05,1194.73,286.53,74.13,0.1181,1161.19,280.71,74.64,0.122,0,normal
2025-01-01T00:00:05.500000,1187.29,287.19,72.14,0.1235,1166.3,282.2,70.87,0.1112,0,normal
2025-01-01T00:00:06,1207.11,286.12,72.01,0.1192,1132.06,281.4,71.01,0.1152,0,normal
2025-01-01T00:00:06.500000,1196.13,286.73,74.72,0.1206,1212.36,284.36,66.47,0.1198,0,normal
2025-01-01T00:00:07,1201.45,295.53,71.72,0.1211,1198.33,275.01,75.29,0.1245,0,normal
2025-01-01T00:00:07.500000,1218.98,281.11,74.02,0.115,1228.17,303.73,69.15,0.1166,0,normal
2025-01-01T00:00:08,1202.39,282.85,69.77,0.1202,1149.01,289.05,69.35,0.1293,0,normal
2025-01-01T00:00:08.500000,1181.2,283.62,73.17,0.1156,1210.92,296.18,67.37,0.1211,0,normal
2025-01-01T00:00:09,1206.24,288.34,70.22,0.1152,1225.05,287.54,72.72,0.1221,0,normal
2025-01-01T00:00:09.500000,1183.68,285.99,72.42,0.1174,1289.56,289.05,68.57,0.1239,0,normal
2025-01-01T00:00:10,1176.61,288.36,73.67,0.117,1246.24,288.53,74.37,0.1314,0,normal
2025-01-01T00:00:10.500000,1194.11,281.78,70.72,0.1171,1196.3,287.92,72.8,0.125,0,normal
2025-01-01T00:00:11,1200.31,291.21,71.62,0.1298,1230.03,277.67,68.92,0.1229,0,normal
2025-01-01T00:00:11.500000,1194.64,288.05,72.68,0.1197,1159.35,272.05,70.71,0.1251,0,normal
2025-01-01T00:00:12,1205.14,279.67,72.25,0.1214,1157.57,286.31,72.17,0.1131,0,normal
2025-01-01T00:00:12.500000,1208.59,287.4,73.56,0.1238,1133.87,276.98,73.48,0.1231,0,normal
2025-01-01T00:00:13,1212.36,301.47,72.82,0.1241,1245.79,290.57,71.09,0.1246,0,normal
2025-01-01T00:00:13.500000,1181.45,283.99,71.3,0.1203,1311.1,269.03,73.98,0.1103,0,normal
2025-01-01T00:00:14,1188.67,289.66,72.09,0.1161,1165.67,290.81,69.9,0.1213,0,normal
2025-01-01T00:00:14.500000,1201.09,282.21,75.09,0.1223,1102.79,286.59,70.09,0.1251,0,normal
2025-01-01T00:00:15,1180.98,284.51,72.73,0.1231,1142.39,282.14,70.63,0.1161,0,normal
2025-01-01T00:00:15.500000,1242.37,286.73,70.18,0.1233,1301.86,293.83,67.62,0.1171,0,normal
2025-01-01T00:00:16,1230.41,281.97,72.64,0.1228,1155.51,284.49,62.67,0.1139,0,normal
2025-01-01T00:00:16.500000,1193.94,279.67,74.35,0.1149,1178.88,286.12,76.15,0.1114,0,normal
2025-01-01T00:00:17,1227.92,285.04,70.59,0.1217,1209.55,279.87,72.2,0.1177,0,normal
2025-01-01T00:00:17.500000,1202.72,287.83,74.28,0.1155,1302.39,268.31,71.56,0.1235,0,normal
2025-01-01T00:00:18,1206.74,282.34,71.7,0.1182,1171.71,292.26,73.03,0.1158,0,normal
2025-01-01T00:00:18.500000,1221.59,286.31,73.17,0.1223,1160.21,280.21,74.15,0.1237,0,normal
2025-01-01T00:00:19,1199.5,285.5,73.84,0.1179,1226.26,283.27,71.37,0.1266,0,normal
2025-01-01T00:00:19.500000,1219.81,288.48,73.88,0.1201,1232.73,282.35,72.93,0.1192,0,normal
2025-01-01T00:00:20,1202.33,287.54,70.82,0.1275,1151.71,274.62,75.34,0.1247,0,normal
2025-01-01T00:00:20.500000,1214.98,287.69,71.98,0.1168,1203.64,279.21,74.81,0.1191,0,normal
2025-01-01T00:00:21,1180.19,283.63,72.59,0.118,1160.53,287.08,72.71,0.117,0,normal
2025-01-01T00:00:21.500000,1188.7,285.99,69.91,0.1149,1165.51,283.18,72.9,0.1289,0,normal
2025-01-01T00:00:22,1220.58,284.32,71.97,0.1164,1199.11,282.53,72.93,0.115,0,normal
2025-01-01T00:00:22.500000,1212.46,291.55,71.84,0.1214,1233.13,281.57,72.65,0.1201,0,normal
2025-01-01T00:00:23,1202.34,281.7,72.04,0.1218,1269.65,293.2,78.2,0.1154,0,normal
2025-01-01T00:00:23.500000,1220.94,285.78,75.15,0.1171,1159.69,279.88,65.88,0.1168,0,normal
2025-01-01T00:00:24,1181.78,285.64,72.49,0.1268,1245.62,280.07,69.41,0.123,0,normal
2025-01-01T00:00:24.500000,1168.31,292.83,73.7,0.1183,1117.77,296.58,71.67,0.1274,0,normal
2025-01-01T00:00:25,1161.73,282.44,72.01,0.1202,1178.4,290.33,68.93,0.1191,0,normal
2025-01-01T00:00:25.500000,1202.89,287.2,73.02,0.116,1126.36,295.92,72.96,0.1155,0,normal
2025-01-01T00:00:26,1237.23,285.49,73.7,0.1202,1298.92,300.01,71.28,0.1258,0,normal
2025-01-01T00:00:26.500000,1215.49,290.85,70.61,0.1225,1250.8,269.96,68.59,0.1078,0,normal
2025-01-01T00:00:27,1193.53,288.07,74.16,0.1203,1278.17,273.2,67.09,0.1197,0,normal
2025-01-01T00:00:27.500000,1209.22,284.86,69.02,0.1197,1137.39,290.73,73.06,0.1144,0,normal
2025-01-01T00:00:28,1187.67,280.47,71.91,0.1234,1152.69,289.31,70.47,0.1152,0,normal
2025-01-01T00:00:28.500000,1197.43,280.57,71.2,0.1157,1294.31,285.3,69.98,0.1213,0,normal
2025-01-01T00:00:29,1197.3,284.06,72.88,0.1227,1174.54,280.08,71.21,0.1062,0,normal
2025-01-01T00:00:29.500000,1163.64,290.84,74.37,0.1191,1227.67,287.66,80.87,0.1267,0,normal
2025-01-01T00:00:30,1196.93,280.92,69.69,0.1207,1163.7,272.84,70.14,0.1135,0,normal
2025-01-01T00:00:30.500000,1240.49,288.77,71.99,0.1253,1203.71,277.64,76.39,0.1232,0,normal
2025-01-01T00:00:31,1175.11,284.19,70.74,0.115,1244.46,301.33,67.97,0.1234,0,normal
2025-01-01T00:00:31.500000,1184.38,282.92,71.15,0.1169,1202.33,277.9,72.78,0.1197,0,normal
2025-01-01T00:00:32,1194.27,281.12,71.17,0.1227,1224.04,276.64,72.29,0.1245,0,normal
2025-01-01T00:00:32.500000,1159.93,287.32,71.05,0.1221,1163.36,269.57,67.31,0.1203,0,normal
2025-01-01T00:00:33,1206.23,281.13,72.92,0.114,1196.83,274.65,70.12,0.1203,0,normal
2025-01-01T00:00:33.500000,1179.35,283.36,73.45,0.1179,1240.11,275.34,73.53,0.1286,0,normal
2025-01-01T00:00:34,1140.68,281.59,72.83,0.1193,1217.82,279.84,72.25,0.1191,0,normal
2025-01-01T00:00:34.500000,1228.03,286.09,72.49,0.1185,1176.59,281.3,73.14,0.1175,0,normal
2025-01-01T00:00:35,1206.95,293.87,73.25,0.1188,1257.66,281.51,66.13,0.114,0,normal
2025-01-01T00:00:35.500000,1155.1,283.5,72.03,0.126,1215.69,283.13,74.39,0.1067,0,normal
2025-01-01T00:00:36,1205.65,288.3,69.87,0.1241,1216.25,281.45,73.82,0.1336,0,normal
2025-01-01T00:00:36.500000,1204.36,286.06,71.34,0.1169,1239.86,277.68,72.21,0.1171,0,normal
2025-01-01T00:00:37,1211.5,286.43,73.49,0.1182,1187.05,276.63,70.72,0.1223,0,normal
2025-01-01T00:00:37.500000,1218.17,281.06,73.25,0.1249,1219.84,301.05,69.77,0.1125,0,normal
2025-01-01T00:00:38,1157.31,291.4,72.94,0.1198,1213.44,275.38,79.04,0.1208,0,normal
2025-01-01T00:00:38.500000,1202.63,288.1,72.69,0.1208,1162.06,289.03,77.42,0.1281,0,normal
2025-01-01T00:00:39,1238.24,282.81,70.57,0.1195,1202.67,294.36,67.13,0.1292,0,normal
2025-01-01T00:00:39.500000,1196.21,283.18,70.54,0.114,1239.51,285.63,68.28,0.1122,0,normal
2025-01-01T00:00:40,1191.94,292.14,71.63,0.1146,1188.2,282.67,64.23,0.1197,0,normal
2025-01-01T00:00:40.500000,1194.46,287.98,74.66,0.1241,1187.09,275.54,79.41,0.1204,0,normal
2025-01-01T00:00:41,1200.33,284.9,72.29,0.1195,1172.46,280.32,71.91,0.1167,0,normal
2025-01-01T00:00:41.500000,1182.89,285.45,71.63,0.1254,1072.75,294.33,75.59,0.1076,0,normal
2025-01-01T00:00:42,1191.78,283.41,69.97,0.1172,1146.69,299.98,74.69,0.1276,0,normal
2025-01-01T00:00:42.500000,1217.32,280.17,71.24,0.1218,1141.34,291.1,71.31,0.1178,0,normal
2025-01-01T00:00:43,1217.06,286.9,71.48,0.1242,1148.11,290.27,73.71,0.1181,0,normal
2025-01-01T00:00:43.500000,1207.83,279.65,73.33,0.1193,1174.91,293.97,69.97,0.1115,0,normal
2025-01-01T00:00:44,1162.64,287.59,70.16,0.1263,1100.07,299.5,72.61,0.1194,0,normal
2025-01-01T00:00:44.500000,1186.92,286.71,71.95,0.124,1205.48,286.29,70.95,0.1197,0,normal
2025-01-01T00:00:45,1207.39,277.69,70.06,0.1227,1208.2,283.43,72.05,0.1221,0,normal
2025-01-01T00:00:45.500000,1187.05,281.67,72.28,0.1165,1219.6,270.44,74.96,0.1228,0,normal
2025-01-01T00:00:46,1206.14,289.2,74.4,0.1237,1111.64,274.06,70.2,0.1202,0,normal
2025-01-01T00:00:46.500000,1212.42,281.9,72.27,0.1173,1170.65,272.97,69.34,0.1119,0,normal
2025-01-01T00:00:47,1176.58,289.5,70.63,0.1295,1223.68,286.58,69.53,0.1242,0,normal
2025-01-01T00:00:47.500000,1186.18,285.52,75.69,0.1197,1255.17,278.99,71.9,0.1306,0,normal
2025-01-01T00:00:48,1184.95,292.75,73.02,0.118,1230.36,293.32,73.79,0.1106,0,normal
2025-01-01T00:00:48.500000,1182.55,283.94,71.89,0.1222,1208.53,273.58,73.09,0.1237,0,normal
2025-01-01T00:00:49,1213.43,289.62,73.2,0.1217,1196.63,270.8,73.24,0.1212,0,normal
2025-01-01T00:00:49.500000,1206.52,279.54,70.44,0.1238,1198.1,290.83,72.08,0.1202,0,normal
2025-01-01T00:00:50,1222.52,282.79,72.14,0.1183,1179.14,282.36,72.64,0.1171,0,normal
2025-01-01T00:00:50.500000,1230.14,281.18,71.73,0.1184,1269.45,286.68,74.97,0.1111,0,normal
2025-01-01T00:00:51,1206.41,288.8,72.12,0.1238,1175.17,297.05,78.62,0.1178,0,normal
2025-01-01T00:00:51.500000,1189.31,291.21,74.27,0.1181,1179.83,282.59,68.13,0.1145,0,normal
2025-01-01T00:00:52,1175.9,281.72,71.95,0.1208,1274.42,276.46,74.83,0.1187,0,normal
2025-01-01T00:00:52.500000,1198.81,287.88,70.38,0.1214,1207.99,289.21,72.83,0.1347,0,normal
2025-01-01T00:00:53,1184.69,282.73,71.1,0.118,1169.41,295.17,76.09,0.1166,0,normal
2025-01-01T00:00:53.500000,1180.02,287.02,71.2,0.1223,1209.74,272.04,76.46,0.1308,0,normal
2025-01-01T00:00:54,1185.29,283.34,72.41,0.1212,1231.61,302.19,71.49,0.1152,0,normal
2025-01-01T00:00:54.500000,1166.9,281.88,71.95,0.1265,1175.15,286.91,71.95,0.1271,0,normal
2025-01-01T00:00:55,1260.65,282.73,71.3,0.1238,1232.73,300.79,73.68,0.1178,0,normal
2025-01-01T00:00:55.500000,1214.18,289.74,73.18,0.1218,1251.2,295.0,75.98,0.1239,0,normal
2025-01-01T00:00:56,1195.99,285.63,73.74,0.1171,1217.7,281.64,72.08,0.1277,0,normal
2025-01-01T00:00:56.500000,1204.59,285.2,70.04,0.1227,1230.98,303.5,71.11,0.1213,0,normal
2025-01-01T00:00:57,1205.99,291.74,71.86,0.121,1229.18,286.6,70.71,0.1212,0,normal
2025-01-01T00:00:57.500000,1225.77,280.61,72.19,0.1175,1257.36,271.98,70.39,0.1223,0,normal
2025-01-01T00:00:58,1237.57,284.72,71.2,0.1268,1130.5,266.2,73.27,0.117,0,normal
2025-01-01T00:00:58.500000,1175.49,288.03,72.35,0.118,1138.55,292.46,73.87,0.1194,0,normal
2025-01-01T00:00:59,1244.32,280.43,69.8,0.1175,1197.81,287.08,71.31,0.1221,0,normal
2025-01-01T00:00:59.500000,1169.96,291.17,71.88,0.124,1216.45,288.91,73.64,0.1227,0,normal
2025-01-01T00:01:00,1215.43,290.68,72.28,0.1226,1195.69,297.31,70.05,0.1308,0,normal
2025-01-01T00:01:00.500000,1199.04,278.88,72.18,0.1175,1240.35,279.42,70.71,0.1087,0,normal
2025-01-01T00:01:01,1189.14,274.64,69.72,0.1227,1237.72,288.64,69.22,0.1197,0,normal
2025-01-01T00:01:01.500000,1199.91,280.05,74.16,0.1232,1189.39,285.23,72.6,0.1077,0,normal
2025-01-01T00:01:02,1194.07,282.08,70.56,0.119,1286.29,290.48,70.36,0.1234,0,normal
2025-01-01T00:01:02.500000,1233.58,288.95,72.09,0.1177,1233.51,288.36,74.58,0.1238,0,normal
2025-01-01T00:01:03,1225.19,282.71,73.9,0.1207,1299.61,279.11,77.0,0.1212,0,normal
2025-01-01T00:01:03.500000,1184.37,282.93,71.54,0.1215,1225.1,280.09,71.93,0.1329,0,normal
2025-01-01T00:01:04,1241.46,286.87,72.05,0.1204,1229.45,276.26,71.26,0.11,0,normal
2025-01-01T00:01:04.500000,1209.58,287.77,71.3,0.1257,1141.16,272.48,72.65,0.1263,0,normal
2025-01-01T00:01:05,1240.41,283.04,73.55,0.1199,1191.71,292.56,73.88,0.1105,0,normal
2025-01-01T00:01:05.500000,1235.44,290.9,71.1,0.1214,1223.71,287.23,70.42,0.116,0,normal
2025-01-01T00:01:06,1199.39,290.01,72.78,0.1187,1237.04,260.64,75.31,0.1096,0,normal
2025-01-01T00:01:06.500000,1191.3,280.21,70.14,0.1242,1177.55,287.96,71.86,0.1229,0,normal
2025-01-01T00:01:07,1201.84,279.52,73.43,0.1182,1125.28,281.34,76.32,0.1251,0,normal
2025-01-01T00:01:07.500000,1191.63,283.51,71.54,0.1275,1218.33,288.68,74.97,0.1214,0,normal
2025-01-01T00:01:08,1193.78,284.16,71.9,0.1199,1234.93,285.44,74.11,0.1195,0,normal
2025-01-01T00:01:08.500000,1201.89,276.46,73.32,0.1212,1247.9,260.24,78.01,0.1192,0,normal
2025-01-01T00:01:09,1226.6,280.55,72.88,0.1162,1170.06,301.36,71.45,0.1213,0,normal
2025-01-01T00:01:09.500000,1220.88,287.12,72.22,0.1213,1315.36,284.51,72.58,0.1263,0,normal
2025-01-01T00:01:10,1226.53,290.07,72.92,0.1159,1278.4,275.2,72.87,0.1155,0,normal
2025-01-01T00:01:10.500000,1198.46,286.41,72.46,0.1215,1277.46,288.88,71.3,0.1258,0,normal
2025-01-01T00:01:11,1228.55,279.75,72.86,0.1225,1185.72,296.76,71.57,0.1208,0,normal
2025-01-01T00:01:11.500000,1195.85,285.07,70.42,0.1148,1276.54,277.76,69.14,0.1071,0,normal
2025-01-01T00:01:12,1184.66,279.34,74.36,0.1236,1166.97,304.26,74.83,0.1181,0,normal
2025-01-01T00:01:12.500000,1140.01,294.79,70.0,0.1141,1249.08,305.86,75.99,0.1234,0,normal
2025-01-01T00:01:13,1214.27,288.65,73.09,0.121,1205.0,284.46,69.83,0.1183,0,normal
2025-01-01T00:01:13.500000,1159.37,284.58,70.58,0.116,1208.63,296.9,74.64,0.1106,0,normal
2025-01-01T00:01:14,1176.25,289.02,70.59,0.1192,1226.4,276.72,72.3,0.112,0,normal
2025-01-01T00:01:14.500000,1185.57,286.37,69.71,0.1216,1199.06,289.72,72.64,0.1282,0,normal
2025-01-01T00:01:15,1203.01,283.16,72.18,0.122,1202.35,285.35,69.98,0.116,0,normal
2025-01-01T00:01:15.500000,1166.34,292.48,70.21,0.1175,1165.52,292.65,71.15,0.1275,0,normal
2025-01-01T00:01:16,1183.84,286.19,70.8,0.1277,1143.0,287.65,73.83,0.1225,0,normal
2025-01-01T00:01:16.500000,1195.55,284.45,72.06,0.1195,1246.27,303.9,70.39,0.1118,0,normal
2025-01-01T00:01:17,1197.88,296.03,70.84,0.1259,1280.53,280.27,73.64,0.1298,0,normal
2025-01-01T00:01:17.500000,1190.9,284.13,71.16,0.1163,1168.83,274.54,72.1,0.1154,0,normal
2025-01-01T00:01:18,1205.61,278.35,72.48,0.123,1104.3,288.2,75.54,0.1127,0,normal
2025-01-01T00:01:18.500000,1240.14,286.79,70.98,0.1198,1226.8,285.65,73.55,0.1145,0,normal
2025-01-01T00:01:19,1204.06,278.96,71.84,0.1167,1164.69,295.57,75.14,0.1237,0,normal
2025-01-01T00:01:19.500000,1173.78,283.65,73.75,0.1205,1311.33,288.36,72.55,0.1181,0,normal
2025-01-01T00:01:20,1203.2,284.35,73.02,0.1234,1162.27,273.62,66.71,0.123,0,normal
2025-01-01T00:01:20.500000,1173.52,275.8,72.56,0.129,1199.71,292.17,72.24,0.1194,0,normal
2025-01-01T00:01:21,1222.06,283.76,72.39,0.1212,1167.93,293.48,71.5,0.1155,0,normal
2025-01-01T00:01:21.500000,1212.88,281.16,72.04,0.12,1252.12,289.06,71.93,0.1249,0,normal
2025-01-01T00:01:22,1233.36,287.38,72.01,0.1153,1148.87,282.39,70.24,0.1189,0,normal
2025-01-01T00:01:22.500000,1201.36,287.26,71.9,0.1218,1203.09,268.11,69.29,0.1191,0,normal
2025-01-01T00:01:23,1170.97,287.56,74.2,0.1244,1189.75,297.75,72.43,0.118,0,normal
2025-01-01T00:01:23.500000,1185.28,283.71,71.44,0.1206,1207.71,285.03,73.26,0.1271,0,normal
2025-01-01T00:01:24,1222.79,278.65,68.32,0.1234,1134.39,283.08,68.63,0.1092,0,normal
2025-01-01T00:01:24.500000,1213.0,288.25,71.17,0.1107,1173.78,288.35,67.74,0.1211,0,normal
2025-01-01T00:01:25,1199.63,287.48,72.17,0.1165,1257.44,283.64,71.92,0.1144,0,normal
2025-01-01T00:01:25.500000,1189.36,281.22,71.75,0.1262,1134.15,271.2,76.24,0.1187,0,normal
2025-01-01T00:01:26,1183.94,289.45,71.13,0.1266,1232.54,280.83,78.21,0.1164,0,normal
2025-01-01T00:01:26.500000,1217.81,286.28,73.87,0.1256,1201.54,278.56,73.32,0.1159,0,normal
2025-01-01T00:01:27,1248.32,285.58,71.47,0.1207,1135.34,276.69,75.46,0.1161,0,normal
2025-01-01T00:01:27.500000,1174.87,287.29,73.71,0.1226,1247.81,278.53,67.91,0.129,0,normal
2025-01-01T00:01:28,1192.26,283.93,73.91,0.122,1221.88,303.51,70.15,0.1256,0,normal
2025-01-01T00:01:28.500000,1201.37,286.15,74.2,0.1218,1225.84,294.17,70.95,0.115,0,normal
2025-01-01T00:01:29,1174.92,276.59,74.96,0.116,1189.38,282.63,72.89,0.1249,0,normal
2025-01-01T00:01:29.500000,1220.65,282.51,71.76,0.121,1188.06,298.74,73.41,0.1244,0,normal
2025-01-01T00:01:30,1215.91,290.02,72.26,0.1153,1219.19,279.43,70.48,0.1235,0,normal
2025-01-01T00:01:30.500000,1229.72,285.09,72.44,0.1261,1211.56,307.24,73.63,0.1094,0,normal
2025-01-01T00:01:31,1218.08,286.63,73.86,0.1224,1193.35,274.53,71.4,0.1149,0,normal
2025-01-01T00:01:31.500000,1186.07,287.52,74.4,0.1214,1142.6,288.8,75.45,0.1163,0,normal
2025-01-01T00:01:32,1196.78,285.06,70.87,0.1223,1194.19,288.59,69.44,0.1174,0,normal
2025-01-01T00:01:32.500000,1217.34,283.41,74.49,0.1186,1210.78,292.97,67.92,0.1094,0,normal
2025-01-01T00:01:33,1163.38,290.4,71.21,0.1292,1172.92,286.58,76.44,0.132,0,normal
2025-01-01T00:01:33.500000,1249.48,290.17,73.47,0.1221,1237.36,280.29,69.64,0.12,0,normal
2025-01-01T00:01:34,1195.92,283.06,73.0,0.1234,1204.24,297.63,68.71,0.1188,0,normal
2025-01-01T00:01:34.500000,1182.8,277.02,71.88,0.1196,1272.65,290.39,69.05,0.1311,0,normal
2025-01-01T00:01:35,1229.3,287.49,71.67,0.1165,1182.13,294.31,77.43,0.1293,0,normal
2025-01-01T00:01:35.500000,1188.27,280.21,72.2,0.1136,1215.51,283.74,70.66,0.1104,0,normal
2025-01-01T00:01:36,1212.33,282.72,70.32,0.1097,1198.68,300.15,76.78,0.1173,0,normal
2025-01-01T00:01:36.500000,1185.55,287.0,70.56,0.1211,1236.77,295.49,71.71,0.1188,0,normal
2025-01-01T00:01:37,1178.93,281.47,71.67,0.1213,1243.85,278.13,76.3,0.1184,0,normal
2025-01-01T00:01:37.500000,1199.49,281.81,68.51,0.1232,1235.37,282.59,72.19,0.1231,0,normal
2025-01-01T00:01:38,1162.5,282.74,73.14,0.1155,1214.09,273.4,73.34,0.1198,0,normal
2025-01-01T00:01:38.500000,1161.24,289.98,70.94,0.1171,1209.63,294.82,69.07,0.1204,0,normal
2025-01-01T00:01:39,1210.29,287.96,72.25,0.1187,1160.28,285.74,68.91,0.1025,0,normal
2025-01-01T00:01:39.500000,1210.48,288.86,68.6,0.1164,1229.72,302.59,72.06,0.1156,0,normal
2025-01-01T00:01:40,1195.61,290.88,71.07,0.1171,1176.83,276.85,72.35,0.1297,0,normal
2025-01-01T00:01:40.500000,1207.75,283.92,71.58,0.1144,1242.39,284.33,71.48,0.1392,0,normal
2025-01-01T00:01:41,1207.17,281.79,71.39,0.1241,1205.44,272.7,74.65,0.116,0,normal
2025-01-01T00:01:41.500000,1244.96,289.62,71.36,0.1246,1203.26,292.29,73.4,0.1149,0,normal
2025-01-01T00:01:42,1184.55,289.4,71.52,0.1185,1154.15,288.62,77.94,0.1136,0,normal
2025-01-01T00:01:42.500000,1200.58,291.04,71.89,0.1216,1149.01,288.66,71.46,0.1259,0,normal
2025-01-01T00:01:43,1228.5,296.07,72.83,0.1212,1209.33,281.98,72.97,0.1182,0,normal
2025-01-01T00:01:43.500000,1204.04,290.63,70.55,0.1241,1263.22,283.99,65.89,0.1164,0,normal
2025-01-01T00:01:44,1231.13,284.9,70.56,0.1182,1240.35,289.67,71.31,0.1178,0,normal
2025-01-01T00:01:44.500000,1190.6,281.06,74.33,0.1188,1258.42,298.01,74.88,0.1174,0,normal
2025-01-01T00:01:45,1209.69,284.9,70.7,0.1212,1143.41,295.15,70.66,0.1212,0,normal
2025-01-01T00:01:45.500000,1206.8,283.89,72.84,0.1183,1241.82,273.49,72.36,0.1316,0,normal
2025-01-01T00:01:46,1175.99,282.1,72.74,0.1206,1216.83,289.18,73.83,0.1267,0,normal
2025-01-01T00:01:46.500000,1209.84,283.97,72.97,0.1268,1193.63,276.67,75.19,0.1193,0,normal
2025-01-01T00:01:47,1147.86,288.62,71.23,0.1197,1215.94,286.63,74.04,0.1174,0,normal
2025-01-01T00:01:47.500000,1212.31,283.89,73.06,0.1222,1155.1,294.29,70.46,0.1248,0,normal
2025-01-01T00:01:48,1208.81,292.86,71.68,0.1187,1199.07,282.41,74.3,0.1103,0,normal
2025-01-01T00:01:48.500000,1174.71,280.44,73.37,0.1262,1194.99,283.56,72.2,0.127,0,normal
2025-01-01T00:01:49,1177.74,286.02,73.4,0.1218,1209.1,293.56,64.21,0.1241,0,normal
2025-01-01T00:01:49.500000,1184.3,277.17,72.74,0.1249,1193.4,293.15,76.64,0.1279,0,normal
2025-01-01T00:01:50,1239.36,288.17,72.11,0.1142,1188.19,277.79,78.25,0.1189,0,normal
2025-01-01T00:01:50.500000,1202.96,287.36,72.06,0.1261,1170.11,286.66,69.86,0.1121,0,normal
2025-01-01T00:01:51,1185.32,284.84,71.38,0.1175,1132.5,284.29,67.67,0.1246,0,normal
2025-01-01T00:01:51.500000,1201.98,278.77,71.55,0.1173,1215.32,296.46,66.6,0.1207,0,normal
2025-01-01T00:01:52,1196.16,287.87,72.31,0.1173,1184.69,278.19,75.1,0.1201,0,normal
2025-01-01T00:01:52.500000,1245.63,284.74,70.98,0.1146,1113.45,271.46,72.77,0.1231,0,normal
2025-01-01T00:01:53,1162.05,288.83,71.3,0.1205,1277.39,292.67,71.23,0.1147,0,normal
2025-01-01T00:01:53.500000,1148.36,281.93,71.7,0.1164,1193.7,285.66,71.35,0.1161,0,normal
2025-01-01T00:01:54,1204.05,286.89,70.43,0.1251,1195.27,285.16,74.04,0.1214,0,normal
2025-01-01T00:01:54.500000,1222.88,286.23,71.12,0.1213,1145.1,285.93,71.9,0.1188,0,normal
2025-01-01T00:01:55,1196.92,276.96,71.21,0.1203,1207.67,276.21,75.65,0.1148,0,normal
2025-01-01T00:01:55.500000,1223.27,286.83,71.07,0.1264,1142.71,292.86,74.88,0.116,0,normal
2025-01-01T00:01:56,1233.42,283.93,72.42,0.1209,1193.55,291.93,74.29,0.1095,0,normal
2025-01-01T00:01:56.500000,1231.3,277.89,73.49,0.1241,1147.63,281.49,68.82,0.1187,0,normal
2025-01-01T00:01:57,1192.61,288.33,73.89,0.125,1173.02,283.21,67.15,0.1152,0,normal
2025-01-01T00:01:57.500000,1223.16,291.91,70.22,0.1179,1198.73,287.4,69.67,0.1225,0,normal
2025-01-01T00:01:58,1188.63,284.94,72.79,0.12,1179.05,284.06,71.75,0.1178,0,normal
2025-01-01T00:01:58.500000,1193.79,291.83,72.81,0.1189,1233.45,282.15,75.38,0.1222,0,normal
2025-01-01T00:01:59,1197.42,286.91,69.74,0.1159,1142.69,286.22,76.99,0.1334,0,normal
2025-01-01T00:01:59.500000,1215.31,287.14,69.41,0.118,1162.19,279.69,71.52,0.1172,0,normal
2025-01-01T00:02:00,1152.5,288.2,70.46,0.1209,1299.56,277.14,64.71,0.1183,0,normal
2025-01-01T00:02:00.500000,1226.42,293.37,70.23,0.1218,1177.67,284.09,79.62,0.111,0,normal
2025-01-01T00:02:01,1206.09,287.0,73.56,0.1204,1214.79,281.65,72.78,0.1179,0,normal
2025-01-01T00:02:01.500000,1214.92,283.42,72.54,0.1199,1254.05,284.56,66.89,0.1276,0,normal
2025-01-01T00:02:02,1178.26,282.21,71.14,0.1249,1097.49,311.83,75.04,0.1213,0,normal
2025-01-01T00:02:02.500000,1198.68,286.22,72.75,0.1223,1226.67,285.77,71.43,0.1191,0,normal
2025-01-01T00:02:03,1195.32,289.85,72.85,0.1094,1231.48,286.66,71.95,0.1177,0,normal
2025-01-01T00:02:03.500000,1226.98,289.05,70.89,0.1215,1153.36,273.2,70.2,0.1252,0,normal
2025-01-01T00:02:04,1222.88,287.19,73.04,0.1219,1169.21,288.69,74.31,0.1245,0,normal
2025-01-01T00:02:04.500000,1228.53,288.03,72.51,0.1239,1198.73,277.46,71.53,0.1155,0,normal
2025-01-01T00:02:05,1183.8,284.38,70.86,0.1189,1109.11,286.82,72.0,0.1151,0,normal
2025-01-01T00:02:05.500000,1215.82,289.01,69.69,0.1173,1163.08,276.96,74.39,0.1188,0,normal
2025-01-01T00:02:06,1193.65,276.43,72.92,0.1155,1202.88,287.37,75.92,0.1121,0,normal
2025-01-01T00:02:06.500000,1127.53,285.79,74.59,0.1245,1210.06,280.8,74.32,0.1142,0,normal
2025-01-01T00:02:07,1211.43,287.16,73.53,0.1299,1218.84,280.65,71.93,0.1094,0,normal
2025-01-01T00:02:07.500000,1183.33,283.25,71.25,0.1205,1160.52,294.58,72.0,0.1199,0,normal
2025-01-01T00:02:08,1192.13,285.66,73.19,0.1169,1168.41,282.4,68.12,0.1151,0,normal
2025-01-01T00:02:08.500000,1188.57,288.74,72.38,0.1207,1240.84,283.83,73.12,0.1194,0,normal
2025-01-01T00:02:09,1206.37,282.51,68.49,0.1195,1268.29,292.92,74.78,0.1274,0,normal
2025-01-01T00:02:09.500000,1202.13,285.84,71.11,0.1189,1229.56,295.29,71.6,0.1173,0,normal
2025-01-01T00:02:10,1200.01,287.57,69.92,0.1117,1173.57,274.56,70.54,0.1191,0,normal
2025-01-01T00:02:10.500000,1189.12,291.21,72.47,0.1211,1229.87,275.26,74.99,0.1195,0,normal
2025-01-01T00:02:11,1216.09,280.42,69.76,0.1229,1218.07,277.29,69.5,0.1268,0,normal
2025-01-01T00:02:11.500000,1171.45,292.02,70.7,0.1223,1184.23,290.16,70.43,0.119,0,normal
2025-01-01T00:02:12,1200.98,280.72,73.07,0.1182,1189.03,276.5,64.62,0.1189,0,normal
2025-01-01T00:02:12.500000,1257.9,288.35,71.97,0.1191,1201.08,289.68,68.6,0.1267,0,normal
2025-01-01T00:02:13,1217.17,288.07,72.63,0.1201,1232.3,290.06,70.98,0.1166,0,normal
2025-01-01T00:02:13.500000,1202.44,291.62,70.22,0.1147,1207.91,285.44,72.5,0.1215,0,normal
2025-01-01T00:02:14,1194.64,291.37,69.69,0.117,1195.04,270.95,71.49,0.13,0,normal
2025-01-01T00:02:14.500000,1200.5,285.99,70.19,0.1178,1181.99,282.28,75.69,0.1233,0,normal
2025-01-01T00:02:15,1173.33,286.05,72.72,0.1241,1275.87,276.32,69.66,0.1125,0,normal
2025-01-01T00:02:15.500000,1194.38,286.99,73.42,0.1197,1184.65,286.3,69.59,0.1325,0,normal
2025-01-01T00:02:16,1161.42,285.79,74.91,0.12,1190.88,281.94,71.48,0.1282,0,normal
2025-01-01T00:02:16.500000,1146.92,291.56,69.95,0.119,1179.4,290.03,67.4,0.1228,0,normal
2025-01-01T00:02:17,1248.58,279.17,72.27,0.1176,1220.44,285.16,70.15,0.1229,0,normal
2025-01-01T00:02:17.500000,1243.3,284.18,73.04,0.1153,1154.09,289.04,76.27,0.1221,0,normal
2025-01-01T00:02:18,1192.49,285.0,70.2,0.1222,1242.35,281.13,70.65,0.1216,0,normal
2025-01-01T00:02:18.500000,1189.52,284.72,75.02,0.1191,1182.8,279.46,74.14,0.1189,0,normal
2025-01-01T00:02:19,1184.42,290.65,74.04,0.1178,1110.41,293.61,70.03,0.1247,0,normal
2025-01-01T00:02:19.500000,1152.72,288.82,70.26,0.1226,1200.69,276.84,70.83,0.1241,0,normal
2025-01-01T00:02:20,1202.54,287.5,74.85,0.1144,1277.63,285.89,69.41,0.112,0,normal
2025-01-01T00:02:20.500000,1195.46,288.94,71.82,0.1254,1130.34,284.9,68.39,0.1222,0,normal
2025-01-01T00:02:21,1221.29,283.2,68.25,0.1207,1220.96,288.46,75.56,0.1136,0,normal
2025-01-01T00:02:21.500000,1216.33,290.1,69.44,0.1212,1175.8,284.3,73.0,0.1171,0,normal
2025-01-01T00:02:22,1183.78,285.15,70.43,0.1161,1232.61,275.18,73.92,0.1228,0,normal
2025-01-01T00:02:22.500000,1158.58,282.1,73.72,0.1165,1177.71,288.95,74.26,0.1185,0,normal
2025-01-01T00:02:23,1185.66,291.08,74.5,0.1235,1204.1,278.09,69.61,0.1231,0,normal
2025-01-01T00:02:23.500000,1210.04,290.99,72.94,0.1146,1250.49,276.47,70.89,0.1215,0,normal
2025-01-01T00:02:24,1247.9,298.29,72.87,0.1193,1225.66,292.59,71.08,0.1308,0,normal
2025-01-01T00:02:24.500000,1205.52,287.13,72.96,0.1215,1240.27,279.72,70.39,0.1134,0,normal
2025-01-01T00:02:25,1210.55,288.33,72.66,0.126,1199.73,290.72,68.86,0.1177,0,normal
2025-01-01T00:02:25.500000,1216.69,288.63,71.58,0.1197,1127.14,281.95,74.56,0.1235,0,normal
2025-01-01T00:02:26,1212.02,285.21,72.01,0.1176,1233.54,288.6,73.42,0.1168,0,normal
2025-01-01T00:02:26.500000,1148.32,289.69,71.31,0.1169,1233.29,281.65,75.05,0.1237,0,normal
2025-01-01T00:02:27,1216.41,279.16,73.75,0.1209,1182.27,286.23,66.88,0.1225,0,normal
2025-01-01T00:02:27.500000,1175.3,279.22,69.81,0.124,1169.8,298.11,70.46,0.1098,0,normal
2025-01-01T00:02:28,1173.2,290.28,71.78,0.118,1207.68,289.29,75.22,0.1287,0,normal
2025-01-01T00:02:28.500000,1191.37,279.33,71.4,0.1209,1153.74,276.82,72.99,0.1197,0,normal
2025-01-01T00:02:29,1200.79,281.76,71.67,0.1167,1242.73,293.85,66.68,0.1144,0,normal
2025-01-01T00:02:29.500000,1164.08,282.22,71.88,0.1148,1155.75,276.42,72.6,0.1204,0,normal
2025-01-01T00:02:30,1182.68,285.76,71.21,0.119,1280.33,296.46,68.26,0.125,0,normal
2025-01-01T00:02:30.500000,1219.47,280.09,73.18,0.1255,1146.12,277.16,74.93,0.1216,0,normal
2025-01-01T00:02:31,1213.24,286.46,72.56,0.1152,1250.27,295.0,71.34,0.1197,0,normal
2025-01-01T00:02:31.500000,1163.25,287.2,72.82,0.1198,1253.97,282.14,73.63,0.1139,0,normal
2025-01-01T00:02:32,1199.43,284.25,72.32,0.1187,1193.69,292.06,70.74,0.1104,0,normal
2025-01-01T00:02:32.500000,1241.99,290.91,70.14,0.1225,1175.86,287.25,72.85,0.1186,0,normal
2025-01-01T00:02:33,1181.19,282.05,70.68,0.117,1196.78,278.88,73.96,0.1289,0,normal
2025-01-01T00:02:33.500000,1186.08,286.02,72.72,0.1217,1203.65,291.35,73.39,0.1126,0,normal
2025-01-01T00:02:34,1220.86,288.79,70.9,0.1201,1232.8,283.21,75.09,0.1342,0,normal
2025-01-01T00:02:34.500000,1181.14,279.1,72.44,0.1226,1188.92,297.43,68.14,0.1242,0,normal
2025-01-01T00:02:35,1185.46,292.35,74.87,0.1172,1173.62,292.35,70.89,0.1197,0,normal
2025-01-01T00:02:35.500000,1200.61,276.79,71.98,0.1175,1176.33,297.34,68.38,0.1249,0,normal
2025-01-01T00:02:36,1193.3,283.8,73.14,0.1212,1227.39,293.28,71.05,0.1163,0,normal
2025-01-01T00:02:36.500000,1173.96,281.47,76.25,0.1245,1135.15,273.69,73.39,0.1233,0,normal
2025-01-01T00:02:37,1213.17,283.91,71.82,0.1212,1204.12,266.02,71.34,0.1149,0,normal
2025-01-01T00:02:37.500000,1204.21,297.76,72.53,0.1189,1244.25,289.13,73.21,0.1236,0,normal
2025-01-01T00:02:38,1249.36,280.17,72.68,0.1167,1226.66,277.15,70.8,0.1182,0,normal
2025-01-01T00:02:38.500000,1223.42,288.93,70.21,0.1202,1165.94,274.24,71.37,0.1181,0,normal
2025-01-01T00:02:39,1258.24,286.85,70.02,0.118,1249.03,302.86,67.43,0.1087,0,normal
2025-01-01T00:02:39.500000,1244.9,286.67,70.75,0.1219,1073.48,285.03,72.94,0.1255,0,normal
2025-01-01T00:02:40,1175.67,285.37,70.67,0.1209,1157.02,281.51,69.13,0.1239,0,normal
2025-01-01T00:02:40.500000,1220.6,284.0,72.06,0.1148,1185.62,284.57,79.55,0.1133,0,normal
2025-01-01T00:02:41,1235.14,289.26,72.4,0.1263,1217.86,288.33,71.85,0.1273,0,normal
2025-01-01T00:02:41.500000,1226.32,282.33,70.1,0.1193,1161.6,284.46,75.56,0.1173,0,normal
2025-01-01T00:02:42,1198.97,285.25,73.22,0.1119,1170.88,286.81,75.46,0.117,0,normal
2025-01-01T00:02:42.500000,1154.96,287.65,71.09,0.1157,1170.03,283.42,70.26,0.1068,0,normal
2025-01-01T00:02:43,1221.53,290.45,72.94,0.1159,1190.33,284.94,73.72,0.124,0,normal
2025-01-01T00:02:43.500000,1182.38,285.35,72.66,0.1252,1233.82,291.75,72.24,0.1285,0,normal
2025-01-01T00:02:44,1209.83,281.32,74.02,0.1225,1178.73,280.9,72.85,0.1228,0,normal
2025-01-01T00:02:44.500000,1204.74,286.33,74.45,0.1239,1209.15,293.05,69.03,0.1224,0,normal
2025-01-01T00:02:45,1243.42,284.07,70.78,0.1177,1147.7,278.29,70.93,0.1116,0,normal
2025-01-01T00:02:45.500000,1200.37,288.86,70.69,0.1255,1224.52,293.81,70.11,0.1251,0,normal
2025-01-01T00:02:46,1173.79,288.81,72.25,0.122,1143.57,277.35,73.72,0.1143,0,normal
2025-01-01T00:02:46.500000,1211.12,279.16,73.22,0.1156,1226.51,290.35,69.99,0.1235,0,normal
2025-01-01T00:02:47,1206.25,282.7,70.55,0.1129,1216.78,271.62,72.27,0.1184,0,normal
2025-01-01T00:02:47.500000,1216.3,283.71,71.53,0.1226,1216.08,287.7,73.35,0.1108,0,normal
2025-01-01T00:02:48,1218.16,287.62,70.54,0.1191,1198.11,283.85,72.96,0.1286,0,normal
2025-01-01T00:02:48.500000,1225.96,279.39,72.9,0.1248,1218.57,294.33,77.8,0.1261,0,normal
2025-01-01T00:02:49,1205.98,289.47,72.21,0.1201,1183.13,298.37,69.64,0.1292,0,normal
2025-01-01T00:02:49.500000,1212.0,279.02,72.53,0.1124,1230.02,292.57,70.29,0.1207,0,normal
2025-01-01T00:02:50,1246.9,282.84,70.48,0.1253,1294.2,285.03,74.91,0.128,0,normal
2025-01-01T00:02:50.500000,1182.18,282.93,73.77,0.1261,1227.02,277.48,77.72,0.1168,0,normal
2025-01-01T00:02:51,1191.96,286.46,74.24,0.1231,1219.91,288.96,72.13,0.1233,0,normal
2025-01-01T00:02:51.500000,1139.29,283.73,72.35,0.1159,1218.54,283.25,77.06,0.1294,0,normal
2025-01-01T00:02:52,1188.82,284.36,71.89,0.1184,1209.36,278.52,68.74,0.1237,0,normal
2025-01-01T00:02:52.500000,1215.11,281.56,73.29,0.1177,1212.15,292.01,71.9,0.1227,0,normal
2025-01-01T00:02:53,1187.61,284.16,71.7,0.1173,1191.51,271.76,70.59,0.1183,0,normal
2025-01-01T00:02:53.500000,1193.85,283.97,71.91,0.1217,1241.98,279.44,68.53,0.1137,0,normal
2025-01-01T00:02:54,1188.31,283.5,70.89,0.1153,1178.11,286.55,73.71,0.1167,0,normal
2025-01-01T00:02:54.500000,1190.09,281.04,71.95,0.1169,1227.51,269.73,70.96,0.1218,0,normal
2025-01-01T00:02:55,1204.41,296.51,72.5,0.1164,1195.42,269.81,71.77,0.115,0,normal
2025-01-01T00:02:55.500000,1221.97,282.65,71.83,0.1177,1283.46,282.25,77.28,0.1249,0,normal
2025-01-01T00:02:56,1211.57,286.58,72.57,0.1131,1186.61,292.23,71.86,0.1116,0,normal
2025-01-01T00:02:56.500000,1198.74,292.29,73.8,0.1198,1245.67,281.87,67.09,0.1145,0,normal
2025-01-01T00:02:57,1237.51,283.83,71.65,0.1189,1291.4,298.9,78.39,0.119,0,normal
2025-01-01T00:02:57.500000,1207.09,278.52,74.13,0.1158,1210.41,275.62,70.3,0.115,0,normal
2025-01-01T00:02:58,1185.41,282.7,71.21,0.123,1146.97,286.89,75.51,0.1169,0,normal
2025-01-01T00:02:58.500000,1182.77,284.01,73.7,0.1207,1174.5,289.14,68.83,0.1241,0,normal
2025-01-01T00:02:59,1209.81,283.68,70.79,0.1168,1225.67,295.51,70.16,0.1228,0,normal
2025-01-01T00:02:59.500000,1149.91,282.5,71.96,0.1167,1155.05,279.29,72.84,0.1189,0,normal
2025-01-01T00:03:00,1146.28,275.93,71.13,0.1216,1068.12,280.73,70.48,0.1283,0,normal
2025-01-01T00:03:00.500000,1190.76,286.64,72.2,0.1123,1236.87,286.84,73.46,0.1436,0,normal
2025-01-01T00:03:01,1149.98,292.37,71.59,0.121,1197.82,281.37,70.36,0.122,0,normal
2025-01-01T00:03:01.500000,1163.59,288.21,71.4,0.1159,1178.4,295.75,70.46,0.1222,0,normal
2025-01-01T00:03:02,1182.46,288.24,72.99,0.1267,1191.57,290.72,72.28,0.1278,0,normal
2025-01-01T00:03:02.500000,1182.75,288.18,71.72,0.1198,1204.4,287.16,71.67,0.1213,0,normal
2025-01-01T00:03:03,1237.87,289.21,73.25,0.1184,1157.32,293.17,74.52,0.1288,0,normal
2025-01-01T00:03:03.500000,1185.5,284.02,69.64,0.1186,1247.84,281.01,73.84,0.1189,0,normal
2025-01-01T00:03:04,1207.78,280.09,72.12,0.1092,1191.03,271.06,75.47,0.1247,0,normal
2025-01-01T00:03:04.500000,1211.2,291.5,70.63,0.1263,1244.75,282.98,75.27,0.1134,0,normal
2025-01-01T00:03:05,1180.21,282.4,71.24,0.1162,1258.71,282.79,73.02,0.1166,0,normal
2025-01-01T00:03:05.500000,1156.31,286.15,69.25,0.1198,1134.32,301.99,74.62,0.1206,0,normal
2025-01-01T00:03:06,1230.33,281.38,72.78,0.1207,1212.67,295.88,74.11,0.1217,0,normal
2025-01-01T00:03:06.500000,1160.28,280.9,71.82,0.1203,1145.75,305.62,76.37,0.1236,0,normal
2025-01-01T00:03:07,1201.73,284.09,70.63,0.1203,1212.37,274.38,72.96,0.1191,0,normal
2025-01-01T00:03:07.500000,1154.21,281.32,71.4,0.1268,1226.71,273.58,73.4,0.1107,0,normal
2025-01-01T00:03:08,1225.98,282.99,71.87,0.1248,1138.22,273.05,70.32,0.1262,0,normal
2025-01-01T00:03:08.500000,1163.54,272.89,71.35,0.122,1257.61,281.04,70.82,0.1269,0,normal
2025-01-01T00:03:09,1155.13,283.34,72.27,0.1216,1175.53,285.29,64.83,0.1161,0,normal
2025-01-01T00:03:09.500000,1210.88,280.8,72.08,0.1216,1183.56,286.46,69.23,0.1188,0,normal
2025-01-01T00:03:10,1214.65,285.67,71.16,0.1208,1234.3,267.47,75.34,0.118,0,normal
2025-01-01T00:03:10.500000,1210.21,290.12,70.02,0.1174,1186.15,278.3,77.0,0.1149,0,normal
2025-01-01T00:03:11,1186.67,285.87,70.27,0.1186,1215.24,282.15,71.73,0.1168,0,normal
2025-01-01T00:03:11.500000,1163.65,286.37,74.53,0.1201,1210.81,290.92,68.34,0.1302,0,normal
2025-01-01T00:03:12,1204.86,291.98,70.94,0.1265,1237.21,289.73,72.67,0.1185,0,normal
2025-01-01T00:03:12.500000,1228.81,285.6,69.17,0.116,1191.08,287.65,71.84,0.1273,0,normal
2025-01-01T00:03:13,1153.17,285.61,69.38,0.1227,1195.47,288.59,69.51,0.1277,0,normal
2025-01-01T00:03:13.500000,1225.0,287.49,71.81,0.1221,1166.07,292.32,76.75,0.1264,0,normal
2025-01-01T00:03:14,1182.49,286.55,70.14,0.1221,1221.63,269.01,68.65,0.1183,0,normal
2025-01-01T00:03:14.500000,1192.78,279.83,72.56,0.1209,1190.68,278.54,75.02,0.1299,0,normal
2025-01-01T00:03:15,1188.39,282.38,72.71,0.1187,1193.31,291.32,66.5,0.1279,0,normal
2025-01-01T00:03:15.500000,1201.74,283.24,71.87,0.1199,1116.9,297.78,72.12,0.1227,0,normal
2025-01-01T00:03:16,1222.84,280.63,72.68,0.119,1240.64,266.81,71.71,0.1164,0,normal
2025-01-01T00:03:16.500000,1210.37,287.01,70.98,0.1174,1194.69,277.33,74.42,0.1178,0,normal
2025-01-01T00:03:17,1130.23,283.4,70.5,0.1141,1140.6,285.94,75.83,0.1219,0,normal
2025-01-01T00:03:17.500000,1185.44,286.95,71.34,0.1175,1144.59,270.02,70.88,0.1209,0,normal
2025-01-01T00:03:18,1197.68,283.22,70.64,0.1222,1136.78,291.64,69.11,0.1155,0,normal
2025-01-01T00:03:18.500000,1164.8,282.86,73.4,0.1219,1246.96,289.46,68.82,0.118,0,normal
2025-01-01T00:03:19,1181.28,290.69,70.28,0.1232,1242.86,300.64,70.82,0.1243,0,normal
2025-01-01T00:03:19.500000,1254.76,282.36,69.79,0.1132,1234.21,268.9,70.93,0.1226,0,normal
2025-01-01T00:03:20,1204.44,286.82,72.32,0.1246,1154.29,279.21,69.77,0.125,0,normal
2025-01-01T00:03:20.500000,1221.61,286.93,73.7,0.1158,1280.03,298.02,74.12,0.1307,0,normal
2025-01-01T00:03:21,1160.24,282.76,70.94,0.1226,1149.59,291.48,75.95,0.1242,0,normal
2025-01-01T00:03:21.500000,1206.81,280.78,70.78,0.1245,1237.41,284.67,70.8,0.1078,0,normal
2025-01-01T00:03:22,1174.3,293.17,70.16,0.1207,1248.36,274.27,72.53,0.1256,0,normal
2025-01-01T00:03:22.500000,1200.3,297.26,69.6,0.1238,1191.71,291.6,73.27,0.1156,0,normal
2025-01-01T00:03:23,1205.5,277.06,72.87,0.1211,1230.66,294.05,73.06,0.1209,0,normal
2025-01-01T00:03:23.500000,1178.85,281.96,73.71,0.1252,1188.57,285.39,69.39,0.127,0,normal
2025-01-01T00:03:24,1215.97,293.3,70.74,0.1186,1211.11,290.53,71.38,0.1148,0,normal
2025-01-01T00:03:24.500000,1221.15,288.08,70.68,0.1249,1256.17,286.15,72.23,0.1233,0,normal
2025-01-01T00:03:25,1179.32,285.13,68.9,0.1232,1125.05,297.85,71.05,0.1187,0,normal
2025-01-01T00:03:25.500000,1184.93,283.77,74.04,0.111,1261.29,287.89,68.52,0.1135,0,normal
2025-01-01T00:03:26,1240.23,280.96,70.34,0.1241,1216.25,276.98,72.62,0.1138,0,normal
2025-01-01T00:03:26.500000,1226.42,289.54,72.77,0.1213,1284.54,285.0,68.6,0.1227,0,normal
2025-01-01T00:03:27,1250.07,280.66,71.48,0.1215,1197.41,276.6,75.23,0.1339,0,normal
2025-01-01T00:03:27.500000,1204.71,281.14,69.77,0.1209,1252.99,289.06,71.99,0.1165,0,normal
2025-01-01T00:03:28,1173.79,288.57,73.32,0.1144,1276.31,289.91,76.03,0.1119,0,normal
2025-01-01T00:03:28.500000,1167.22,284.36,72.72,0.1265,1233.89,282.93,69.04,0.1274,0,normal
2025-01-01T00:03:29,1176.85,291.96,71.59,0.1257,1232.59,283.83,70.5,0.118,0,normal
2025-01-01T00:03:29.500000,1210.28,285.33,71.14,0.1194,1203.77,266.8,73.32,0.1141,0,normal
2025-01-01T00:03:30,1172.32,277.79,69.42,0.1151,1165.97,301.7,70.49,0.1211,0,normal
2025-01-01T00:03:30.500000,1209.61,285.56,71.89,0.1157,1269.64,300.45,67.15,0.1139,0,normal
2025-01-01T00:03:31,1193.28,280.88,72.73,0.1174,1303.92,295.18,72.61,0.1262,0,normal
2025-01-01T00:03:31.500000,1226.54,282.59,70.82,0.1203,1241.36,286.19,67.46,0.1152,0,normal
2025-01-01T00:03:32,1198.22,284.68,74.84,0.115,1224.27,297.73,78.54,0.1176,0,normal
2025-01-01T00:03:32.500000,1211.79,287.44,72.28,0.1196,1220.93,263.35,73.96,0.1208,0,normal
2025-01-01T00:03:33,1194.66,293.75,71.03,0.1185,1295.59,277.89,70.42,0.1191,0,normal
2025-01-01T00:03:33.500000,1220.18,285.89,70.14,0.1181,1170.85,284.34,73.23,0.1225,0,normal
2025-01-01T00:03:34,1157.38,289.55,72.36,0.125,1221.32,294.42,73.34,0.1281,0,normal
2025-01-01T00:03:34.500000,1212.53,284.58,75.27,0.1232,1227.54,274.09,68.29,0.1218,0,normal
2025-01-01T00:03:35,1203.49,282.37,72.2,0.1257,1233.38,275.24,71.68,0.1152,0,normal
2025-01-01T00:03:35.500000,1190.7,283.23,71.31,0.1155,1193.87,280.21,63.56,0.1323,0,normal
2025-01-01T00:03:36,1226.13,283.39,72.03,0.1158,1281.39,301.22,72.45,0.1261,0,normal
2025-01-01T00:03:36.500000,1204.21,279.29,71.41,0.1205,1178.18,283.13,71.74,0.1195,0,normal
2025-01-01T00:03:37,1201.25,280.47,70.97,0.1154,1246.94,267.0,75.32,0.1283,0,normal
2025-01-01T00:03:37.500000,1192.75,273.87,71.48,0.1198,1151.49,280.59,76.41,0.124,0,normal
2025-01-01T00:03:38,1177.81,278.17,71.53,0.1192,1223.82,280.42,73.47,0.1316,0,normal
2025-01-01T00:03:38.500000,1219.57,284.79,71.74,0.1187,1256.67,279.64,72.13,0.1203,0,normal
2025-01-01T00:03:39,1187.96,279.13,72.47,0.1198,1224.01,280.44,75.52,0.1147,0,normal
2025-01-01T00:03:39.500000,1241.09,277.53,72.63,0.1217,1161.81,288.63,75.69,0.1067,0,normal
2025-01-01T00:03:40,1212.07,274.34,70.61,0.1259,1172.07,274.96,71.43,0.1324,0,normal
2025-01-01T00:03:40.500000,1156.04,280.51,74.16,0.1267,1195.04,274.41,78.04,0.1296,0,normal
2025-01-01T00:03:41,1216.29,281.53,71.93,0.1194,1215.88,297.41,74.53,0.1135,0,normal
2025-01-01T00:03:41.500000,1233.04,286.34,72.99,0.1253,1146.64,284.69,70.47,0.1106,0,normal
2025-01-01T00:03:42,1208.32,295.74,69.35,0.1199,1230.75,286.05,71.67,0.1122,0,normal
2025-01-01T00:03:42.500000,1205.59,281.76,68.85,0.1243,1246.0,285.44,72.66,0.1264,0,normal
2025-01-01T00:03:43,1205.38,288.86,71.57,0.1247,1215.4,286.66,68.34,0.1217,0,normal
2025-01-01T00:03:43.500000,1180.03,282.27,70.83,0.1162,1301.99,296.38,77.53,0.1127,0,normal
2025-01-01T00:03:44,1201.71,279.47,71.0,0.1167,1259.5,281.61,75.08,0.1236,0,normal
2025-01-01T00:03:44.500000,1255.29,278.68,73.81,0.1241,1153.28,293.61,72.97,0.1186,0,normal
2025-01-01T00:03:45,1180.23,281.93,74.95,0.12,1237.54,278.24,69.75,0.1265,0,normal
2025-01-01T00:03:45.500000,1167.61,283.22,72.05,0.1204,1191.4,288.38,74.0,0.1244,0,normal
2025-01-01T00:03:46,1176.34,283.79,73.72,0.1232,1134.1,288.01,66.3,0.1203,0,normal
2025-01-01T00:03:46.500000,1245.55,280.95,70.8,0.1228,1125.95,279.59,73.72,0.1162,0,normal
2025-01-01T00:03:47,1194.34,288.18,72.61,0.121,1183.72,288.16,71.64,0.1227,0,normal
2025-01-01T00:03:47.500000,1188.07,284.22,70.57,0.1199,1161.07,275.47,72.74,0.1213,0,normal
2025-01-01T00:03:48,1218.79,283.16,72.59,0.122,1221.35,277.94,72.43,0.1222,0,normal
2025-01-01T00:03:48.500000,1200.17,276.08,72.23,0.128,1182.72,278.77,73.08,0.1219,0,normal
2025-01-01T00:03:49,1228.63,279.62,73.05,0.1221,1193.18,287.9,74.96,0.1252,0,normal
2025-01-01T00:03:49.500000,1172.57,288.51,71.91,0.1203,1203.51,283.72,75.43,0.1195,0,normal
2025-01-01T00:03:50,1173.13,283.32,72.26,0.1244,1228.95,277.73,79.16,0.1216,0,normal
2025-01-01T00:03:50.500000,1230.61,284.35,72.77,0.123,1258.47,294.04,74.51,0.1181,0,normal
2025-01-01T00:03:51,1186.28,286.42,73.34,0.1192,1251.13,297.42,69.36,0.115,0,normal
2025-01-01T00:03:51.500000,1196.63,286.32,71.24,0.1249,1220.36,285.34,67.86,0.1121,0,normal
2025-01-01T00:03:52,1206.74,275.88,73.46,0.1194,1355.67,304.73,71.48,0.1194,0,normal
2025-01-01T00:03:52.500000,1223.89,292.28,69.64,0.1136,1170.14,289.98,73.43,0.1264,0,normal
2025-01-01T00:03:53,1171.21,275.1,73.24,0.117,1103.11,286.24,74.28,0.1193,0,normal
2025-01-01T00:03:53.500000,1189.01,284.32,71.47,0.1151,1165.7,289.46,72.93,0.121,0,normal
2025-01-01T00:03:54,1176.12,284.22,68.87,0.1206,1268.59,272.4,70.31,0.122,0,normal
2025-01-01T00:03:54.500000,1230.07,283.08,71.0,0.1129,1204.97,302.46,72.8,0.1199,0,normal
2025-01-01T00:03:55,1207.73,284.95,70.83,0.123,1210.84,285.15,69.19,0.1278,0,normal
2025-01-01T00:03:55.500000,1215.95,282.64,73.44,0.1182,1162.46,278.5,66.9,0.1228,0,normal
2025-01-01T00:03:56,1156.05,279.75,69.01,0.1197,1192.78,282.21,69.0,0.113,0,normal
2025-01-01T00:03:56.500000,1211.14,282.65,72.46,0.1168,1208.69,296.14,73.69,0.1175,0,normal
2025-01-01T00:03:57,1206.17,283.97,72.01,0.1188,1192.11,286.81,69.14,0.1139,0,normal
2025-01-01T00:03:57.500000,1166.67,278.16,70.25,0.1206,1157.15,289.39,72.1,0.1082,0,normal
2025-01-01T00:03:58,1215.72,288.47,70.57,0.1215,1158.89,285.84,68.36,0.1092,0,normal
2025-01-01T00:03:58.500000,1190.81,284.47,71.43,0.1157,1180.8,287.3,71.87,0.1211,0,normal
2025-01-01T00:03:59,1183.92,290.01,70.31,0.1218,1256.73,289.11,71.42,0.1168,0,normal
2025-01-01T00:03:59.500000,1224.87,278.92,70.6,0.1186,1259.41,288.25,69.21,0.1181,0,normal
2025-01-01T00:04:00,1185.26,281.97,73.41,0.1151,1277.22,292.08,75.14,0.1172,0,normal
2025-01-01T00:04:00.500000,1196.4,278.87,71.24,0.1218,1262.21,275.53,70.95,0.1191,0,normal
2025-01-01T00:04:01,1166.5,287.53,70.96,0.1193,1178.31,278.25,71.98,0.1187,0,normal
2025-01-01T00:04:01.500000,1191.08,281.89,72.46,0.126,1206.71,293.52,68.0,0.1209,0,normal
2025-01-01T00:04:02,1173.66,278.69,70.94,0.1243,1245.6,287.08,67.59,0.1188,0,normal
2025-01-01T00:04:02.500000,1207.24,285.75,69.34,0.1168,1196.92,289.59,65.68,0.119,0,normal
2025-01-01T00:04:03,1203.43,288.63,73.0,0.1221,1161.6,268.69,70.87,0.126,0,normal
2025-01-01T00:04:03.500000,1233.44,288.04,72.62,0.1214,1173.31,283.89,76.81,0.1143,0,normal
2025-01-01T00:04:04,1238.75,283.62,73.91,0.1149,1228.12,278.7,67.92,0.1213,0,normal
2025-01-01T00:04:04.500000,1224.23,281.39,69.84,0.1197,1195.8,289.69,74.73,0.1196,0,normal
2025-01-01T00:04:05,1244.53,285.96,71.5,0.1142,1187.39,282.12,74.77,0.1228,0,normal
2025-01-01T00:04:05.500000,1171.7,285.74,72.97,0.1255,1242.6,291.51,72.17,0.1223,0,normal
2025-01-01T00:04:06,1229.99,279.3,71.5,0.1172,1218.2,295.52,70.28,0.1057,0,normal
2025-01-01T00:04:06.500000,1190.11,288.91,72.77,0.1215,1186.56,274.06,73.48,0.115,0,normal
2025-01-01T00:04:07,1252.42,287.44,71.16,0.1178,1195.54,282.95,75.22,0.1211,0,normal
2025-01-01T00:04:07.500000,1182.44,293.08,72.07,0.1228,1170.81,288.1,72.9,0.1087,0,normal
2025-01-01T00:04:08,1248.37,290.52,71.43,0.116,1216.68,285.74,73.02,0.1211,0,normal
2025-01-01T00:04:08.500000,1212.15,291.19,72.82,0.1162,1265.4,299.03,81.08,0.1133,0,normal
2025-01-01T00:04:09,1205.83,276.1,72.8,0.118,1292.33,278.38,67.14,0.1172,0,normal
2025-01-01T00:04:09.500000,1152.59,288.21,69.03,0.1201,1100.27,282.26,76.73,0.1222,0,normal
2025-01-01T00:04:10,1179.28,284.87,72.03,0.1217,1134.39,290.07,64.21,0.1162,0,normal
2025-01-01T00:04:10.500000,1188.28,287.71,72.03,0.1149,1152.72,286.7,71.77,0.1165,0,normal
2025-01-01T00:04:11,1188.46,287.98,71.25,0.1197,1304.16,272.83,66.67,0.1247,0,normal
2025-01-01T00:04:11.500000,1183.71,283.64,70.88,0.1191,1276.73,291.86,74.48,0.1115,0,normal
2025-01-01T00:04:12,1172.37,272.86,70.83,0.1234,1224.81,283.11,71.94,0.1159,0,normal
2025-01-01T00:04:12.500000,1204.91,288.27,69.67,0.1211,1244.76,281.45,74.02,0.1369,0,normal
2025-01-01T00:04:13,1197.5,286.68,70.94,0.1207,1222.09,286.67,69.06,0.1212,0,normal
2025-01-01T00:04:13.500000,1235.09,286.92,73.39,0.1191,1236.0,287.39,69.26,0.1219,0,normal
2025-01-01T00:04:14,1176.2,282.29,72.27,0.1211,1142.92,294.01,73.65,0.1158,0,normal
2025-01-01T00:04:14.500000,1163.1,284.38,71.36,0.1204,1182.57,267.84,70.88,0.1182,0,normal
2025-01-01T00:04:15,1215.21,282.02,74.42,0.1131,1262.94,283.08,74.48,0.1205,0,normal
2025-01-01T00:04:15.500000,1227.35,283.34,70.42,0.1251,1194.55,286.89,75.56,0.1138,0,normal
2025-01-01T00:04:16,1214.29,282.48,71.81,0.1203,1127.99,278.34,75.89,0.1253,0,normal
2025-01-01T00:04:16.500000,1198.5,286.04,71.58,0.1249,1190.38,286.98,75.3,0.1153,0,normal
2025-01-01T00:04:17,1237.41,278.46,74.35,0.1187,1188.35,268.84,70.69,0.1138,0,normal
2025-01-01T00:04:17.500000,1185.42,284.41,73.38,0.1207,1214.77,275.63,69.46,0.1308,0,normal
2025-01-01T00:04:18,1182.36,292.08,71.65,0.12,1251.38,295.87,71.68,0.1177,0,normal
2025-01-01T00:04:18.500000,1198.66,286.44,73.28,0.12,1229.71,299.01,73.1,0.1219,0,normal
2025-01-01T00:04:19,1163.55,273.75,72.56,0.1197,1175.29,287.08,71.83,0.1268,0,normal
2025-01-01T00:04:19.500000,1202.07,281.81,73.43,0.1192,1225.27,280.92,70.13,0.1205,0,normal
2025-01-01T00:04:20,1200.31,287.05,71.61,0.1134,1179.23,291.79,71.14,0.1185,0,normal
2025-01-01T00:04:20.500000,1223.67,281.96,69.78,0.1194,1176.76,276.74,71.49,0.1229,0,normal
2025-01-01T00:04:21,1199.78,286.31,74.61,0.1188,1213.36,280.65,69.56,0.1165,0,normal
2025-01-01T00:04:21.500000,1188.51,286.54,75.38,0.1174,1180.0,284.46,73.14,0.1216,0,normal
2025-01-01T00:04:22,1230.82,274.63,68.56,0.1182,1252.67,271.61,63.34,0.1234,0,normal
2025-01-01T00:04:22.500000,1205.85,280.34,70.58,0.1165,1205.31,279.65,73.42,0.1029,0,normal
2025-01-01T00:04:23,1179.44,280.19,71.63,0.1181,1238.3,269.1,72.13,0.1234,0,normal
2025-01-01T00:04:23.500000,1244.56,282.94,72.47,0.1135,1085.19,292.22,71.98,0.1271,0,normal
2025-01-01T00:04:24,1167.04,287.22,74.69,0.1215,1213.28,285.07,67.48,0.1281,0,normal
2025-01-01T00:04:24.500000,1185.34,287.16,69.75,0.1158,1268.88,282.03,76.19,0.1195,0,normal
2025-01-01T00:04:25,1155.79,288.81,71.15,0.1225,1201.21,271.81,72.47,0.1332,0,normal
2025-01-01T00:04:25.500000,1211.83,284.75,73.55,0.1208,1210.06,275.67,72.67,0.1262,0,normal
2025-01-01T00:04:26,1179.93,291.09,71.87,0.1168,1247.89,282.55,74.19,0.1182,0,normal
2025-01-01T00:04:26.500000,1198.56,287.11,72.42,0.1128,1146.18,292.95,71.62,0.1169,0,normal
2025-01-01T00:04:27,1167.39,280.38,69.09,0.1196,1171.27,276.74,71.8,0.1222,0,normal
2025-01-01T00:04:27.500000,1250.24,278.54,73.67,0.1235,1162.6,286.74,70.68,0.1211,0,normal
2025-01-01T00:04:28,1236.22,287.59,72.73,0.1185,1128.77,283.22,75.48,0.1108,0,normal
2025-01-01T00:04:28.500000,1174.68,285.54,70.58,0.1171,1179.67,273.32,69.19,0.1242,0,normal
2025-01-01T00:04:29,1168.62,278.17,71.09,0.1226,1190.55,281.03,72.13,0.1095,0,normal
2025-01-01T00:04:29.500000,1211.87,286.64,71.41,0.1236,1145.88,294.64,72.44,0.118,0,normal
2025-01-01T00:04:30,1199.52,284.54,73.76,0.1161,1163.4,293.86,70.28,0.1254,0,normal
2025-01-01T00:04:30.500000,1240.79,283.28,72.98,0.1158,1236.23,286.71,73.36,0.1161,0,normal
2025-01-01T00:04:31,1160.13,287.15,69.03,0.1189,1245.18,286.64,77.61,0.1262,0,normal
2025-01-01T00:04:31.500000,1184.31,285.12,71.93,0.1143,1154.86,280.21,66.14,0.1203,0,normal
2025-01-01T00:04:32,1194.02,277.85,72.58,0.1226,1210.9,282.23,73.7,0.1241,0,normal
2025-01-01T00:04:32.500000,1207.38,281.47,72.4,0.1243,1171.36,302.94,70.49,0.1202,0,normal
2025-01-01T00:04:33,1183.86,285.95,69.49,0.118,1147.58,286.16,74.86,0.1239,0,normal
2025-01-01T00:04:33.500000,1143.08,293.73,72.43,0.1172,1207.54,286.51,70.08,0.1212,0,normal
2025-01-01T00:04:34,1185.42,283.27,71.01,0.1148,1207.0,290.0,73.48,0.1249,0,normal
2025-01-01T00:04:34.500000,1207.78,282.72,73.21,0.1151,1156.77,276.76,75.11,0.1257,0,normal
2025-01-01T00:04:35,1211.7,289.58,70.73,0.1213,1193.99,292.24,71.67,0.1177,0,normal
2025-01-01T00:04:35.500000,1212.98,288.75,71.04,0.1198,1149.19,263.64,72.58,0.1237,0,normal
2025-01-01T00:04:36,1206.29,276.67,71.49,0.112,1265.75,275.71,75.62,0.1257,0,normal
2025-01-01T00:04:36.500000,1178.39,280.16,72.5,0.117,1204.92,280.87,66.87,0.1066,0,normal
2025-01-01T00:04:37,1205.44,282.6,71.2,0.1225,1256.33,282.67,71.02,0.123,0,normal
2025-01-01T00:04:37.500000,1167.43,285.95,72.79,0.1224,1107.04,278.49,69.47,0.1206,0,normal
2025-01-01T00:04:38,1211.54,291.4,71.29,0.1182,1255.18,287.54,75.65,0.1217,0,normal
2025-01-01T00:04:38.500000,1172.23,279.3,69.77,0.1224,1257.05,300.81,74.43,0.127,0,normal
2025-01-01T00:04:39,1186.08,280.06,73.22,0.1215,1205.16,288.31,72.93,0.1277,0,normal
2025-01-01T00:04:39.500000,1231.08,287.33,73.22,0.1219,1177.86,291.47,67.98,0.1263,0,normal
2025-01-01T00:04:40,1171.33,286.22,70.78,0.122,1198.37,271.36,73.21,0.1165,0,normal
2025-01-01T00:04:40.500000,1221.15,285.01,72.57,0.1166,1171.71,281.08,74.47,0.1301,0,normal
2025-01-01T00:04:41,1180.68,289.6,68.88,0.1157,1153.98,273.44,67.44,0.1225,0,normal
2025-01-01T00:04:41.500000,1194.86,286.62,72.99,0.121,1231.57,284.41,68.58,0.1263,0,normal
2025-01-01T00:04:42,1185.86,281.0,71.74,0.1167,1179.96,287.94,73.0,0.1146,0,normal
2025-01-01T00:04:42.500000,1188.3,289.59,72.71,0.1275,1256.65,294.78,68.0,0.1246,0,normal
2025-01-01T00:04:43,1198.73,282.64,72.24,0.1234,1224.04,277.49,74.14,0.1162,0,normal
2025-01-01T00:04:43.500000,1205.2,283.7,71.68,0.1228,1150.07,301.63,66.76,0.1164,0,normal
2025-01-01T00:04:44,1208.89,287.5,71.86,0.1198,1219.71,283.02,76.01,0.125,0,normal
2025-01-01T00:04:44.500000,1220.95,280.87,71.89,0.1189,1151.73,288.08,70.45,0.1239,0,normal
2025-01-01T00:04:45,1174.32,292.35,70.71,0.1208,1238.01,280.12,74.46,0.1126,0,normal
2025-01-01T00:04:45.500000,1234.85,285.06,71.14,0.1189,1238.83,280.0,69.84,0.1187,0,normal
2025-01-01T00:04:46,1171.75,292.78,71.18,0.123,1210.05,276.58,71.98,0.1247,0,normal
2025-01-01T00:04:46.500000,1195.48,290.1,73.47,0.1233,1177.94,275.77,70.23,0.1212,0,normal
2025-01-01T00:04:47,1213.1,275.72,71.99,0.1206,1186.68,296.04,73.21,0.1279,0,normal
2025-01-01T00:04:47.500000,1194.82,289.01,74.35,0.1247,1147.58,282.83,71.01,0.1229,0,normal
2025-01-01T00:04:48,1216.47,281.41,72.1,0.1127,1269.21,280.62,72.16,0.1181,0,normal
2025-01-01T00:04:48.500000,1227.5,272.87,71.98,0.1196,1178.23,299.76,69.44,0.1246,0,normal
2025-01-01T00:04:49,1208.55,290.39,71.04,0.1174,1252.61,288.64,67.55,0.1168,0,normal
2025-01-01T00:04:49.500000,1209.27,288.58,71.02,0.1095,1225.11,274.57,66.19,0.103,0,normal
2025-01-01T00:04:50,1219.54,285.55,71.68,0.125,1230.59,298.82,67.99,0.1198,0,normal
2025-01-01T00:04:50.500000,1161.2,284.02,71.64,0.1223,1202.19,290.33,74.03,0.1329,0,normal
2025-01-01T00:04:51,1192.43,280.98,72.35,0.1171,1271.13,282.58,70.37,0.1172,0,normal
2025-01-01T00:04:51.500000,1217.24,284.33,71.08,0.126,1158.9,285.3,73.88,0.1102,0,normal
2025-01-01T00:04:52,1211.53,280.49,73.18,0.1165,1233.25,294.45,74.48,0.1215,0,normal
2025-01-01T00:04:52.500000,1194.45,282.54,74.12,0.1175,1150.22,290.69,69.71,0.1143,0,normal
2025-01-01T00:04:53,1165.35,282.94,71.88,0.1209,1245.66,289.5,71.45,0.1188,0,normal
2025-01-01T00:04:53.500000,1212.24,290.44,72.18,0.1183,1152.34,272.64,73.92,0.1235,0,normal
2025-01-01T00:04:54,1213.86,284.45,74.03,0.1183,1245.85,284.67,70.25,0.1236,0,normal
2025-01-01T00:04:54.500000,1209.83,286.53,72.12,0.1199,1314.64,295.13,74.08,0.1207,0,normal
2025-01-01T00:04:55,1224.17,287.21,72.04,0.1189,1196.12,257.89,72.61,0.1171,0,normal
2025-01-01T00:04:55.500000,1238.22,285.08,70.29,0.1198,1149.79,289.05,72.84,0.1257,0,normal
2025-01-01T00:04:56,1181.02,285.15,70.03,0.1225,1224.91,289.24,72.0,0.1225,0,normal
2025-01-01T00:04:56.500000,1238.5,283.78,72.2,0.1161,1158.32,285.84,75.18,0.1185,0,normal
2025-01-01T00:04:57,1194.34,283.26,71.23,0.1211,1128.13,295.95,70.08,0.1243,0,normal
2025-01-01T00:04:57.500000,1169.52,287.86,72.97,0.1214,1152.27,287.13,68.59,0.1185,0,normal
2025-01-01T00:04:58,1224.71,288.41,72.02,0.1165,1230.99,285.17,65.32,0.1247,0,normal
2025-01-01T00:04:58.500000,1199.42,290.14,70.42,0.1086,1213.4,287.49,67.13,0.1141,0,normal
2025-01-01T00:04:59,1266.13,283.69,73.05,0.1177,1099.67,283.54,71.24,0.1176,0,normal
2025-01-01T00:04:59.500000,1197.25,286.13,71.78,0.1154,1223.34,268.33,66.09,0.1244,0,normal
2025-01-01T00:05:00,1212.17,284.75,69.99,0.1175,1187.39,271.36,69.87,0.1239,0,normal
2025-01-01T00:05:00.500000,1234.26,283.21,73.09,0.1131,1231.65,278.13,72.89,0.1185,0,normal
2025-01-01T00:05:01,1231.69,281.26,72.9,0.119,1192.4,283.43,69.56,0.1199,0,normal
2025-01-01T00:05:01.500000,1198.5,286.03,72.12,0.1229,1244.33,276.02,74.5,0.1129,0,normal
2025-01-01T00:05:02,1214.11,287.65,69.25,0.1203,1177.51,278.51,75.89,0.1161,0,normal
2025-01-01T00:05:02.500000,1180.65,285.32,72.99,0.1195,1255.99,289.54,65.73,0.1168,0,normal
2025-01-01T00:05:03,1186.52,287.05,68.22,0.1292,1225.49,286.27,75.4,0.1341,0,normal
2025-01-01T00:05:03.500000,1220.9,289.06,72.19,0.1195,1177.16,277.94,70.02,0.1119,0,normal
2025-01-01T00:05:04,1198.18,277.8,72.27,0.1199,1207.05,280.54,80.86,0.1282,0,normal
2025-01-01T00:05:04.500000,1170.13,286.0,71.12,0.1163,1135.68,288.7,70.04,0.1258,0,normal
2025-01-01T00:05:05,1223.85,290.87,70.77,0.1217,1230.36,280.95,69.78,0.1297,0,normal
2025-01-01T00:05:05.500000,1205.46,287.72,70.82,0.1156,1172.67,283.94,68.94,0.1199,0,normal
2025-01-01T00:05:06,1159.48,280.21,72.97,0.1222,1181.19,276.3,69.04,0.1178,0,normal
2025-01-01T00:05:06.500000,1215.47,288.97,71.28,0.1158,1212.86,277.96,70.51,0.128,0,normal
2025-01-01T00:05:07,1219.85,285.68,70.17,0.1208,1251.01,281.79,75.89,0.1278,0,normal
2025-01-01T00:05:07.500000,1239.93,286.3,72.85,0.1251,1221.47,280.71,70.71,0.1214,0,normal
2025-01-01T00:05:08,1169.03,284.39,73.58,0.1121,1273.66,294.6,70.68,0.1233,0,normal
2025-01-01T00:05:08.500000,1200.08,290.26,73.42,0.115,1228.19,283.24,72.24,0.1156,0,normal
2025-01-01T00:05:09,1241.96,289.45,70.93,0.1152,1181.49,288.71,72.69,0.1275,0,normal
2025-01-01T00:05:09.500000,1218.96,289.14,72.47,0.115,1190.61,294.06,71.85,0.123,0,normal
2025-01-01T00:05:10,1192.35,280.6,71.82,0.1211,1168.53,282.98,69.29,0.1267,0,normal
2025-01-01T00:05:10.500000,1192.93,291.21,74.2,0.1197,1151.59,267.17,67.76,0.1118,0,normal
2025-01-01T00:05:11,1233.08,285.5,72.56,0.112,1142.5,292.58,72.83,0.1191,0,normal
2025-01-01T00:05:11.500000,1213.56,291.99,71.68,0.1202,1209.24,305.45,65.95,0.1241,0,normal
2025-01-01T00:05:12,1197.24,287.42,71.05,0.1198,1234.15,311.62,74.33,0.1149,0,normal
2025-01-01T00:05:12.500000,1189.83,283.06,69.41,0.1188,1235.18,274.11,75.02,0.1229,0,normal
2025-01-01T00:05:13,1182.38,284.39,74.3,0.1226,1200.42,282.97,72.22,0.1169,0,normal
2025-01-01T00:05:13.500000,1149.49,293.73,72.22,0.1214,1197.22,278.71,71.46,0.1104,0,normal
2025-01-01T00:05:14,1254.65,279.72,70.51,0.1184,1261.83,285.12,68.44,0.1275,0,normal
2025-01-01T00:05:14.500000,1217.54,287.3,73.03,0.1286,1304.88,279.13,76.68,0.1223,0,normal
2025-01-01T00:05:15,1211.98,277.77,71.75,0.1171,1239.75,294.16,66.03,0.1199,0,normal
2025-01-01T00:05:15.500000,1226.92,284.2,73.05,0.1213,1216.4,282.68,68.5,0.1133,0,normal
2025-01-01T00:05:16,1217.02,285.08,71.8,0.1185,1185.35,293.95,71.03,0.112,0,normal
2025-01-01T00:05:16.500000,1217.85,284.12,72.05,0.1258,1199.01,287.47,68.6,0.1187,0,normal
2025-01-01T00:05:17,1214.63,278.35,72.29,0.1204,1201.98,293.87,72.96,0.1289,0,normal
2025-01-01T00:05:17.500000,1176.15,285.58,72.12,0.1162,1245.9,304.88,71.95,0.123,0,normal
2025-01-01T00:05:18,1202.03,281.95,69.38,0.1175,1133.19,299.57,71.67,0.1179,0,normal
2025-01-01T00:05:18.500000,1221.34,280.2,70.9,0.1202,1249.38,289.29,72.72,0.1205,0,normal
2025-01-01T00:05:19,1209.61,285.86,70.52,0.1202,1148.46,285.69,70.62,0.1352,0,normal
2025-01-01T00:05:19.500000,1199.04,279.0,71.81,0.1219,1280.32,279.96,67.44,0.1249,0,normal
2025-01-01T00:05:20,1166.87,283.14,71.63,0.1197,1233.08,279.15,71.21,0.1199,0,normal
2025-01-01T00:05:20.500000,1203.59,285.42,72.63,0.123,1218.85,288.88,67.44,0.1203,0,normal
2025-01-01T00:05:21,1211.51,288.12,71.0,0.1176,1172.44,289.59,74.98,0.1176,0,normal
2025-01-01T00:05:21.500000,1221.79,285.53,71.82,0.1192,1235.84,287.78,78.55,0.1149,0,normal
2025-01-01T00:05:22,1212.43,282.74,70.75,0.12,1206.59,309.95,71.47,0.1132,0,normal
2025-01-01T00:05:22.500000,1206.55,276.13,71.87,0.1201,1238.14,293.32,70.55,0.1191,0,normal
2025-01-01T00:05:23,1181.61,280.18,72.45,0.1154,1180.1,276.49,73.58,0.1308,0,normal
2025-01-01T00:05:23.500000,1168.76,277.08,71.82,0.1201,1210.5,281.18,71.42,0.1222,0,normal
2025-01-01T00:05:24,1224.97,276.64,71.47,0.1208,1155.94,299.8,70.17,0.1198,0,normal
2025-01-01T00:05:24.500000,1213.34,282.47,69.34,0.1185,1249.41,282.12,69.56,0.1256,0,normal
2025-01-01T00:05:25,1192.06,282.82,72.22,0.1228,1314.32,292.07,75.34,0.117,0,normal
2025-01-01T00:05:25.500000,1175.38,285.27,72.15,0.1161,1191.59,288.41,73.04,0.123,0,normal
2025-01-01T00:05:26,1206.98,282.83,71.26,0.1157,1285.67,285.12,71.35,0.1144,0,normal
2025-01-01T00:05:26.500000,1270.46,280.41,71.38,0.1215,1228.81,293.19,77.21,0.123,0,normal
2025-01-01T00:05:27,1174.66,283.9,72.44,0.1274,1132.91,295.28,72.52,0.125,0,normal
2025-01-01T00:05:27.500000,1197.55,281.4,73.08,0.1224,1246.66,284.89,70.27,0.1106,0,normal
2025-01-01T00:05:28,1219.66,286.81,70.61,0.1181,1177.6,272.32,69.65,0.1132,0,normal
2025-01-01T00:05:28.500000,1190.1,281.84,69.66,0.1273,1260.12,278.34,72.78,0.1225,0,normal
2025-01-01T00:05:29,1228.59,281.5,73.57,0.118,1135.88,291.19,75.72,0.1355,0,normal
2025-01-01T00:05:29.500000,1171.21,287.99,71.41,0.1228,1129.42,274.2,69.77,0.1205,0,normal
2025-01-01T00:05:30,1184.61,287.82,73.48,0.1222,1277.7,288.56,68.5,0.1282,0,normal
2025-01-01T00:05:30.500000,1185.48,288.89,74.27,0.1216,1128.18,277.15,75.81,0.119,0,normal
2025-01-01T00:05:31,1201.91,288.24,73.0,0.121,1189.98,282.33,74.47,0.1233,0,normal
2025-01-01T00:05:31.500000,1193.82,289.63,71.81,0.1169,1163.57,276.63,71.22,0.1274,0,normal
2025-01-01T00:05:32,1180.68,285.81,71.05,0.1191,1127.52,283.11,71.44,0.1232,0,normal
2025-01-01T00:05:32.500000,1205.36,279.88,73.56,0.1208,1209.52,284.92,70.51,0.1213,0,normal
2025-01-01T00:05:33,1211.41,277.53,71.22,0.1191,1212.3,295.2,69.78,0.117,0,normal
2025-01-01T00:05:33.500000,1187.7,281.57,71.5,0.1228,1149.42,288.66,67.1,0.1166,0,normal
2025-01-01T00:05:34,1192.09,292.16,71.6,0.1121,1104.05,285.29,73.77,0.1223,0,normal
2025-01-01T00:05:34.500000,1204.02,289.97,71.22,0.1232,1121.66,277.26,66.8,0.1184,0,normal
2025-01-01T00:05:35,1198.89,285.49,72.09,0.1167,1190.87,272.2,75.93,0.1182,0,normal
2025-01-01T00:05:35.500000,1188.27,291.79,70.21,0.1159,1147.38,284.42,73.24,0.1244,0,normal
2025-01-01T00:05:36,1261.73,275.38,72.88,0.118,1171.85,279.7,69.38,0.1301,0,normal
2025-01-01T00:05:36.500000,1220.22,285.1,73.95,0.1146,1136.13,266.38,69.99,0.121,0,normal
2025-01-01T00:05:37,1202.47,285.64,69.97,0.1229,1211.5,291.27,66.55,0.1219,0,normal
2025-01-01T00:05:37.500000,1171.49,283.3,72.77,0.1203,1159.13,285.05,67.59,0.1269,0,normal
2025-01-01T00:05:38,1195.07,289.78,71.24,0.1181,1163.32,292.49,69.96,0.1239,0,normal
2025-01-01T00:05:38.500000,1190.82,276.55,71.18,0.1158,1201.63,274.82,74.67,0.1195,0,normal
2025-01-01T00:05:39,1195.74,287.8,73.39,0.1199,1162.98,269.83,70.02,0.1163,0,normal
2025-01-01T00:05:39.500000,1202.57,283.52,72.99,0.1178,1197.26,295.12,72.98,0.1196,0,normal
2025-01-01T00:05:40,1185.55,282.29,70.78,0.1181,1236.27,283.1,68.11,0.1306,0,normal
2025-01-01T00:05:40.500000,1207.68,278.99,71.36,0.1204,1281.82,275.53,74.81,0.1284,0,normal
2025-01-01T00:05:41,1184.91,283.81,70.51,0.1193,1198.24,290.64,75.14,0.1155,0,normal
2025-01-01T00:05:41.500000,1152.78,284.91,72.42,0.1209,1184.32,286.07,76.36,0.1223,0,normal
2025-01-01T00:05:42,1191.04,282.86,71.76,0.1259,1191.2,284.83,70.61,0.1266,0,normal
2025-01-01T00:05:42.500000,1247.04,286.93,72.12,0.1201,1085.55,291.37,72.39,0.1226,0,normal
2025-01-01T00:05:43,1182.92,283.36,71.41,0.1237,1181.82,302.81,73.24,0.1123,0,normal
2025-01-01T00:05:43.500000,1196.91,282.21,68.84,0.1258,1233.75,289.56,72.48,0.1117,0,normal
2025-01-01T00:05:44,1188.39,288.6,70.49,0.1109,1189.1,283.79,72.39,0.1244,0,normal
2025-01-01T00:05:44.500000,1215.3,286.11,73.72,0.1145,1224.22,290.36,68.43,0.111,0,normal
2025-01-01T00:05:45,1182.1,282.17,73.08,0.1178,1158.9,279.77,75.22,0.1201,0,normal
2025-01-01T00:05:45.500000,1195.7,284.53,73.86,0.1173,1263.14,286.8,71.54,0.135,0,normal
2025-01-01T00:05:46,1174.66,283.49,70.23,0.1234,1281.08,299.28,75.52,0.1188,0,normal
2025-01-01T00:05:46.500000,1191.23,277.86,74.93,0.1217,1176.39,296.35,69.2,0.1224,0,normal
2025-01-01T00:05:47,1195.86,287.73,71.91,0.1148,1203.63,293.97,71.92,0.1247,0,normal
2025-01-01T00:05:47.500000,1174.91,284.89,71.1,0.1227,1201.51,290.9,75.13,0.1241,0,normal
2025-01-01T00:05:48,1206.55,280.73,72.0,0.1181,1183.48,281.8,69.18,0.1083,0,normal
2025-01-01T00:05:48.500000,1183.96,285.83,70.06,0.1201,1291.21,293.75,76.73,0.1223,0,normal
2025-01-01T00:05:49,1228.02,281.91,71.07,0.1101,1256.93,298.17,70.41,0.1185,0,normal
2025-01-01T00:05:49.500000,1181.91,286.64,73.62,0.1137,1219.65,282.63,72.33,0.1228,0,normal
2025-01-01T00:05:50,1195.48,284.56,71.69,0.1235,1220.1,286.89,68.34,0.1177,0,normal
2025-01-01T00:05:50.500000,1221.57,285.16,72.95,0.1264,1249.85,285.8,70.53,0.1047,0,normal
2025-01-01T00:05:51,1195.96,283.61,72.56,0.1194,1184.62,269.79,69.29,0.1229,0,normal
2025-01-01T00:05:51.500000,1241.18,284.58,72.47,0.1234,1161.08,288.14,69.87,0.1252,0,normal
2025-01-01T00:05:52,1203.63,286.28,70.87,0.1225,1300.07,276.38,71.02,0.1214,0,normal
2025-01-01T00:05:52.500000,1218.87,282.61,67.92,0.1249,1236.5,270.1,70.25,0.1294,0,normal
2025-01-01T00:05:53,1234.75,289.01,71.75,0.1203,1193.72,294.65,69.48,0.1152,0,normal
2025-01-01T00:05:53.500000,1224.25,284.81,73.98,0.1176,1197.37,277.11,72.02,0.1111,0,normal
2025-01-01T00:05:54,1188.3,278.86,73.0,0.1226,1116.95,296.4,79.19,0.1203,0,normal
2025-01-01T00:05:54.500000,1184.61,297.07,70.1,0.1201,1208.62,296.5,73.04,0.117,0,normal
2025-01-01T00:05:55,1177.17,283.54,70.55,0.1202,1172.92,272.23,75.61,0.117,0,normal
2025-01-01T00:05:55.500000,1169.56,284.28,72.1,0.1137,1215.92,276.05,76.93,0.1231,0,normal
2025-01-01T00:05:56,1190.4,281.81,71.85,0.1222,1198.78,283.14,72.17,0.1164,0,normal
2025-01-01T00:05:56.500000,1191.76,276.08,73.4,0.1211,1162.87,301.23,72.25,0.1138,0,normal
2025-01-01T00:05:57,1220.56,286.7,72.57,0.1185,1221.62,282.76,73.6,0.1086,0,normal
2025-01-01T00:05:57.500000,1189.59,292.36,70.9,0.1178,1178.5,274.61,65.64,0.1186,0,normal
2025-01-01T00:05:58,1203.26,284.78,71.79,0.1202,1249.1,283.37,70.35,0.1183,0,normal
2025-01-01T00:05:58.500000,1213.9,291.04,71.1,0.1204,1216.24,276.51,72.06,0.1112,0,normal
2025-01-01T00:05:59,1157.54,286.57,71.45,0.1207,1199.14,276.65,71.87,0.1126,0,normal
2025-01-01T00:05:59.500000,1233.38,279.2,71.72,0.1162,1227.38,282.17,70.51,0.1251,0,normal
2025-01-01T00:06:00,1200.71,287.21,70.59,0.1149,1205.15,282.27,73.8,0.1195,0,normal
2025-01-01T00:06:00.500000,1204.92,278.06,74.72,0.1194,1233.48,277.85,72.89,0.1122,0,normal
2025-01-01T00:06:01,1210.85,283.48,72.04,0.1225,1140.84,279.15,73.32,0.1326,0,normal
2025-01-01T00:06:01.500000,1196.69,287.53,71.85,0.127,1116.13,285.81,67.32,0.105,0,normal
2025-01-01T00:06:02,1207.14,285.6,71.59,0.1196,1348.72,282.79,73.47,0.1161,0,normal
2025-01-01T00:06:02.500000,1207.09,283.98,71.41,0.1265,1256.5,286.17,65.36,0.1178,0,normal
2025-01-01T00:06:03,1264.87,284.01,73.59,0.1252,1210.51,277.8,64.99,0.1241,0,normal
2025-01-01T00:06:03.500000,1180.45,285.75,70.2,0.119,1201.62,287.3,68.79,0.1272,0,normal
2025-01-01T00:06:04,1185.67,277.84,71.84,0.1201,1207.71,296.65,71.32,0.1193,0,normal
2025-01-01T00:06:04.500000,1173.52,288.51,72.27,0.1185,1108.58,297.35,68.46,0.1165,0,normal
2025-01-01T00:06:05,1208.6,279.88,69.85,0.1124,1234.61,280.34,80.43,0.114,0,normal
2025-01-01T00:06:05.500000,1177.89,282.58,72.35,0.1183,1229.39,276.63,68.02,0.1092,0,normal
2025-01-01T00:06:06,1146.63,282.79,71.57,0.1177,1259.68,295.5,71.04,0.1092,0,normal
2025-01-01T00:06:06.500000,1186.4,282.44,71.05,0.1175,1168.63,281.7,70.17,0.1212,0,normal
2025-01-01T00:06:07,1208.65,281.11,73.83,0.1165,1122.35,288.26,69.65,0.1219,0,normal
2025-01-01T00:06:07.500000,1142.31,290.95,72.97,0.1146,1129.02,299.3,69.88,0.115,0,normal
2025-01-01T00:06:08,1145.61,283.5,71.67,0.1226,1132.84,272.0,73.3,0.126,0,normal
2025-01-01T00:06:08.500000,1162.29,289.62,72.05,0.1239,1196.63,263.43,71.56,0.1264,0,normal
2025-01-01T00:06:09,1178.55,283.34,71.75,0.1096,1280.22,277.29,73.46,0.1195,0,normal
2025-01-01T00:06:09.500000,1230.18,286.74,71.66,0.1168,1238.3,268.98,73.86,0.1134,0,normal
2025-01-01T00:06:10,1230.05,285.69,72.93,0.1203,1115.89,277.64,73.94,0.121,0,normal
2025-01-01T00:06:10.500000,1228.34,286.72,70.61,0.1171,1204.94,265.21,76.82,0.1227,0,normal
2025-01-01T00:06:11,1229.45,278.24,73.79,0.128,1136.6,291.6,72.0,0.1107,0,normal
2025-01-01T00:06:11.500000,1211.83,288.56,71.13,0.1242,1120.0,272.22,72.39,0.1202,0,normal
2025-01-01T00:06:12,1182.8,288.46,72.76,0.1231,1194.09,290.15,70.72,0.1323,0,normal
2025-01-01T00:06:12.500000,1180.5,294.0,72.05,0.115,1265.67,286.08,74.45,0.1273,0,normal
2025-01-01T00:06:13,1208.11,282.47,73.41,0.12,1232.92,266.59,73.29,0.1162,0,normal
2025-01-01T00:06:13.500000,1239.68,287.66,72.35,0.1218,1152.07,298.88,77.74,0.1224,0,normal
2025-01-01T00:06:14,1238.17,282.57,70.85,0.1201,1220.88,281.63,73.55,0.1218,0,normal
2025-01-01T00:06:14.500000,1176.04,287.22,73.24,0.1206,1255.33,274.59,73.35,0.113,0,normal
2025-01-01T00:06:15,1173.26,282.3,70.64,0.118,1189.72,292.16,71.08,0.1105,0,normal
2025-01-01T00:06:15.500000,1227.36,281.42,71.92,0.1216,1209.58,294.36,73.38,0.1148,0,normal
2025-01-01T00:06:16,1252.29,285.83,71.79,0.1235,1211.97,288.41,79.18,0.1183,0,normal
2025-01-01T00:06:16.500000,1192.37,285.5,73.54,0.1146,1105.65,279.98,67.29,0.1175,0,normal
2025-01-01T00:06:17,1212.06,281.19,69.95,0.1202,1241.4,270.51,74.36,0.1249,0,normal
2025-01-01T00:06:17.500000,1222.9,290.21,75.17,0.1187,1205.26,281.44,72.01,0.1292,0,normal
2025-01-01T00:06:18,1167.72,281.32,73.98,0.1237,1182.57,292.31,72.98,0.129,0,normal
2025-01-01T00:06:18.500000,1201.79,289.38,75.8,0.1222,1202.37,291.18,70.95,0.1343,0,normal
2025-01-01T00:06:19,1204.32,283.83,70.8,0.1239,1241.62,280.75,73.66,0.1109,0,normal
2025-01-01T00:06:19.500000,1204.44,286.94,74.46,0.1172,1138.64,277.34,68.15,0.128,0,normal
2025-01-01T00:06:20,1237.17,286.37,73.76,0.1205,1195.43,282.15,71.11,0.1107,0,normal
2025-01-01T00:06:20.500000,1206.34,284.83,73.07,0.1203,1192.19,277.55,72.21,0.1244,0,normal
2025-01-01T00:06:21,1172.56,285.37,72.34,0.1174,1171.78,286.97,68.74,0.1221,0,normal
2025-01-01T00:06:21.500000,1178.51,289.54,75.37,0.1169,1225.64,278.79,75.0,0.1124,0,normal
2025-01-01T00:06:22,1211.53,281.27,71.7,0.1163,1239.47,277.84,73.59,0.1179,0,normal
2025-01-01T00:06:22.500000,1197.25,285.63,70.9,0.1208,1273.46,278.35,75.37,0.129,0,normal
2025-01-01T00:06:23,1180.41,278.78,72.43,0.118,1289.69,285.3,69.69,0.1131,0,normal
2025-01-01T00:06:23.500000,1226.16,282.56,72.06,0.1234,1176.76,284.61,71.95,0.1241,0,normal
2025-01-01T00:06:24,1214.18,284.06,72.09,0.1187,1129.07,287.2,77.45,0.1147,0,normal
2025-01-01T00:06:24.500000,1181.45,281.28,73.04,0.1216,1192.39,277.15,72.27,0.1106,0,normal
2025-01-01T00:06:25,1203.44,288.73,70.2,0.1145,1275.81,279.77,75.27,0.1191,0,normal
2025-01-01T00:06:25.500000,1196.11,286.87,70.73,0.1205,1181.69,273.71,72.97,0.1184,0,normal
2025-01-01T00:06:26,1196.23,279.83,74.29,0.1232,1246.28,282.39,67.02,0.1317,0,normal
2025-01-01T00:06:26.500000,1198.53,281.8,72.6,0.1242,1198.89,295.93,75.12,0.1135,0,normal
2025-01-01T00:06:27,1183.83,289.09,68.09,0.1195,1131.32,280.93,71.14,0.1179,0,normal
2025-01-01T00:06:27.500000,1186.75,280.31,75.3,0.1267,1144.22,298.53,70.85,0.1208,0,normal
2025-01-01T00:06:28,1198.48,282.18,73.42,0.1205,1177.13,273.85,69.43,0.1102,0,normal
2025-01-01T00:06:28.500000,1200.29,279.88,71.62,0.1249,1257.57,284.72,71.75,0.1313,0,normal
2025-01-01T00:06:29,1212.5,283.6,69.95,0.1214,1239.81,279.6,72.84,0.1178,0,normal
2025-01-01T00:06:29.500000,1195.58,274.36,71.68,0.1235,1169.69,285.45,69.82,0.1222,0,normal
2025-01-01T00:06:30,1194.8,280.98,73.92,0.1233,1170.96,289.26,73.55,0.1239,0,normal
2025-01-01T00:06:30.500000,1159.34,289.3,71.18,0.1187,1326.62,287.58,70.89,0.1068,0,normal
2025-01-01T00:06:31,1233.35,279.25,70.56,0.1188,1267.99,291.61,71.55,0.1218,0,normal
2025-01-01T00:06:31.500000,1185.59,285.6,72.11,0.1235,1246.42,289.22,70.96,0.1245,0,normal
2025-01-01T00:06:32,1197.79,280.37,71.42,0.1203,1243.69,283.43,68.52,0.1203,0,normal
2025-01-01T00:06:32.500000,1202.72,285.79,73.32,0.1237,1171.48,279.73,69.0,0.1242,0,normal
2025-01-01T00:06:33,1234.77,283.65,71.65,0.1253,1224.27,288.73,68.57,0.1241,0,normal
2025-01-01T00:06:33.500000,1177.7,280.15,71.5,0.1179,1189.36,272.68,74.76,0.1268,0,normal
2025-01-01T00:06:34,1153.26,289.18,70.83,0.1231,1196.71,285.25,71.47,0.1273,0,normal
2025-01-01T00:06:34.500000,1170.25,287.6,73.59,0.1226,1311.59,280.48,74.76,0.1194,0,normal
2025-01-01T00:06:35,1229.6,284.97,71.44,0.1247,1176.41,272.92,70.51,0.1237,0,normal
2025-01-01T00:06:35.500000,1233.41,285.48,73.9,0.1151,1178.72,282.53,71.67,0.1205,0,normal
2025-01-01T00:06:36,1216.58,283.1,72.2,0.1198,1155.56,284.03,71.59,0.119,0,normal
2025-01-01T00:06:36.500000,1200.76,285.32,71.38,0.1246,1143.86,278.84,80.01,0.1138,0,normal
2025-01-01T00:06:37,1167.51,288.14,69.01,0.1192,1303.0,271.79,66.29,0.111,0,normal
2025-01-01T00:06:37.500000,1221.56,289.81,71.26,0.1225,1266.73,300.28,71.29,0.1062,0,normal
2025-01-01T00:06:38,1180.3,283.18,71.63,0.1193,1253.71,295.9,71.51,0.1266,0,normal
2025-01-01T00:06:38.500000,1208.58,285.28,73.31,0.1203,1298.77,272.7,70.52,0.1192,0,normal
2025-01-01T00:06:39,1210.55,290.42,71.96,0.1149,1240.44,291.45,66.41,0.12,0,normal
2025-01-01T00:06:39.500000,1161.84,282.16,70.7,0.1229,1205.61,274.01,74.53,0.1114,0,normal
2025-01-01T00:06:40,1207.92,281.52,71.47,0.1218,1225.03,296.43,71.76,0.1218,0,normal
2025-01-01T00:06:40.500000,1189.49,285.78,72.63,0.1196,1113.42,287.83,73.05,0.1159,0,normal
2025-01-01T00:06:41,1169.17,291.31,72.71,0.1192,1145.42,277.97,75.75,0.1208,0,normal
2025-01-01T00:06:41.500000,1186.79,287.18,70.83,0.1254,1264.93,281.01,70.19,0.1043,0,normal
2025-01-01T00:06:42,1164.44,279.27,72.19,0.1188,1135.42,282.6,73.46,0.1232,0,normal
2025-01-01T00:06:42.500000,1154.41,284.45,70.01,0.1232,1237.64,277.32,69.79,0.1172,0,normal
2025-01-01T00:06:43,1145.93,286.44,71.61,0.1235,1147.28,279.71,67.66,0.114,0,normal
2025-01-01T00:06:43.500000,1171.63,289.26,70.99,0.1204,1181.72,274.15,71.52,0.1236,0,normal
2025-01-01T00:06:44,1171.01,288.46,70.78,0.1183,1225.47,279.33,72.11,0.1181,0,normal
2025-01-01T00:06:44.500000,1203.1,274.82,69.37,0.1222,1249.78,277.22,71.3,0.1218,0,normal
2025-01-01T00:06:45,1216.64,276.33,70.72,0.1188,1233.75,306.36,71.34,0.1116,0,normal
2025-01-01T00:06:45.500000,1209.65,290.65,72.16,0.1167,1245.98,290.67,69.04,0.1223,0,normal
2025-01-01T00:06:46,1223.93,290.05,71.9,0.1187,1258.91,274.65,73.26,0.1118,0,normal
2025-01-01T00:06:46.500000,1225.57,283.9,73.83,0.1218,1141.29,297.18,76.47,0.1253,0,normal
2025-01-01T00:06:47,1181.72,283.69,72.21,0.1175,1281.23,286.23,64.21,0.122,0,normal
2025-01-01T00:06:47.500000,1191.64,284.68,71.47,0.1229,1253.75,287.42,71.02,0.1198,0,normal
2025-01-01T00:06:48,1200.47,281.57,72.83,0.1217,1273.94,295.73,70.03,0.1249,0,normal
2025-01-01T00:06:48.500000,1177.18,287.98,71.26,0.1163,1213.44,262.13,66.96,0.1189,0,normal
2025-01-01T00:06:49,1201.98,283.42,69.73,0.1171,1218.78,289.97,71.95,0.1269,0,normal
2025-01-01T00:06:49.500000,1209.54,281.8,71.6,0.1149,1194.81,294.51,73.97,0.1284,0,normal
2025-01-01T00:06:50,1192.73,290.75,71.72,0.1253,1198.95,291.05,76.25,0.1188,0,normal
2025-01-01T00:06:50.500000,1205.24,290.51,71.81,0.1152,1302.86,280.98,72.46,0.1269,0,normal
2025-01-01T00:06:51,1185.4,280.69,72.37,0.1135,1186.18,287.1,71.22,0.1107,0,normal
2025-01-01T00:06:51.500000,1238.26,285.44,74.06,0.1191,1157.76,287.3,71.38,0.1129,0,normal
2025-01-01T00:06:52,1235.27,282.34,69.35,0.1248,1175.79,279.8,66.92,0.1304,0,normal
2025-01-01T00:06:52.500000,1169.05,285.25,73.31,0.1215,1197.14,270.45,69.67,0.1211,0,normal
2025-01-01T00:06:53,1181.11,285.87,72.98,0.1235,1141.14,303.78,74.21,0.12,0,normal
2025-01-01T00:06:53.500000,1226.15,295.11,69.93,0.1192,1085.84,286.65,73.05,0.1198,0,normal
2025-01-01T00:06:54,1184.29,276.24,72.54,0.1252,1171.63,288.76,67.48,0.1227,0,normal
2025-01-01T00:06:54.500000,1190.56,281.74,70.91,0.1186,1218.36,273.78,70.86,0.1198,0,normal
2025-01-01T00:06:55,1173.62,292.68,70.77,0.1176,1153.04,300.38,73.59,0.1144,0,normal
2025-01-01T00:06:55.500000,1226.55,285.86,72.37,0.1188,1164.03,287.89,70.43,0.1309,0,normal
2025-01-01T00:06:56,1169.54,291.57,71.84,0.1211,1239.99,279.61,74.49,0.1038,0,normal
2025-01-01T00:06:56.500000,1182.72,281.05,70.19,0.1192,1218.52,291.01,72.69,0.116,0,normal
2025-01-01T00:06:57,1208.86,285.53,73.35,0.1228,1201.46,277.33,70.12,0.1167,0,normal
2025-01-01T00:06:57.500000,1192.43,286.15,73.03,0.1198,1200.77,286.23,70.51,0.1144,0,normal
2025-01-01T00:06:58,1157.87,282.03,72.68,0.1175,1188.59,288.99,73.5,0.1135,0,normal
2025-01-01T00:06:58.500000,1223.93,289.82,70.37,0.117,1257.17,283.74,65.61,0.1116,0,normal
2025-01-01T00:06:59,1194.02,280.03,71.4,0.1201,1270.19,282.52,75.09,0.1286,0,normal
2025-01-01T00:06:59.500000,1234.42,286.22,69.17,0.1217,1250.32,284.31,77.02,0.1252,0,normal
2025-01-01T00:07:00,1213.64,289.64,72.48,0.111,1176.04,295.24,69.67,0.1187,0,normal
2025-01-01T00:07:00.500000,1174.92,292.63,74.42,0.1168,1207.07,279.18,73.77,0.1231,0,normal
2025-01-01T00:07:01,1219.48,286.42,76.23,0.1163,1117.89,281.64,67.48,0.111,0,normal
2025-01-01T00:07:01.500000,1175.97,281.06,70.63,0.1219,1175.7,283.47,74.58,0.1154,0,normal
2025-01-01T00:07:02,1193.65,286.56,69.2,0.1114,1216.61,289.21,77.94,0.1209,0,normal
2025-01-01T00:07:02.500000,1219.67,284.16,72.43,0.126,1098.05,288.54,78.15,0.1217,0,normal
2025-01-01T00:07:03,1239.61,282.31,71.95,0.1201,1093.56,275.01,68.84,0.1249,0,normal
2025-01-01T00:07:03.500000,1220.93,286.39,73.19,0.1194,1257.69,285.08,72.17,0.1184,0,normal
2025-01-01T00:07:04,1216.43,283.2,73.41,0.1159,1147.25,290.88,71.74,0.1173,0,normal
2025-01-01T00:07:04.500000,1221.36,282.4,71.71,0.125,1273.88,298.44,71.19,0.1274,0,normal
2025-01-01T00:07:05,1177.23,281.12,68.62,0.126,1158.53,283.92,69.38,0.1242,0,normal
2025-01-01T00:07:05.500000,1190.98,279.42,72.64,0.1148,1159.8,266.99,67.9,0.1211,0,normal
2025-01-01T00:07:06,1152.85,278.67,72.0,0.118,1295.62,300.68,69.5,0.1233,0,normal
2025-01-01T00:07:06.500000,1217.98,282.45,69.85,0.12,1191.7,281.27,73.27,0.1155,0,normal
2025-01-01T00:07:07,1172.35,285.47,72.56,0.1158,1244.55,269.86,70.34,0.1185,0,normal
2025-01-01T00:07:07.500000,1184.73,282.58,74.69,0.1169,1317.18,288.74,72.27,0.1229,0,normal
2025-01-01T00:07:08,1260.72,280.75,70.39,0.1173,1201.54,270.24,72.06,0.1302,0,normal
2025-01-01T00:07:08.500000,1203.63,283.75,71.11,0.1232,1160.36,300.79,77.57,0.1215,0,normal
2025-01-01T00:07:09,1199.72,289.41,73.58,0.1171,1174.73,273.69,73.18,0.124,0,normal
2025-01-01T00:07:09.500000,1167.6,283.05,70.06,0.1168,1226.45,278.73,71.13,0.1102,0,normal
2025-01-01T00:07:10,1204.49,284.81,70.95,0.1193,1208.65,278.03,67.75,0.1308,0,normal
2025-01-01T00:07:10.500000,1184.8,284.59,73.46,0.1327,1140.26,288.85,69.96,0.1168,0,normal
2025-01-01T00:07:11,1182.71,280.19,71.94,0.1147,1245.45,285.47,73.22,0.1172,0,normal
2025-01-01T00:07:11.500000,1191.19,286.23,70.32,0.1187,1158.74,277.39,65.92,0.128,0,normal
2025-01-01T00:07:12,1183.52,289.97,73.54,0.1154,1147.76,306.89,77.04,0.1198,0,normal
2025-01-01T00:07:12.500000,1206.18,282.3,72.62,0.1174,1102.45,273.7,72.06,0.1132,0,normal
2025-01-01T00:07:13,1198.39,280.41,70.87,0.1231,1211.88,284.92,74.53,0.1229,0,normal
2025-01-01T00:07:13.500000,1234.72,283.03,71.38,0.1153,1179.41,293.25,75.74,0.1258,0,normal
2025-01-01T00:07:14,1156.94,289.63,69.35,0.1232,1182.35,291.01,68.16,0.127,0,normal
2025-01-01T00:07:14.500000,1164.84,282.14,70.56,0.1137,1204.54,300.44,79.68,0.1206,0,normal
2025-01-01T00:07:15,1226.8,285.99,72.72,0.1188,1209.36,289.6,70.33,0.1195,0,normal
2025-01-01T00:07:15.500000,1198.6,288.53,70.46,0.1198,1291.78,294.95,75.89,0.1201,0,normal
2025-01-01T00:07:16,1207.7,289.28,74.25,0.113,1136.86,296.2,71.2,0.116,0,normal
2025-01-01T00:07:16.500000,1169.9,282.63,69.98,0.1275,1198.92,284.5,73.69,0.1258,0,normal
2025-01-01T00:07:17,1222.7,289.59,71.09,0.1189,1236.91,280.49,71.99,0.1224,0,normal
2025-01-01T00:07:17.500000,1218.84,277.4,73.03,0.1192,1233.96,291.64,76.63,0.1281,0,normal
2025-01-01T00:07:18,1232.32,291.17,72.42,0.1201,1241.9,291.26,71.11,0.1224,0,normal
2025-01-01T00:07:18.500000,1199.16,281.35,73.86,0.1202,1298.34,271.1,70.4,0.1202,0,normal
2025-01-01T00:07:19,1227.3,286.71,72.45,0.1159,1144.47,287.76,68.07,0.1168,0,normal
2025-01-01T00:07:19.500000,1212.02,280.8,74.31,0.1244,1124.57,277.03,65.42,0.1153,0,normal
2025-01-01T00:07:20,1218.39,283.23,72.66,0.1145,1238.3,280.25,72.04,0.1194,0,normal
2025-01-01T00:07:20.500000,1169.48,280.07,73.39,0.1214,1250.4,287.78,72.41,0.1096,0,normal
2025-01-01T00:07:21,1193.51,284.88,74.81,0.1225,1273.73,290.11,69.95,0.1207,0,normal
2025-01-01T00:07:21.500000,1205.67,280.99,71.45,0.1193,1277.07,267.21,75.47,0.1144,0,normal
2025-01-01T00:07:22,1167.07,290.04,73.05,0.1245,1238.43,302.61,73.61,0.1191,0,normal
2025-01-01T00:07:22.500000,1208.23,290.32,70.88,0.1177,1185.17,267.01,72.4,0.1087,0,normal
2025-01-01T00:07:23,1201.27,288.7,71.31,0.126,1129.9,295.19,73.94,0.1097,0,normal
2025-01-01T00:07:23.500000,1265.06,284.73,70.74,0.1149,1189.44,283.91,72.3,0.1182,0,normal
2025-01-01T00:07:24,1215.2,283.34,69.21,0.1195,1086.36,288.02,69.18,0.121,0,normal
2025-01-01T00:07:24.500000,1231.54,280.94,73.53,0.1184,1284.15,281.88,69.58,0.1241,0,normal
2025-01-01T00:07:25,1189.54,281.4,71.31,0.1198,1264.42,268.46,72.07,0.1237,0,normal
2025-01-01T00:07:25.500000,1204.64,290.6,71.89,0.1193,1228.43,285.85,70.88,0.1231,0,normal
2025-01-01T00:07:26,1184.34,282.39,71.24,0.1249,1045.39,288.38,72.1,0.1099,0,normal
2025-01-01T00:07:26.500000,1207.43,287.03,72.85,0.1105,1265.59,278.69,73.98,0.1244,0,normal
2025-01-01T00:07:27,1178.96,287.82,71.44,0.1125,1256.05,278.37,69.54,0.1176,0,normal
2025-01-01T00:07:27.500000,1206.53,284.76,72.79,0.1152,1164.37,284.01,77.47,0.1193,0,normal
2025-01-01T00:07:28,1226.05,285.16,71.3,0.1191,1191.92,290.16,75.96,0.1222,0,normal
2025-01-01T00:07:28.500000,1228.49,280.88,71.4,0.1174,1215.09,281.93,74.1,0.1144,0,normal
2025-01-01T00:07:29,1201.03,287.94,69.03,0.1276,1186.41,267.69,72.46,0.1202,0,normal
2025-01-01T00:07:29.500000,1198.03,289.24,73.08,0.1211,1221.61,284.11,77.11,0.1111,0,normal
2025-01-01T00:07:30,1203.35,285.28,73.17,0.117,1116.3,286.34,72.81,0.1289,0,normal
2025-01-01T00:07:30.500000,1169.51,289.94,75.41,0.1186,1138.03,281.52,72.04,0.1234,0,normal
2025-01-01T00:07:31,1185.81,291.65,70.4,0.1137,1253.12,265.55,71.41,0.1387,0,normal
2025-01-01T00:07:31.500000,1199.71,280.21,71.92,0.1198,1207.71,290.66,69.01,0.1301,0,normal
2025-01-01T00:07:32,1205.88,288.11,71.1,0.1246,1187.66,287.37,69.31,0.114,0,normal
2025-01-01T00:07:32.500000,1216.52,283.1,70.77,0.1177,1233.55,279.62,71.66,0.1201,0,normal
2025-01-01T00:07:33,1153.98,278.71,72.48,0.1173,1250.72,293.27,74.07,0.1309,0,normal
2025-01-01T00:07:33.500000,1198.01,287.77,71.16,0.1288,1295.21,285.1,73.11,0.1282,0,normal
2025-01-01T00:07:34,1196.47,282.19,73.26,0.1203,1208.78,277.87,67.05,0.1214,0,normal
2025-01-01T00:07:34.500000,1221.72,284.03,74.07,0.1175,1149.37,284.43,71.76,0.1246,0,normal
2025-01-01T00:07:35,1181.4,290.85,74.83,0.1199,1259.99,275.97,75.1,0.1263,0,normal
2025-01-01T00:07:35.500000,1220.72,284.93,67.75,0.1177,1169.96,276.64,72.35,0.1175,0,normal
2025-01-01T00:07:36,1180.21,280.47,70.97,0.124,1168.27,280.6,70.68,0.122,0,normal
2025-01-01T00:07:36.500000,1210.95,271.98,73.47,0.1252,1149.59,276.69,70.7,0.1155,0,normal
2025-01-01T00:07:37,1205.37,276.68,70.39,0.1255,1155.45,295.63,73.02,0.1091,0,normal
2025-01-01T00:07:37.500000,1215.25,284.5,71.34,0.1209,1222.78,291.05,75.39,0.1224,0,normal
2025-01-01T00:07:38,1166.98,282.98,76.24,0.1226,1313.73,296.93,72.7,0.1218,0,normal
2025-01-01T00:07:38.500000,1199.12,277.57,72.03,0.1244,1171.22,288.52,74.45,0.1145,0,normal
2025-01-01T00:07:39,1189.17,280.65,70.82,0.1154,1156.78,297.14,69.36,0.1208,0,normal
2025-01-01T00:07:39.500000,1187.93,290.04,73.89,0.1231,1214.69,283.02,68.57,0.1317,0,normal
2025-01-01T00:07:40,1181.77,287.84,73.53,0.118,1249.82,291.53,76.98,0.1172,0,normal
2025-01-01T00:07:40.500000,1169.14,282.84,72.3,0.1202,1181.11,268.68,73.35,0.1318,0,normal
2025-01-01T00:07:41,1211.14,287.6,72.82,0.1214,1244.72,288.38,71.1,0.1152,0,normal
2025-01-01T00:07:41.500000,1194.02,286.34,71.54,0.1211,1221.08,292.12,75.69,0.1205,0,normal
2025-01-01T00:07:42,1168.61,283.52,72.06,0.1134,1266.66,286.22,73.1,0.1282,0,normal
2025-01-01T00:07:42.500000,1184.88,287.45,71.84,0.1193,1162.93,299.24,70.92,0.1242,0,normal
2025-01-01T00:07:43,1155.0,290.04,73.52,0.1204,1189.11,288.42,78.59,0.1094,0,normal
2025-01-01T00:07:43.500000,1218.77,281.1,71.97,0.1191,1179.44,284.91,68.73,0.1262,0,normal
2025-01-01T00:07:44,1156.94,287.31,71.53,0.1158,1209.71,271.69,72.11,0.1115,0,normal
2025-01-01T00:07:44.500000,1211.07,281.05,71.35,0.1211,1162.92,284.5,67.64,0.1238,0,normal
2025-01-01T00:07:45,1242.36,296.94,72.13,0.1228,1114.53,297.85,74.24,0.1171,0,normal
2025-01-01T00:07:45.500000,1229.69,283.91,71.34,0.1217,1148.96,293.73,68.96,0.1137,0,normal
2025-01-01T00:07:46,1178.17,288.25,71.11,0.1151,1170.93,284.73,68.6,0.1131,0,normal
2025-01-01T00:07:46.500000,1250.67,281.32,71.53,0.1187,1179.77,290.31,74.73,0.1182,0,normal
2025-01-01T00:07:47,1170.32,290.45,71.86,0.1262,1092.21,286.67,77.53,0.1179,0,normal
2025-01-01T00:07:47.500000,1194.59,286.26,71.2,0.1189,1183.78,279.64,75.54,0.1228,0,normal
2025-01-01T00:07:48,1206.02,288.46,71.62,0.1172,1171.07,285.02,68.95,0.117,0,normal
2025-01-01T00:07:48.500000,1187.61,294.08,68.01,0.1194,1282.83,286.04,74.17,0.1206,0,normal
2025-01-01T00:07:49,1183.98,275.42,72.3,0.1172,1161.58,280.73,77.03,0.1344,0,normal
2025-01-01T00:07:49.500000,1205.21,283.01,70.3,0.1217,1285.58,282.89,65.15,0.124,0,normal
2025-01-01T00:07:50,1223.65,278.22,72.25,0.1216,1196.49,278.24,74.93,0.1176,0,normal
2025-01-01T00:07:50.500000,1164.36,276.24,73.82,0.1222,1204.22,281.24,70.48,0.1135,0,normal
2025-01-01T00:07:51,1189.65,275.94,70.94,0.1189,1229.27,284.66,74.29,0.1281,0,normal
2025-01-01T00:07:51.500000,1225.4,287.01,72.02,0.1165,1235.52,299.36,72.99,0.1315,0,normal
2025-01-01T00:07:52,1163.39,280.07,73.23,0.121,1263.06,284.87,69.5,0.1187,0,normal
2025-01-01T00:07:52.500000,1163.22,280.18,73.4,0.1231,1217.42,270.28,70.97,0.1127,0,normal
2025-01-01T00:07:53,1228.24,282.5,70.44,0.1201,1169.27,297.69,69.88,0.1116,0,normal
2025-01-01T00:07:53.500000,1148.33,284.87,71.19,0.1149,1257.08,290.7,71.92,0.1282,0,normal
2025-01-01T00:07:54,1215.9,281.48,70.5,0.1229,1219.03,286.45,69.56,0.1236,0,normal
2025-01-01T00:07:54.500000,1181.87,284.56,74.08,0.1176,1124.5,276.0,74.86,0.1215,0,normal
2025-01-01T00:07:55,1196.91,282.82,72.7,0.1169,1214.67,278.75,69.41,0.1162,0,normal
2025-01-01T00:07:55.500000,1190.99,284.79,72.34,0.1067,1161.23,281.65,76.33,0.1135,0,normal
2025-01-01T00:07:56,1203.91,291.39,70.11,0.1214,1161.49,280.69,69.69,0.1156,0,normal
2025-01-01T00:07:56.500000,1265.33,288.61,73.59,0.1218,1122.9,288.38,75.09,0.1149,0,normal
2025-01-01T00:07:57,1223.17,288.01,74.67,0.1185,1147.31,281.91,76.13,0.109,0,normal
2025-01-01T00:07:57.500000,1150.36,285.38,71.36,0.12,1245.37,280.28,66.61,0.1323,0,normal
2025-01-01T00:07:58,1176.07,280.47,73.59,0.1186,1196.96,289.13,75.12,0.118,0,normal
2025-01-01T00:07:58.500000,1236.48,275.87,73.09,0.117,1265.87,286.21,70.06,0.124,0,normal
2025-01-01T00:07:59,1221.44,287.74,70.52,0.1183,1199.8,284.65,74.16,0.1079,0,normal
2025-01-01T00:07:59.500000,1208.02,283.76,70.79,0.1173,1189.7,254.21,69.98,0.1147,0,normal
2025-01-01T00:08:00,1212.79,281.56,71.69,0.1256,1247.73,292.71,70.56,0.1233,0,normal
2025-01-01T00:08:00.500000,1194.39,284.16,72.59,0.1179,1271.66,283.63,73.78,0.1287,0,normal
2025-01-01T00:08:01,1224.76,278.98,72.64,0.1231,1242.81,275.48,70.11,0.126,0,normal
2025-01-01T00:08:01.500000,1181.72,283.72,74.27,0.1198,1165.11,277.5,72.96,0.112,0,normal
2025-01-01T00:08:02,1194.06,286.42,73.87,0.1224,1165.72,295.08,71.14,0.1126,0,normal
2025-01-01T00:08:02.500000,1195.87,291.15,72.24,0.12,1278.59,272.76,68.3,0.1103,0,normal
2025-01-01T00:08:03,1208.94,285.71,74.22,0.1209,1180.6,285.02,72.34,0.11,0,normal
2025-01-01T00:08:03.500000,1265.05,287.22,72.3,0.1222,1234.05,283.8,70.18,0.1236,0,normal
2025-01-01T00:08:04,1209.26,281.54,74.04,0.1211,1235.03,296.9,72.06,0.1219,0,normal
2025-01-01T00:08:04.500000,1219.44,281.9,72.08,0.1205,1154.11,304.82,67.95,0.1122,0,normal
2025-01-01T00:08:05,1231.54,288.05,70.52,0.1222,1270.46,284.74,79.48,0.1097,0,normal
2025-01-01T00:08:05.500000,1216.65,289.99,73.28,0.1193,1186.06,288.8,74.35,0.1236,0,normal
2025-01-01T00:08:06,1224.96,280.64,71.67,0.1166,1181.47,293.68,72.31,0.1356,0,normal
2025-01-01T00:08:06.500000,1204.64,285.26,72.15,0.1177,1197.22,294.64,72.33,0.1152,0,normal
2025-01-01T00:08:07,1177.8,283.08,72.11,0.1243,1135.66,282.27,72.42,0.109,0,normal
2025-01-01T00:08:07.500000,1179.99,282.09,70.85,0.1207,1192.29,280.25,73.23,0.1303,0,normal
2025-01-01T00:08:08,1239.34,276.78,72.83,0.1194,1207.45,281.59,72.34,0.1209,0,normal
2025-01-01T00:08:08.500000,1186.11,281.17,71.35,0.1208,1228.75,292.3,70.58,0.1217,0,normal
2025-01-01T00:08:09,1223.1,289.98,71.92,0.1192,1209.17,275.17,71.44,0.1245,0,normal
2025-01-01T00:08:09.500000,1215.41,283.84,72.31,0.117,1233.77,284.33,71.21,0.1178,0,normal
2025-01-01T00:08:10,1198.49,283.09,72.95,0.1186,1276.46,297.53,69.43,0.1204,0,normal
2025-01-01T00:08:10.500000,1184.38,283.6,74.88,0.1189,1217.29,289.63,69.12,0.1149,0,normal
2025-01-01T00:08:11,1171.06,281.21,67.9,0.122,1298.6,286.26,67.92,0.1161,0,normal
2025-01-01T00:08:11.500000,1188.99,280.65,73.24,0.1229,1144.54,291.2,76.4,0.1314,0,normal
2025-01-01T00:08:12,1268.77,281.14,76.07,0.1187,1171.56,287.8,70.32,0.1224,0,normal
2025-01-01T00:08:12.500000,1168.32,283.98,73.85,0.1198,1206.8,289.06,75.37,0.1101,0,normal
2025-01-01T00:08:13,1214.03,283.85,72.24,0.1238,1142.68,276.34,66.43,0.1167,0,normal
2025-01-01T00:08:13.500000,1231.93,284.48,70.07,0.1183,1128.58,275.38,73.12,0.113,0,normal
2025-01-01T00:08:14,1226.7,284.7,72.12,0.119,1237.1,291.7,72.96,0.1234,0,normal
2025-01-01T00:08:14.500000,1194.91,287.32,71.51,0.12,1186.82,281.09,70.02,0.1228,0,normal
2025-01-01T00:08:15,1231.45,290.01,70.19,0.1246,1184.73,290.14,69.39,0.1209,0,normal
2025-01-01T00:08:15.500000,1207.53,278.65,72.88,0.1248,1191.62,296.63,71.45,0.1251,0,normal
2025-01-01T00:08:16,1146.75,295.34,74.15,0.119,1105.34,287.46,67.84,0.1227,0,normal
2025-01-01T00:08:16.500000,1209.88,280.98,73.61,0.1229,1246.84,285.08,67.92,0.1259,0,normal
2025-01-01T00:08:17,1193.51,279.06,73.95,0.1276,1198.02,303.46,72.26,0.1177,0,normal
2025-01-01T00:08:17.500000,1184.87,292.0,70.88,0.1226,1173.16,281.06,74.97,0.1177,0,normal
2025-01-01T00:08:18,1190.28,289.84,74.3,0.1223,1168.57,280.63,72.23,0.1219,0,normal
2025-01-01T00:08:18.500000,1176.29,288.09,72.12,0.1138,1155.41,280.69,71.79,0.1313,0,normal
2025-01-01T00:08:19,1205.72,281.41,72.32,0.1187,1215.59,289.96,75.48,0.1199,0,normal
2025-01-01T00:08:19.500000,1239.34,288.88,70.98,0.128,1215.7,277.86,76.76,0.1325,0,normal
2025-01-01T00:08:20,1199.21,282.85,71.75,0.1226,1261.34,289.88,72.29,0.129,0,normal
2025-01-01T00:08:20.500000,1192.49,289.41,71.59,0.1216,1194.55,284.52,70.91,0.1281,0,normal
2025-01-01T00:08:21,1182.41,281.84,75.05,0.1235,1085.51,280.17,66.78,0.1143,0,normal
2025-01-01T00:08:21.500000,1124.68,284.41,70.36,0.1202,1121.99,285.71,70.81,0.129,0,normal
2025-01-01T00:08:22,1233.87,288.36,71.53,0.1271,1125.45,273.0,71.76,0.1335,0,normal
2025-01-01T00:08:22.500000,1195.14,284.22,69.92,0.1234,1245.75,291.75,70.19,0.1158,0,normal
2025-01-01T00:08:23,1168.97,285.36,70.44,0.1158,1179.66,280.82,70.45,0.1228,0,normal
2025-01-01T00:08:23.500000,1201.9,283.77,72.26,0.1164,1205.05,286.29,67.67,0.126,0,normal
2025-01-01T00:08:24,1178.85,285.39,73.68,0.1233,1201.65,281.9,74.73,0.124,0,normal
2025-01-01T00:08:24.500000,1185.16,281.6,69.02,0.1206,1196.03,294.71,73.03,0.128,0,normal
2025-01-01T00:08:25,1183.26,289.87,71.24,0.1228,1129.98,287.01,66.28,0.1184,0,normal
2025-01-01T00:08:25.500000,1210.57,282.77,70.49,0.123,1195.03,280.81,72.12,0.1358,0,normal
2025-01-01T00:08:26,1227.68,289.97,72.63,0.1206,1084.99,279.19,70.62,0.1088,0,normal
2025-01-01T00:08:26.500000,1172.22,276.53,71.94,0.1229,1253.13,288.55,69.23,0.1084,0,normal
2025-01-01T00:08:27,1157.84,279.58,70.72,0.1194,1151.32,287.9,71.33,0.1201,0,normal
2025-01-01T00:08:27.500000,1227.37,279.95,72.6,0.1199,1183.99,292.57,74.53,0.1143,0,normal
2025-01-01T00:08:28,1195.63,286.2,71.61,0.1221,1213.5,300.67,67.59,0.1193,0,normal
2025-01-01T00:08:28.500000,1178.2,287.58,69.67,0.1212,1169.76,278.72,67.83,0.1172,0,normal
2025-01-01T00:08:29,1226.03,284.89,72.9,0.126,1212.66,280.22,73.35,0.1167,0,normal
2025-01-01T00:08:29.500000,1187.89,278.5,73.33,0.1186,1208.74,276.14,73.26,0.1154,0,normal
2025-01-01T00:08:30,1196.6,288.75,73.14,0.1199,1115.13,310.59,77.03,0.1243,0,normal
2025-01-01T00:08:30.500000,1181.92,284.51,71.22,0.1245,1212.6,278.3,70.64,0.1267,0,normal
2025-01-01T00:08:31,1238.4,291.53,73.09,0.1191,1044.41,287.54,71.99,0.1208,0,normal
2025-01-01T00:08:31.500000,1201.29,279.33,72.8,0.1223,1232.75,293.09,73.74,0.1175,0,normal
2025-01-01T00:08:32,1198.3,285.39,72.16,0.1236,1230.9,302.76,78.35,0.1205,0,normal
2025-01-01T00:08:32.500000,1107.92,290.29,71.22,0.1171,1180.87,281.18,73.76,0.1106,0,normal
2025-01-01T00:08:33,1174.13,286.47,72.9,0.1223,1162.22,276.64,70.54,0.1214,0,normal
2025-01-01T00:08:33.500000,1235.65,276.25,71.68,0.1152,1120.69,293.27,73.57,0.1227,0,normal
2025-01-01T00:08:34,1222.1,282.95,71.38,0.1279,1188.16,291.29,72.02,0.1089,0,normal
2025-01-01T00:08:34.500000,1150.93,282.52,73.52,0.1228,1243.88,276.56,76.65,0.1142,0,normal
2025-01-01T00:08:35,1205.11,284.96,71.75,0.1248,1166.15,273.46,72.06,0.1176,0,normal
2025-01-01T00:08:35.500000,1281.06,287.89,71.41,0.1162,1109.75,276.23,72.33,0.1286,0,normal
2025-01-01T00:08:36,1226.92,285.98,71.53,0.121,1175.11,299.69,71.46,0.1195,0,normal
2025-01-01T00:08:36.500000,1146.82,284.16,73.2,0.1162,1163.97,291.78,67.75,0.1263,0,normal
2025-01-01T00:08:37,1187.23,283.34,70.38,0.1214,1318.07,291.68,69.51,0.1268,0,normal
2025-01-01T00:08:37.500000,1192.4,290.88,73.16,0.1094,1151.8,293.07,72.44,0.1139,0,normal
2025-01-01T00:08:38,1184.79,276.85,71.87,0.128,1238.64,303.73,74.54,0.1262,0,normal
2025-01-01T00:08:38.500000,1247.38,286.61,71.73,0.1237,1269.78,280.9,69.92,0.1208,0,normal
2025-01-01T00:08:39,1219.96,288.41,69.95,0.1269,1169.22,282.73,69.4,0.1362,0,normal
2025-01-01T00:08:39.500000,1205.81,281.36,73.24,0.1228,1190.99,292.19,69.62,0.117,0,normal
2025-01-01T00:08:40,1151.75,279.34,74.6,0.1259,1203.16,299.22,71.54,0.1185,0,normal
2025-01-01T00:08:40.500000,1201.36,284.47,71.69,0.1241,1207.21,291.09,74.97,0.1223,0,normal
2025-01-01T00:08:41,1176.71,279.22,72.21,0.1194,1204.19,284.86,79.44,0.112,0,normal
2025-01-01T00:08:41.500000,1152.24,286.42,71.46,0.1211,1228.03,295.98,67.66,0.1167,0,normal
2025-01-01T00:08:42,1210.29,288.29,75.16,0.1234,1197.27,277.39,70.37,0.1164,0,normal
2025-01-01T00:08:42.500000,1215.73,286.1,70.09,0.1184,1242.12,288.01,73.64,0.1223,0,normal
2025-01-01T00:08:43,1239.03,286.01,71.44,0.1167,1211.98,264.13,71.47,0.1188,0,normal
2025-01-01T00:08:43.500000,1167.25,281.03,73.17,0.1208,1204.89,287.62,72.27,0.1275,0,normal
2025-01-01T00:08:44,1202.96,278.77,74.35,0.1213,1171.72,274.28,73.14,0.1193,0,normal
2025-01-01T00:08:44.500000,1237.78,283.52,70.79,0.1232,1244.41,286.44,73.95,0.1198,0,normal
2025-01-01T00:08:45,1205.61,289.98,72.9,0.1194,1264.91,264.78,77.91,0.1098,0,normal
2025-01-01T00:08:45.500000,1184.95,284.83,71.79,0.1236,1149.22,287.23,70.33,0.1218,0,normal
2025-01-01T00:08:46,1198.45,285.4,71.21,0.1182,1213.79,293.07,70.28,0.1148,0,normal
2025-01-01T00:08:46.500000,1214.72,284.86,73.2,0.1167,1114.59,280.44,69.79,0.1195,0,normal
2025-01-01T00:08:47,1184.72,288.17,71.59,0.1205,1207.57,286.67,71.93,0.1231,0,normal
2025-01-01T00:08:47.500000,1180.9,290.98,71.66,0.1153,1209.03,277.72,73.92,0.1333,0,normal
2025-01-01T00:08:48,1181.12,286.42,69.47,0.1216,1157.49,279.66,68.83,0.1244,0,normal
2025-01-01T00:08:48.500000,1224.18,285.1,70.76,0.1257,1163.98,266.51,73.32,0.1134,0,normal
2025-01-01T00:08:49,1223.73,283.37,72.87,0.125,1141.97,280.16,71.78,0.1292,0,normal
2025-01-01T00:08:49.500000,1184.2,282.46,72.69,0.1179,1207.32,271.73,78.38,0.1119,0,normal
2025-01-01T00:08:50,1192.28,284.86,74.75,0.1152,1295.22,291.47,73.2,0.1141,0,normal
2025-01-01T00:08:50.500000,1213.71,281.91,73.82,0.1165,1194.57,280.25,69.16,0.1244,0,normal
2025-01-01T00:08:51,1212.85,290.17,69.44,0.1238,1320.26,281.14,77.46,0.1184,0,normal
2025-01-01T00:08:51.500000,1167.06,283.69,73.51,0.117,1171.18,290.07,72.01,0.1235,0,normal
2025-01-01T00:08:52,1205.71,287.05,71.38,0.1208,1155.49,296.02,70.17,0.1268,0,normal
2025-01-01T00:08:52.500000,1194.39,285.86,71.29,0.1163,1116.25,275.98,71.07,0.1213,0,normal
2025-01-01T00:08:53,1224.25,283.09,70.73,0.1148,1223.04,296.83,75.65,0.1243,0,normal
2025-01-01T00:08:53.500000,1215.33,292.26,72.48,0.1223,1184.6,273.35,70.03,0.1199,0,normal
2025-01-01T00:08:54,1201.46,293.23,72.12,0.1242,1179.12,282.34,68.17,0.1155,0,normal
2025-01-01T00:08:54.500000,1212.65,285.03,73.36,0.1207,1183.08,303.37,71.73,0.127,0,normal
2025-01-01T00:08:55,1190.37,288.03,73.34,0.1208,1086.98,285.16,75.54,0.1232,0,normal
2025-01-01T00:08:55.500000,1210.7,277.64,70.96,0.1215,1219.7,295.39,71.58,0.1224,0,normal
2025-01-01T00:08:56,1200.39,280.78,68.75,0.1216,1208.35,279.71,67.34,0.1238,0,normal
2025-01-01T00:08:56.500000,1193.62,287.38,74.68,0.1123,1166.42,283.21,76.19,0.1102,0,normal
2025-01-01T00:08:57,1246.46,285.58,71.86,0.1193,1179.06,293.96,68.92,0.1221,0,normal
2025-01-01T00:08:57.500000,1190.78,281.74,75.72,0.1215,1229.44,294.73,67.91,0.1305,0,normal
2025-01-01T00:08:58,1139.79,281.71,71.34,0.1221,1210.5,283.57,71.97,0.1141,0,normal
2025-01-01T00:08:58.500000,1164.07,288.11,73.0,0.1257,1162.08,290.92,71.18,0.1271,0,normal
2025-01-01T00:08:59,1224.53,285.9,71.51,0.1235,1231.05,279.15,68.18,0.1183,0,normal
2025-01-01T00:08:59.500000,1236.37,289.9,70.4,0.1158,1261.18,275.29,73.47,0.1163,0,normal
2025-01-01T00:09:00,1238.81,281.71,73.65,0.1207,1212.11,268.15,65.66,0.1187,0,normal
2025-01-01T00:09:00.500000,1205.93,280.19,70.43,0.122,1227.02,283.82,74.25,0.113,0,normal
2025-01-01T00:09:01,1191.46,292.04,72.1,0.1205,1310.69,273.04,74.29,0.13,0,normal
2025-01-01T00:09:01.500000,1192.2,288.67,70.59,0.1175,1218.48,291.83,75.23,0.1294,0,normal
2025-01-01T00:09:02,1198.38,290.1,71.51,0.1232,1209.96,288.81,73.22,0.1104,0,normal
2025-01-01T00:09:02.500000,1173.02,285.44,69.57,0.123,1241.83,287.8,68.77,0.1283,0,normal
2025-01-01T00:09:03,1248.89,285.63,72.74,0.1207,1225.46,283.98,71.9,0.1254,0,normal
2025-01-01T00:09:03.500000,1256.29,279.01,71.85,0.1158,1276.42,279.97,67.84,0.1238,0,normal
2025-01-01T00:09:04,1241.86,287.84,72.29,0.1215,1267.91,277.53,71.68,0.1173,0,normal
2025-01-01T00:09:04.500000,1171.97,283.6,73.6,0.122,1230.93,286.25,73.51,0.1152,0,normal
2025-01-01T00:09:05,1192.57,285.82,72.4,0.1212,1193.36,281.77,81.09,0.1254,0,normal
2025-01-01T00:09:05.500000,1209.92,284.0,71.35,0.1195,1214.06,268.92,67.48,0.1162,0,normal
2025-01-01T00:09:06,1204.97,283.98,74.13,0.1147,1163.94,298.0,72.38,0.1253,0,normal
2025-01-01T00:09:06.500000,1249.23,282.03,71.86,0.119,1106.18,282.35,74.54,0.1232,0,normal
2025-01-01T00:09:07,1214.86,283.39,71.06,0.1246,1176.13,287.51,72.47,0.1288,0,normal
2025-01-01T00:09:07.500000,1223.31,279.46,70.29,0.1221,1196.91,281.11,74.93,0.1211,0,normal
2025-01-01T00:09:08,1201.26,288.33,71.46,0.1256,1162.17,290.62,76.13,0.1117,0,normal
2025-01-01T00:09:08.500000,1191.76,289.88,73.67,0.1194,1164.74,293.17,75.41,0.113,0,normal
2025-01-01T00:09:09,1171.11,285.96,72.91,0.1189,1232.61,278.93,65.91,0.1175,0,normal
2025-01-01T00:09:09.500000,1201.52,283.82,70.33,0.1135,1175.32,292.67,75.62,0.1271,0,normal
2025-01-01T00:09:10,1180.42,280.07,72.72,0.1223,1219.21,267.78,69.5,0.1198,0,normal
2025-01-01T00:09:10.500000,1211.69,288.28,72.21,0.1212,1204.07,290.86,72.9,0.1204,0,normal
2025-01-01T00:09:11,1193.56,285.35,72.7,0.121,1218.28,296.48,72.76,0.1161,0,normal
2025-01-01T00:09:11.500000,1221.21,279.16,70.44,0.1212,1224.79,274.35,70.9,0.1164,0,normal
2025-01-01T00:09:12,1188.32,289.03,73.02,0.1199,1173.79,273.46,76.09,0.1236,0,normal
2025-01-01T00:09:12.500000,1183.04,288.08,71.9,0.119,1220.89,278.66,71.01,0.1207,0,normal
2025-01-01T00:09:13,1188.01,287.86,74.69,0.1173,1120.07,267.89,71.57,0.116,0,normal
2025-01-01T00:09:13.500000,1204.99,285.57,69.69,0.1135,1214.2,286.16,70.77,0.1101,0,normal
2025-01-01T00:09:14,1211.31,290.44,72.4,0.1169,1202.14,273.32,75.05,0.1205,0,normal
2025-01-01T00:09:14.500000,1157.56,283.71,72.67,0.1188,1186.76,274.53,73.63,0.1161,0,normal
2025-01-01T00:09:15,1148.25,283.41,73.41,0.1186,1283.42,288.67,72.98,0.1192,0,normal
2025-01-01T00:09:15.500000,1198.36,283.87,71.56,0.1219,1155.08,275.8,68.77,0.1323,0,normal
2025-01-01T00:09:16,1212.73,286.3,70.48,0.1222,1194.4,286.83,69.19,0.121,0,normal
2025-01-01T00:09:16.500000,1189.83,281.73,73.06,0.1145,1227.11,290.85,69.47,0.1151,0,normal
2025-01-01T00:09:17,1194.65,286.21,71.78,0.1216,1284.62,280.66,67.06,0.125,0,normal
2025-01-01T00:09:17.500000,1240.4,286.68,70.43,0.1196,1146.31,290.5,68.11,0.1182,0,normal
2025-01-01T00:09:18,1175.9,285.54,71.47,0.1206,1201.07,276.56,73.81,0.1197,0,normal
2025-01-01T00:09:18.500000,1176.28,294.58,72.69,0.1194,1267.93,300.75,71.58,0.1221,0,normal
2025-01-01T00:09:19,1176.29,284.37,71.71,0.1207,1215.97,289.79,72.68,0.1127,0,normal
2025-01-01T00:09:19.500000,1177.48,282.66,71.59,0.1238,1144.18,281.94,74.74,0.1182,0,normal
2025-01-01T00:09:20,1211.05,284.4,72.37,0.1192,1232.02,271.79,70.95,0.1218,0,normal
2025-01-01T00:09:20.500000,1212.81,291.38,71.44,0.1253,1168.37,296.36,74.35,0.1145,0,normal
2025-01-01T00:09:21,1207.37,284.78,72.9,0.1192,1185.25,296.71,71.72,0.125,0,normal
2025-01-01T00:09:21.500000,1194.59,292.12,71.02,0.1178,1273.18,281.2,76.61,0.1254,0,normal
2025-01-01T00:09:22,1196.29,277.25,71.97,0.1204,1256.03,298.58,70.03,0.1248,0,normal
2025-01-01T00:09:22.500000,1218.37,289.59,72.72,0.113,1192.54,275.12,71.42,0.1259,0,normal
2025-01-01T00:09:23,1207.32,289.91,72.49,0.1153,1079.0,286.27,71.38,0.1141,0,normal
2025-01-01T00:09:23.500000,1159.18,281.86,71.72,0.1224,1209.05,298.75,69.02,0.1253,0,normal
2025-01-01T00:09:24,1201.14,287.97,71.37,0.1239,1214.17,279.19,71.97,0.1186,0,normal
2025-01-01T00:09:24.500000,1211.74,279.96,71.96,0.1214,1201.59,296.52,74.23,0.12,0,normal
2025-01-01T00:09:25,1205.2,286.26,72.58,0.1134,1185.53,272.31,75.68,0.1196,0,normal
2025-01-01T00:09:25.500000,1195.36,288.83,72.61,0.1159,1196.6,282.13,66.98,0.1159,0,normal
2025-01-01T00:09:26,1195.6,284.51,69.87,0.1241,1195.1,285.32,73.15,0.1153,0,normal
2025-01-01T00:09:26.500000,1210.95,283.43,70.71,0.1221,1271.6,291.2,74.66,0.1169,0,normal
2025-01-01T00:09:27,1161.66,291.37,74.96,0.1256,1183.88,275.13,68.93,0.1099,0,normal
2025-01-01T00:09:27.500000,1197.42,291.86,71.8,0.1211,1266.03,281.54,77.86,0.132,0,normal
2025-01-01T00:09:28,1196.85,282.53,73.0,0.1187,1144.49,295.95,75.5,0.1209,0,normal
2025-01-01T00:09:28.500000,1169.69,279.74,72.15,0.1182,1183.63,293.74,74.11,0.1283,0,normal
2025-01-01T00:09:29,1176.23,283.53,73.09,0.1216,1273.55,288.6,77.32,0.1232,0,normal
2025-01-01T00:09:29.500000,1225.49,283.62,72.02,0.1233,1277.42,291.23,71.76,0.1283,0,normal
2025-01-01T00:09:30,1147.39,278.92,72.98,0.1201,1229.06,285.55,73.64,0.1151,0,normal
2025-01-01T00:09:30.500000,1213.69,289.25,73.76,0.1272,1211.72,287.34,67.61,0.1168,0,normal
2025-01-01T00:09:31,1195.37,289.49,71.12,0.1229,1199.92,283.49,72.72,0.1177,0,normal
2025-01-01T00:09:31.500000,1189.7,277.71,71.64,0.1183,1175.23,288.56,73.9,0.1214,0,normal
2025-01-01T00:09:32,1223.89,287.46,71.58,0.1183,1215.02,289.91,76.03,0.1271,0,normal
2025-01-01T00:09:32.500000,1187.0,284.56,72.97,0.1238,1245.07,284.45,68.39,0.114,0,normal
2025-01-01T00:09:33,1206.54,286.46,70.42,0.1202,1230.3,275.16,75.18,0.1177,0,normal
2025-01-01T00:09:33.500000,1230.18,282.72,70.52,0.1184,1195.43,281.68,71.38,0.122,0,normal
2025-01-01T00:09:34,1195.89,284.72,69.54,0.1214,1195.72,298.77,69.29,0.1092,0,normal
2025-01-01T00:09:34.500000,1214.83,286.48,70.55,0.1145,1273.8,297.09,64.84,0.1173,0,normal
2025-01-01T00:09:35,1239.94,282.96,71.29,0.119,1146.2,270.42,75.03,0.1089,0,normal
2025-01-01T00:09:35.500000,1205.93,288.79,69.91,0.1167,1258.23,289.56,70.22,0.1272,0,normal
2025-01-01T00:09:36,1228.96,286.15,70.7,0.1185,1213.75,283.39,74.7,0.1108,0,normal
2025-01-01T00:09:36.500000,1164.14,285.77,71.29,0.1177,1115.13,285.17,71.85,0.1239,0,normal
2025-01-01T00:09:37,1201.65,284.43,73.69,0.1153,1225.75,270.71,69.59,0.1127,0,normal
2025-01-01T00:09:37.500000,1218.77,284.72,71.98,0.116,1185.61,278.47,73.1,0.1141,0,normal
2025-01-01T00:09:38,1231.92,277.84,70.84,0.126,1179.11,273.76,72.63,0.1171,0,normal
2025-01-01T00:09:38.500000,1179.94,280.32,75.99,0.1191,1107.57,297.77,73.76,0.1154,0,normal
2025-01-01T00:09:39,1177.61,287.88,71.64,0.1131,1285.79,281.29,76.31,0.1277,0,normal
2025-01-01T00:09:39.500000,1175.98,289.42,71.06,0.1133,1179.62,288.4,70.67,0.1182,0,normal
2025-01-01T00:09:40,1227.45,285.46,70.79,0.1225,1209.49,263.44,73.23,0.1224,0,normal
2025-01-01T00:09:40.500000,1200.48,288.81,71.03,0.1212,1124.79,288.48,77.62,0.114,0,normal
2025-01-01T00:09:41,1181.76,281.96,72.19,0.1162,1220.22,292.24,73.54,0.1094,0,normal
2025-01-01T00:09:41.500000,1223.88,289.01,73.2,0.1213,1210.57,293.83,77.54,0.1143,0,normal
2025-01-01T00:09:42,1225.88,284.63,71.81,0.1145,1186.33,276.47,70.66,0.1134,0,normal
2025-01-01T00:09:42.500000,1189.23,283.26,72.14,0.1142,1130.62,288.09,69.7,0.1264,0,normal
2025-01-01T00:09:43,1205.41,287.59,74.03,0.1189,1172.42,292.45,73.47,0.1189,0,normal
2025-01-01T00:09:43.500000,1233.39,284.09,72.05,0.1201,1155.14,285.66,76.02,0.1227,0,normal
2025-01-01T00:09:44,1200.75,284.31,72.48,0.1227,1229.24,282.16,72.94,0.1229,0,normal
2025-01-01T00:09:44.500000,1175.83,285.72,68.89,0.1217,1231.7,291.39,70.86,0.1219,0,normal
2025-01-01T00:09:45,1234.17,291.04,71.96,0.1205,1253.32,272.17,71.07,0.128,0,normal
2025-01-01T00:09:45.500000,1223.4,286.58,69.83,0.1198,1171.68,287.83,69.67,0.1138,0,normal
2025-01-01T00:09:46,1150.44,290.22,71.42,0.1206,1199.89,275.87,68.37,0.114,0,normal
2025-01-01T00:09:46.500000,1182.64,286.57,70.85,0.1263,1249.3,291.91,71.66,0.1291,0,normal
2025-01-01T00:09:47,1194.77,284.87,72.24,0.1225,1230.57,280.94,70.46,0.1238,0,normal
2025-01-01T00:09:47.500000,1217.17,283.32,69.71,0.1193,1229.93,300.44,68.55,0.1174,0,normal
2025-01-01T00:09:48,1190.65,290.8,71.95,0.1167,1226.82,281.54,68.47,0.1146,0,normal
2025-01-01T00:09:48.500000,1241.62,286.64,72.16,0.1191,1214.02,287.4,72.84,0.1207,0,normal
2025-01-01T00:09:49,1220.85,285.1,70.59,0.1178,1105.01,302.33,74.48,0.115,0,normal
2025-01-01T00:09:49.500000,1193.24,282.28,74.22,0.1149,1205.49,284.07,74.38,0.1194,0,normal
2025-01-01T00:09:50,1157.8,283.93,70.6,0.1203,1268.84,270.13,69.7,0.1167,0,normal
2025-01-01T00:09:50.500000,1190.84,288.16,71.75,0.1215,1169.96,286.97,74.24,0.1156,0,normal
2025-01-01T00:09:51,1218.75,285.22,73.51,0.1193,1218.3,284.65,71.72,0.1216,0,normal
2025-01-01T00:09:51.500000,1212.88,279.66,74.06,0.1133,1167.13,284.19,73.19,0.1295,0,normal
2025-01-01T00:09:52,1155.4,282.83,68.94,0.1201,1213.04,298.6,72.35,0.1263,0,normal
2025-01-01T00:09:52.500000,1214.01,283.14,69.97,0.121,1128.38,296.07,71.53,0.1272,0,normal
2025-01-01T00:09:53,1188.47,286.15,72.3,0.1198,1179.23,288.36,69.33,0.1127,0,normal
2025-01-01T00:09:53.500000,1229.83,288.11,72.09,0.126,1187.15,296.31,72.51,0.1139,0,normal
2025-01-01T00:09:54,1244.35,289.24,71.83,0.1226,1180.62,292.09,65.11,0.1139,0,normal
2025-01-01T00:09:54.500000,1223.5,283.93,72.3,0.1152,1288.7,295.18,71.42,0.1176,0,normal
2025-01-01T00:09:55,1224.71,293.48,73.37,0.1278,1155.73,277.99,68.58,0.1227,0,normal
2025-01-01T00:09:55.500000,1204.21,284.35,73.17,0.1244,1126.77,279.9,74.36,0.1172,0,normal
2025-01-01T00:09:56,1180.84,289.35,70.14,0.1189,1215.77,280.09,74.26,0.1166,0,normal
2025-01-01T00:09:56.500000,1233.81,284.46,72.97,0.1227,1169.88,267.44,73.04,0.1204,0,normal
2025-01-01T00:09:57,1213.34,284.03,71.38,0.1272,1129.33,291.28,70.35,0.118,0,normal
2025-01-01T00:09:57.500000,1192.39,281.57,72.82,0.125,1222.56,285.88,69.16,0.1231,0,normal
2025-01-01T00:09:58,1251.75,283.37,71.46,0.118,1176.51,261.53,73.17,0.1149,0,normal
2025-01-01T00:09:58.500000,1161.35,288.22,70.44,0.1188,1270.39,272.95,67.59,0.1216,0,normal
2025-01-01T00:09:59,1227.59,278.27,72.59,0.1221,1101.16,291.83,74.52,0.1181,0,normal
2025-01-01T00:09:59.500000,1230.06,289.86,72.15,0.1184,1153.3,284.68,73.64,0.1181,0,normal
2025-01-01T00:10:00,1147.26,290.42,72.27,0.1186,1241.14,298.04,63.93,0.1226,0,normal
2025-01-01T00:10:00.500000,1165.76,287.13,72.18,0.1223,1176.04,268.98,70.7,0.1224,0,normal
2025-01-01T00:10:01,1224.37,279.99,73.48,0.1177,1217.4,280.64,72.52,0.1254,0,normal
2025-01-01T00:10:01.500000,1170.55,282.09,72.27,0.1286,1158.57,302.44,77.77,0.1194,0,normal
2025-01-01T00:10:02,1192.84,282.04,71.9,0.1149,1196.34,297.8,70.24,0.1186,0,normal
2025-01-01T00:10:02.500000,1159.17,286.6,72.38,0.1202,1189.59,282.5,73.45,0.1198,0,normal
2025-01-01T00:10:03,1207.56,285.92,73.62,0.1224,1209.26,297.98,73.21,0.1278,0,normal
2025-01-01T00:10:03.500000,1214.57,277.13,73.88,0.1205,1197.51,287.41,71.01,0.1214,0,normal
2025-01-01T00:10:04,1185.79,290.45,71.84,0.1186,1155.6,287.3,72.54,0.1223,0,normal
2025-01-01T00:10:04.500000,1175.35,278.15,72.9,0.1253,1150.74,298.59,72.82,0.12,0,normal
2025-01-01T00:10:05,1190.46,279.08,73.42,0.1172,1162.57,293.48,66.58,0.1109,0,normal
2025-01-01T00:10:05.500000,1199.56,286.25,72.7,0.1189,1321.46,283.05,71.34,0.1152,0,normal
2025-01-01T00:10:06,1202.97,287.63,73.73,0.1146,1188.19,288.82,73.69,0.12,0,normal
2025-01-01T00:10:06.500000,1213.02,281.54,74.24,0.1236,1135.44,275.81,68.98,0.1241,0,normal
2025-01-01T00:10:07,1169.17,283.58,72.65,0.1198,1212.43,275.89,73.71,0.1163,0,normal
2025-01-01T00:10:07.500000,1192.21,286.02,72.15,0.1201,1163.97,282.44,72.01,0.1117,0,normal
2025-01-01T00:10:08,1188.9,286.66,70.16,0.1242,1260.94,274.35,75.91,0.1191,0,normal
2025-01-01T00:10:08.500000,1210.04,282.88,73.33,0.1215,1160.92,275.04,67.79,0.1211,0,normal
2025-01-01T00:10:09,1213.74,287.78,71.83,0.1158,1167.26,294.85,70.6,0.1209,0,normal
2025-01-01T00:10:09.500000,1174.18,286.44,71.34,0.1238,1237.13,280.76,71.64,0.1167,0,normal
2025-01-01T00:10:10,1165.93,281.33,72.29,0.1212,1207.13,282.42,74.69,0.1204,0,normal
2025-01-01T00:10:10.500000,1216.88,277.42,66.35,0.121,1131.61,283.18,71.13,0.1295,0,normal
2025-01-01T00:10:11,1209.6,285.71,73.21,0.1213,1178.03,294.16,68.8,0.1219,0,normal
2025-01-01T00:10:11.500000,1162.86,285.87,72.28,0.126,1124.88,279.86,74.37,0.122,0,normal
2025-01-01T00:10:12,1204.33,280.91,71.15,0.1245,1197.53,288.21,71.67,0.1129,0,normal
2025-01-01T00:10:12.500000,1222.41,287.15,75.32,0.1163,1239.48,273.79,72.45,0.1259,0,normal
2025-01-01T00:10:13,1150.27,284.12,71.19,0.1175,1218.49,294.58,71.62,0.1212,0,normal
2025-01-01T00:10:13.500000,1202.74,285.01,70.43,0.124,1214.17,288.38,69.68,0.1172,0,normal
2025-01-01T00:10:14,1195.77,278.44,69.57,0.1178,1225.08,279.42,69.07,0.1151,0,normal
2025-01-01T00:10:14.500000,1189.07,283.49,75.12,0.1238,1249.19,294.99,69.12,0.1127,0,normal
2025-01-01T00:10:15,1173.44,290.71,71.21,0.1155,1179.31,282.96,72.77,0.1215,0,normal
2025-01-01T00:10:15.500000,1180.12,287.93,71.08,0.1194,1232.97,279.51,70.36,0.1236,0,normal
2025-01-01T00:10:16,1179.41,283.36,72.8,0.1274,1229.06,289.04,73.53,0.1136,0,normal
2025-01-01T00:10:16.500000,1202.77,284.87,72.46,0.1204,1218.23,282.34,72.17,0.1126,0,normal
2025-01-01T00:10:17,1192.32,290.95,72.46,0.1199,1291.01,273.36,68.8,0.1303,0,normal
2025-01-01T00:10:17.500000,1201.1,283.96,70.27,0.1216,1226.13,275.64,71.6,0.118,0,normal
2025-01-01T00:10:18,1206.14,280.22,73.8,0.1233,1182.57,283.15,71.61,0.1153,0,normal
2025-01-01T00:10:18.500000,1189.36,283.84,74.32,0.1234,1244.86,288.16,68.78,0.1198,0,normal
2025-01-01T00:10:19,1223.29,279.62,72.92,0.1284,1250.97,297.09,72.63,0.1258,0,normal
2025-01-01T00:10:19.500000,1182.77,288.4,72.94,0.121,1263.17,280.39,71.46,0.1206,0,normal
2025-01-01T00:10:20,1175.29,285.97,69.52,0.1238,1202.24,280.55,69.6,0.1186,0,normal
2025-01-01T00:10:20.500000,1216.52,287.34,70.98,0.117,1231.53,278.82,72.17,0.1207,0,normal
2025-01-01T00:10:21,1207.49,288.67,70.18,0.1131,1172.76,300.4,77.82,0.131,0,normal
2025-01-01T00:10:21.500000,1195.37,277.38,68.63,0.1178,1190.49,296.12,74.5,0.1214,0,normal
2025-01-01T00:10:22,1178.64,280.89,72.37,0.1225,1218.81,276.15,73.87,0.1226,0,normal
2025-01-01T00:10:22.500000,1174.3,281.65,72.99,0.1192,1276.28,289.28,70.6,0.1199,0,normal
2025-01-01T00:10:23,1201.52,281.89,70.69,0.1225,1240.57,290.16,76.36,0.1167,0,normal
2025-01-01T00:10:23.500000,1240.18,281.15,70.54,0.1137,1178.6,280.69,73.51,0.1215,0,normal
2025-01-01T00:10:24,1171.37,283.32,71.47,0.1136,1152.91,278.41,76.13,0.1211,0,normal
2025-01-01T00:10:24.500000,1215.89,278.59,73.72,0.1247,1104.08,278.97,73.43,0.1239,0,normal
2025-01-01T00:10:25,1183.72,283.69,71.14,0.1204,1257.46,278.41,74.88,0.1153,0,normal
2025-01-01T00:10:25.500000,1179.66,288.5,73.33,0.1231,1136.84,281.02,74.37,0.1202,0,normal
2025-01-01T00:10:26,1174.23,286.96,70.97,0.1265,1274.15,290.17,75.92,0.1204,0,normal
2025-01-01T00:10:26.500000,1218.37,291.32,72.35,0.1191,1118.18,284.29,74.37,0.1257,0,normal
2025-01-01T00:10:27,1212.1,282.69,69.15,0.1182,1185.39,282.32,73.78,0.1319,0,normal
2025-01-01T00:10:27.500000,1202.96,284.07,71.63,0.1204,1160.24,286.03,73.3,0.1213,0,normal
2025-01-01T00:10:28,1210.98,286.85,69.45,0.1223,1167.79,275.63,68.82,0.1226,0,normal
2025-01-01T00:10:28.500000,1194.66,277.81,72.69,0.1148,1206.71,287.04,74.55,0.1307,0,normal
2025-01-01T00:10:29,1167.25,284.78,71.6,0.1216,1210.35,281.99,70.73,0.1133,0,normal
2025-01-01T00:10:29.500000,1223.71,286.96,73.32,0.1189,1168.47,275.78,73.03,0.1138,0,normal
2025-01-01T00:10:30,1244.37,279.41,72.39,0.1256,1228.76,286.5,69.21,0.1117,0,normal
2025-01-01T00:10:30.500000,1218.48,291.44,71.37,0.1159,1082.01,276.61,71.67,0.1296,0,normal
2025-01-01T00:10:31,1216.16,286.3,71.42,0.1179,1267.47,286.72,65.94,0.116,0,normal
2025-01-01T00:10:31.500000,1179.4,282.66,72.81,0.1196,1196.31,296.23,69.99,0.1312,0,normal
2025-01-01T00:10:32,1183.89,285.38,71.6,0.1204,1221.34,288.71,69.83,0.1133,0,normal
2025-01-01T00:10:32.500000,1260.08,282.93,73.01,0.1142,1186.58,283.91,73.36,0.1037,0,normal
2025-01-01T00:10:33,1203.99,280.08,72.47,0.1163,1158.94,282.66,68.97,0.1171,0,normal
2025-01-01T00:10:33.500000,1171.36,277.16,73.47,0.1153,1191.42,291.44,70.23,0.115,0,normal
2025-01-01T00:10:34,1205.43,289.78,70.32,0.1195,1116.84,281.64,72.1,0.1149,0,normal
2025-01-01T00:10:34.500000,1189.03,278.98,72.11,0.1238,1147.34,279.68,73.45,0.1273,0,normal
2025-01-01T00:10:35,1164.16,284.28,72.41,0.1196,1081.11,289.28,76.38,0.1207,0,normal
2025-01-01T00:10:35.500000,1175.25,282.81,74.55,0.1233,1230.72,288.05,70.1,0.1188,0,normal
2025-01-01T00:10:36,1198.13,287.35,74.17,0.124,1131.87,286.92,74.12,0.1237,0,normal
2025-01-01T00:10:36.500000,1184.9,297.46,70.16,0.1161,1211.21,303.1,69.59,0.1184,0,normal
2025-01-01T00:10:37,1225.86,284.92,71.52,0.122,1213.08,293.81,75.72,0.1218,0,normal
2025-01-01T00:10:37.500000,1207.0,285.92,72.7,0.1202,1199.97,295.23,76.37,0.111,0,normal
2025-01-01T00:10:38,1200.24,282.06,71.55,0.1214,1232.13,284.04,66.49,0.1142,0,normal
2025-01-01T00:10:38.500000,1221.52,273.28,73.71,0.1219,1263.18,283.3,66.06,0.1226,0,normal
2025-01-01T00:10:39,1230.59,288.95,71.05,0.1203,1174.42,278.0,74.75,0.1128,0,normal
2025-01-01T00:10:39.500000,1178.55,280.28,69.85,0.1205,1255.75,283.42,67.66,0.125,0,normal
2025-01-01T00:10:40,1240.46,282.24,71.31,0.1219,1277.85,280.56,68.16,0.1238,0,normal
2025-01-01T00:10:40.500000,1219.18,285.03,71.2,0.1236,1225.35,278.43,72.14,0.1119,0,normal
2025-01-01T00:10:41,1216.46,283.88,71.37,0.1199,1201.93,292.65,73.7,0.1191,0,normal
2025-01-01T00:10:41.500000,1218.33,286.71,71.39,0.1196,1192.89,289.32,70.94,0.1177,0,normal
2025-01-01T00:10:42,1247.25,289.02,70.9,0.1221,1205.68,288.35,72.4,0.1271,0,normal
2025-01-01T00:10:42.500000,1208.29,284.73,73.5,0.1208,1205.83,287.68,71.73,0.1201,0,normal
2025-01-01T00:10:43,1185.92,281.79,70.56,0.115,1157.77,283.51,72.3,0.1184,0,normal
2025-01-01T00:10:43.500000,1143.46,291.73,73.56,0.1216,1291.56,276.64,77.44,0.1142,0,normal
2025-01-01T00:10:44,1205.73,279.55,72.02,0.1214,1192.57,291.1,72.29,0.1169,0,normal
2025-01-01T00:10:44.500000,1186.4,288.47,71.06,0.1233,1258.69,270.73,75.26,0.1324,0,normal
2025-01-01T00:10:45,1206.05,287.56,73.49,0.119,1208.75,273.76,72.4,0.123,0,normal
2025-01-01T00:10:45.500000,1212.39,289.55,70.88,0.1181,1290.98,283.71,72.58,0.1196,0,normal
2025-01-01T00:10:46,1180.28,291.94,71.24,0.1159,1178.36,267.89,70.12,0.1142,0,normal
2025-01-01T00:10:46.500000,1214.82,282.12,73.28,0.125,1237.5,283.16,72.41,0.1109,0,normal
2025-01-01T00:10:47,1196.79,281.32,73.0,0.1293,1223.99,267.98,70.96,0.1207,0,normal
2025-01-01T00:10:47.500000,1202.1,281.88,72.35,0.1155,1154.64,290.52,69.07,0.1232,0,normal
2025-01-01T00:10:48,1167.13,292.54,70.89,0.1192,1215.87,280.17,72.41,0.1235,0,normal
2025-01-01T00:10:48.500000,1223.05,288.38,71.75,0.1195,1312.76,293.12,69.35,0.1206,0,normal
2025-01-01T00:10:49,1191.96,284.42,70.23,0.1185,1286.95,289.95,64.83,0.1273,0,normal
2025-01-01T00:10:49.500000,1226.15,283.46,73.03,0.1169,1177.43,297.81,71.22,0.1088,0,normal
2025-01-01T00:10:50,1198.48,284.66,73.73,0.1201,1179.76,293.94,72.35,0.1155,0,normal
2025-01-01T00:10:50.500000,1227.72,285.83,72.0,0.1206,1148.61,280.49,72.01,0.1188,0,normal
2025-01-01T00:10:51,1230.54,285.93,73.23,0.12,1250.7,288.4,72.04,0.1199,0,normal
2025-01-01T00:10:51.500000,1177.09,287.17,71.94,0.1182,1253.11,274.31,70.78,0.1262,0,normal
2025-01-01T00:10:52,1207.57,284.8,72.36,0.1206,1127.2,282.01,76.66,0.116,0,normal
2025-01-01T00:10:52.500000,1192.36,282.68,71.87,0.1179,1223.36,286.69,74.23,0.1137,0,normal
2025-01-01T00:10:53,1191.83,284.04,72.66,0.1171,1243.95,295.14,69.15,0.1171,0,normal
2025-01-01T00:10:53.500000,1187.23,296.25,71.38,0.126,1139.2,276.54,70.02,0.1149,0,normal
2025-01-01T00:10:54,1193.57,281.97,70.82,0.1242,1258.74,293.12,73.51,0.1206,0,normal
2025-01-01T00:10:54.500000,1188.07,280.93,72.52,0.1158,1152.29,294.86,77.47,0.1224,0,normal
2025-01-01T00:10:55,1226.55,283.95,70.07,0.1222,1227.33,285.61,71.3,0.1258,0,normal
2025-01-01T00:10:55.500000,1176.34,281.69,70.55,0.1203,1147.78,279.15,69.97,0.1184,0,normal
2025-01-01T00:10:56,1164.3,285.37,73.8,0.1205,1273.98,296.41,74.24,0.1204,0,normal
2025-01-01T00:10:56.500000,1200.54,288.27,71.44,0.1132,1223.62,275.33,69.23,0.12,0,normal
2025-01-01T00:10:57,1197.72,278.96,72.24,0.1235,1145.84,295.88,67.51,0.1327,0,normal
2025-01-01T00:10:57.500000,1190.13,285.62,69.28,0.1198,1210.97,284.26,70.38,0.1143,0,normal
2025-01-01T00:10:58,1227.13,285.13,74.22,0.1181,1179.13,291.97,67.33,0.1127,0,normal
2025-01-01T00:10:58.500000,1226.34,279.99,69.38,0.1267,1133.1,286.57,72.2,0.1031,0,normal
2025-01-01T00:10:59,1193.58,286.92,72.51,0.1233,1181.4,291.09,70.01,0.1115,0,normal
2025-01-01T00:10:59.500000,1168.85,278.75,73.45,0.1145,1213.15,282.73,71.7,0.1282,0,normal
2025-01-01T00:11:00,1189.48,287.61,72.05,0.1195,1310.4,272.68,75.71,0.1239,0,normal
2025-01-01T00:11:00.500000,1188.49,291.97,69.34,0.1181,1141.99,288.52,68.79,0.1226,0,normal
2025-01-01T00:11:01,1195.53,282.95,72.56,0.119,1147.75,308.95,70.6,0.1067,0,normal
2025-01-01T00:11:01.500000,1179.79,279.58,73.19,0.1212,1219.14,281.84,71.2,0.1178,0,normal
2025-01-01T00:11:02,1198.05,288.57,72.48,0.1218,1223.98,292.56,72.83,0.1222,0,normal
2025-01-01T00:11:02.500000,1228.53,282.16,70.77,0.1157,1208.78,269.15,73.33,0.1193,0,normal
2025-01-01T00:11:03,1227.23,282.13,71.71,0.124,1266.39,279.18,72.52,0.1218,0,normal
2025-01-01T00:11:03.500000,1208.97,283.88,73.85,0.1132,1179.79,288.83,73.32,0.1281,0,normal
2025-01-01T00:11:04,1228.76,283.78,73.87,0.1174,1244.68,300.48,75.5,0.1206,0,normal
2025-01-01T00:11:04.500000,1192.04,278.47,72.45,0.116,1161.93,274.82,70.67,0.1198,0,normal
2025-01-01T00:11:05,1206.57,282.43,73.54,0.1193,1162.19,286.93,77.66,0.122,0,normal
2025-01-01T00:11:05.500000,1191.29,278.47,71.68,0.1208,1181.4,270.76,69.55,0.1287,0,normal
2025-01-01T00:11:06,1234.42,281.21,72.97,0.1158,1267.41,287.1,74.73,0.1097,0,normal
2025-01-01T00:11:06.500000,1216.26,284.97,73.23,0.1233,1203.16,279.86,74.25,0.1196,0,normal
2025-01-01T00:11:07,1179.05,281.07,69.87,0.1182,1252.93,286.52,70.47,0.1248,0,normal
2025-01-01T00:11:07.500000,1180.02,285.41,71.74,0.1228,1124.29,277.73,67.28,0.1184,0,normal
2025-01-01T00:11:08,1229.07,282.84,71.26,0.1231,1251.29,284.24,73.97,0.1135,0,normal
2025-01-01T00:11:08.500000,1233.07,294.19,72.75,0.1125,1173.2,290.24,70.79,0.1276,0,normal
2025-01-01T00:11:09,1214.12,281.98,72.05,0.1168,1191.24,280.26,75.38,0.1327,0,normal
2025-01-01T00:11:09.500000,1165.65,276.78,71.65,0.1145,1202.22,291.4,76.3,0.1212,0,normal
2025-01-01T00:11:10,1195.36,276.54,72.04,0.1203,1230.67,278.94,70.75,0.1111,0,normal
2025-01-01T00:11:10.500000,1145.01,280.26,69.74,0.1212,1175.13,280.4,69.16,0.1006,0,normal
2025-01-01T00:11:11,1236.2,280.72,71.41,0.1148,1246.65,286.23,69.62,0.1176,0,normal
2025-01-01T00:11:11.500000,1240.28,284.69,71.74,0.1166,1109.06,283.63,72.94,0.1266,0,normal
2025-01-01T00:11:12,1146.04,280.19,71.16,0.12,1193.04,283.96,73.18,0.1146,0,normal
2025-01-01T00:11:12.500000,1222.42,286.85,71.54,0.1258,1274.71,292.98,63.31,0.1295,0,normal
2025-01-01T00:11:13,1219.07,293.58,73.78,0.1257,1242.18,296.53,77.74,0.1213,0,normal
2025-01-01T00:11:13.500000,1162.27,283.69,72.56,0.1203,1140.17,271.05,69.87,0.1248,0,normal
2025-01-01T00:11:14,1237.93,288.92,73.52,0.1197,1116.38,281.11,71.25,0.117,0,normal
2025-01-01T00:11:14.500000,1201.31,286.89,73.23,0.119,1108.62,280.87,72.13,0.1273,0,normal
2025-01-01T00:11:15,1186.37,287.19,72.42,0.1202,1244.67,279.35,70.34,0.1199,0,normal
2025-01-01T00:11:15.500000,1184.64,287.17,70.97,0.1208,1195.19,286.84,70.68,0.118,0,normal
2025-01-01T00:11:16,1202.3,285.86,71.99,0.1261,1152.44,284.45,67.47,0.1222,0,normal
2025-01-01T00:11:16.500000,1173.23,283.81,71.46,0.121,1173.47,279.91,76.14,0.1217,0,normal
2025-01-01T00:11:17,1186.53,283.93,74.37,0.1192,1166.91,279.14,70.42,0.1164,0,normal
2025-01-01T00:11:17.500000,1169.29,280.19,70.81,0.1221,1181.7,283.23,75.66,0.1278,0,normal
2025-01-01T00:11:18,1193.23,282.3,70.76,0.1225,1190.17,281.7,69.66,0.1154,0,normal
2025-01-01T00:11:18.500000,1207.68,279.38,73.43,0.1181,1192.82,273.57,71.96,0.118,0,normal
2025-01-01T00:11:19,1198.8,291.29,72.26,0.1171,1165.86,290.09,75.74,0.1217,0,normal
2025-01-01T00:11:19.500000,1216.53,287.61,74.04,0.113,1232.03,293.41,68.14,0.1147,0,normal
2025-01-01T00:11:20,1179.58,281.88,71.31,0.1209,1241.55,294.25,69.59,0.1149,0,normal
2025-01-01T00:11:20.500000,1231.58,287.76,72.12,0.1217,1198.57,289.49,71.03,0.1216,0,normal
2025-01-01T00:11:21,1163.75,282.06,71.03,0.1187,1155.53,280.44,67.64,0.1233,0,normal
2025-01-01T00:11:21.500000,1198.02,277.71,70.8,0.1212,1173.93,279.04,71.79,0.1221,0,normal
2025-01-01T00:11:22,1165.53,287.35,70.85,0.1199,1198.3,280.49,69.05,0.1183,0,normal
2025-01-01T00:11:22.500000,1239.01,279.18,74.44,0.1191,1201.7,275.71,69.78,0.117,0,normal
2025-01-01T00:11:23,1174.9,284.11,71.41,0.1267,1144.03,285.88,72.71,0.1136,0,normal
2025-01-01T00:11:23.500000,1216.48,283.3,68.41,0.1224,1146.39,276.04,73.98,0.1179,0,normal
2025-01-01T00:11:24,1222.03,290.17,71.07,0.1229,1163.74,304.09,70.0,0.1262,0,normal
2025-01-01T00:11:24.500000,1220.25,286.35,71.03,0.1195,1096.63,286.92,73.01,0.1208,0,normal
2025-01-01T00:11:25,1128.64,279.59,70.92,0.121,1213.89,283.54,73.83,0.1138,0,normal
2025-01-01T00:11:25.500000,1214.65,287.03,72.54,0.1193,1287.88,289.22,69.21,0.1215,0,normal
2025-01-01T00:11:26,1218.06,282.49,73.57,0.1214,1087.56,287.56,70.83,0.1232,0,normal
2025-01-01T00:11:26.500000,1222.66,285.83,74.4,0.1194,1229.99,291.88,71.72,0.1247,0,normal
2025-01-01T00:11:27,1185.73,283.19,70.11,0.1209,1215.61,295.08,74.28,0.1183,0,normal
2025-01-01T00:11:27.500000,1171.72,286.85,73.6,0.1227,1252.05,283.19,70.66,0.1156,0,normal
2025-01-01T00:11:28,1198.66,284.66,72.3,0.1195,1193.59,278.36,74.71,0.1205,0,normal
2025-01-01T00:11:28.500000,1195.81,281.8,70.08,0.1247,1226.62,271.12,74.2,0.1255,0,normal
2025-01-01T00:11:29,1202.99,291.83,72.31,0.1149,1217.53,287.09,70.26,0.1234,0,normal
2025-01-01T00:11:29.500000,1159.98,289.23,70.74,0.1165,1194.54,288.7,72.47,0.1155,0,normal
2025-01-01T00:11:30,1187.85,280.16,71.68,0.1239,1199.8,292.35,76.19,0.1165,0,normal
2025-01-01T00:11:30.500000,1195.52,294.28,74.08,0.114,1218.58,285.0,74.38,0.1155,0,normal
2025-01-01T00:11:31,1179.85,282.11,71.18,0.1229,1143.3,279.68,66.85,0.126,0,normal
2025-01-01T00:11:31.500000,1230.5,283.6,71.57,0.1216,1270.78,288.49,69.99,0.1103,0,normal
2025-01-01T00:11:32,1173.24,285.31,71.06,0.1207,1173.46,275.95,68.61,0.1294,0,normal
2025-01-01T00:11:32.500000,1221.34,292.4,72.78,0.1185,1263.52,284.72,72.64,0.1197,0,normal
2025-01-01T00:11:33,1129.27,291.86,72.71,0.1212,1197.03,286.4,70.28,0.1237,0,normal
2025-01-01T00:11:33.500000,1168.63,285.8,72.81,0.1193,1217.8,276.52,69.22,0.1214,0,normal
2025-01-01T00:11:34,1216.29,276.98,72.75,0.118,1190.75,273.55,69.55,0.1258,0,normal
2025-01-01T00:11:34.500000,1200.79,283.36,71.83,0.1218,1221.14,284.36,75.15,0.1258,0,normal
2025-01-01T00:11:35,1209.92,285.23,72.95,0.1211,1250.92,292.69,69.07,0.1135,0,normal
2025-01-01T00:11:35.500000,1183.17,289.17,69.73,0.1214,1217.4,294.94,72.52,0.1119,0,normal
2025-01-01T00:11:36,1176.98,279.95,71.23,0.1193,1144.06,297.57,68.18,0.1281,0,normal
2025-01-01T00:11:36.500000,1228.44,288.84,71.0,0.1212,1138.69,292.79,71.79,0.1175,0,normal
2025-01-01T00:11:37,1170.63,274.41,70.5,0.124,1180.66,283.55,73.89,0.1308,0,normal
2025-01-01T00:11:37.500000,1231.8,280.84,69.2,0.1285,1308.91,286.61,68.34,0.1258,0,normal
2025-01-01T00:11:38,1197.41,284.52,73.29,0.1212,1143.08,282.22,73.9,0.1231,0,normal
2025-01-01T00:11:38.500000,1206.29,288.99,71.48,0.1206,1037.97,281.16,74.2,0.1177,0,normal
2025-01-01T00:11:39,1188.81,280.55,73.44,0.122,1239.62,270.24,71.54,0.1183,0,normal
2025-01-01T00:11:39.500000,1193.27,282.37,71.5,0.1231,1108.18,300.2,73.39,0.1197,0,normal
2025-01-01T00:11:40,1221.76,278.79,71.04,0.1196,1265.55,284.6,73.3,0.1165,0,normal
2025-01-01T00:11:40.500000,1211.68,292.17,73.43,0.1197,1232.42,289.94,73.46,0.1267,0,normal
2025-01-01T00:11:41,1226.51,284.46,72.92,0.1186,1155.69,282.7,71.78,0.11,0,normal
2025-01-01T00:11:41.500000,1220.65,273.17,75.91,0.1254,1187.47,285.08,72.87,0.1165,0,normal
2025-01-01T00:11:42,1204.62,284.38,71.86,0.1207,1136.95,285.34,72.47,0.1208,0,normal
2025-01-01T00:11:42.500000,1194.82,289.86,71.49,0.1208,1262.27,284.32,72.62,0.1194,0,normal
2025-01-01T00:11:43,1229.7,283.9,73.85,0.1196,1158.75,290.81,71.12,0.1237,0,normal
2025-01-01T00:11:43.500000,1134.49,285.02,71.34,0.1162,1173.44,280.09,71.86,0.1118,0,normal
2025-01-01T00:11:44,1207.59,290.84,72.4,0.1229,1252.54,295.57,77.39,0.117,0,normal
2025-01-01T00:11:44.500000,1182.76,288.35,73.02,0.1228,1290.69,285.1,73.23,0.1141,0,normal
2025-01-01T00:11:45,1251.25,283.56,71.56,0.1188,1169.04,278.76,70.49,0.1118,0,normal
2025-01-01T00:11:45.500000,1181.15,293.33,73.06,0.1233,1256.51,300.68,66.9,0.1126,0,normal
2025-01-01T00:11:46,1180.71,282.99,71.57,0.1184,1210.53,285.3,69.92,0.1069,0,normal
2025-01-01T00:11:46.500000,1176.17,282.65,71.64,0.1159,1176.44,275.33,71.64,0.1136,0,normal
2025-01-01T00:11:47,1179.63,279.41,71.78,0.1169,1243.53,288.47,71.8,0.1152,0,normal
2025-01-01T00:11:47.500000,1209.13,287.95,72.21,0.1258,1222.06,292.81,72.38,0.1241,0,normal
2025-01-01T00:11:48,1180.88,283.04,72.5,0.1212,1224.37,294.41,67.9,0.1142,0,normal
2025-01-01T00:11:48.500000,1205.51,281.9,76.86,0.1219,1196.24,280.59,70.62,0.1202,0,normal
2025-01-01T00:11:49,1202.69,283.05,71.61,0.1248,1266.46,287.15,68.14,0.1232,0,normal
2025-01-01T00:11:49.500000,1237.3,290.86,73.06,0.1251,1202.56,290.37,70.04,0.1218,0,normal
2025-01-01T00:11:50,1231.91,282.48,70.76,0.1204,1189.12,290.55,70.69,0.1303,0,normal
2025-01-01T00:11:50.500000,1169.05,290.36,70.9,0.1135,1211.42,282.82,68.8,0.1099,0,normal
2025-01-01T00:11:51,1199.8,289.17,72.84,0.1202,1222.98,284.77,67.88,0.1115,0,normal
2025-01-01T00:11:51.500000,1195.12,284.31,73.23,0.1227,1229.05,282.6,68.02,0.1225,0,normal
2025-01-01T00:11:52,1212.6,274.79,70.8,0.1175,1205.68,278.13,71.89,0.1187,0,normal
2025-01-01T00:11:52.500000,1196.18,281.94,71.08,0.1161,1218.24,289.88,69.78,0.1291,0,normal
2025-01-01T00:11:53,1192.45,291.54,71.08,0.1127,1219.31,287.13,72.1,0.1161,0,normal
2025-01-01T00:11:53.500000,1199.17,282.81,71.56,0.123,1208.84,290.22,71.33,0.1179,0,normal
2025-01-01T00:11:54,1172.32,283.42,67.22,0.1179,1196.07,289.82,71.23,0.1221,0,normal
2025-01-01T00:11:54.500000,1147.69,284.76,69.58,0.1157,1191.02,295.91,73.07,0.1201,0,normal
2025-01-01T00:11:55,1199.53,281.95,71.22,0.1215,1133.5,290.07,70.88,0.125,0,normal
2025-01-01T00:11:55.500000,1223.07,277.85,71.16,0.1169,1112.99,276.17,79.03,0.1237,0,normal
2025-01-01T00:11:56,1246.01,288.54,70.93,0.1186,1228.24,288.74,70.34,0.1109,0,normal
2025-01-01T00:11:56.500000,1278.91,284.4,71.53,0.1204,1188.35,286.05,75.71,0.1193,0,normal
2025-01-01T00:11:57,1172.09,284.31,71.33,0.1251,1256.21,285.92,68.32,0.1126,0,normal
2025-01-01T00:11:57.500000,1200.36,286.44,71.46,0.1183,1171.55,284.8,65.14,0.1134,0,normal
2025-01-01T00:11:58,1184.95,290.16,70.83,0.1206,1210.87,296.1,75.64,0.1197,0,normal
2025-01-01T00:11:58.500000,1188.59,282.16,71.65,0.1184,1226.57,288.59,73.7,0.1276,0,normal
2025-01-01T00:11:59,1244.71,285.53,73.58,0.1187,1256.88,294.08,74.9,0.1206,0,normal
2025-01-01T00:11:59.500000,1183.96,279.04,71.94,0.1255,1185.13,291.71,74.43,0.1183,0,normal
2025-01-01T00:12:00,1231.59,272.57,70.24,0.1167,1160.65,287.88,72.84,0.1224,0,normal
2025-01-01T00:12:00.500000,1214.31,280.94,70.25,0.1214,1169.75,271.57,74.8,0.1284,0,normal
2025-01-01T00:12:01,1237.37,285.8,72.9,0.1249,1169.21,294.5,72.79,0.1255,0,normal
2025-01-01T00:12:01.500000,1204.47,290.54,72.32,0.1147,1269.69,276.9,75.61,0.1195,0,normal
2025-01-01T00:12:02,1228.22,289.85,72.62,0.1218,1220.29,267.78,72.34,0.1133,0,normal
2025-01-01T00:12:02.500000,1204.11,280.11,70.29,0.1258,1251.33,284.96,72.53,0.1185,0,normal
2025-01-01T00:12:03,1213.68,282.11,73.43,0.1191,1179.85,285.19,70.3,0.122,0,normal
2025-01-01T00:12:03.500000,1187.1,287.0,73.75,0.1174,1193.73,288.94,70.74,0.1228,0,normal
2025-01-01T00:12:04,1213.33,289.63,71.13,0.1166,1185.24,276.73,73.63,0.113,0,normal
2025-01-01T00:12:04.500000,1255.99,290.54,72.02,0.1231,1121.43,306.57,70.3,0.1193,0,normal
2025-01-01T00:12:05,1155.46,287.08,70.41,0.1204,1173.87,275.79,69.68,0.1214,0,normal
2025-01-01T00:12:05.500000,1169.24,281.8,72.96,0.1294,1222.92,277.16,70.94,0.1202,0,normal
2025-01-01T00:12:06,1191.61,288.86,72.31,0.1233,1184.91,296.33,71.52,0.1142,0,normal
2025-01-01T00:12:06.500000,1252.26,277.2,70.94,0.1177,1320.4,300.45,76.3,0.118,0,normal
2025-01-01T00:12:07,1258.23,286.57,73.41,0.1206,1197.63,282.85,71.4,0.1237,0,normal
2025-01-01T00:12:07.500000,1208.81,284.87,74.17,0.1093,1224.47,291.14,75.3,0.1196,0,normal
2025-01-01T00:12:08,1204.99,289.21,74.15,0.1189,1212.81,299.35,65.88,0.1159,0,normal
2025-01-01T00:12:08.500000,1235.18,289.67,72.75,0.1184,1157.67,279.95,76.46,0.1162,0,normal
2025-01-01T00:12:09,1202.43,281.78,73.21,0.1181,1195.32,270.61,67.35,0.12,0,normal
2025-01-01T00:12:09.500000,1168.2,294.0,69.03,0.1171,1200.8,281.88,68.82,0.1143,0,normal
2025-01-01T00:12:10,1176.22,283.77,74.81,0.1203,1256.78,289.33,75.21,0.1032,0,normal
2025-01-01T00:12:10.500000,1192.69,290.59,71.18,0.1263,1271.23,280.99,70.55,0.1139,0,normal
2025-01-01T00:12:11,1184.89,279.73,72.62,0.1148,1228.98,290.37,67.22,0.1293,0,normal
2025-01-01T00:12:11.500000,1212.33,288.2,70.91,0.1222,1254.07,284.16,77.77,0.1203,0,normal
2025-01-01T00:12:12,1227.38,286.25,72.84,0.114,1217.81,278.72,69.56,0.1305,0,normal
2025-01-01T00:12:12.500000,1194.87,280.71,71.48,0.1153,1268.83,279.05,73.52,0.1281,0,normal
2025-01-01T00:12:13,1188.0,287.27,70.52,0.1288,1244.95,283.35,69.77,0.1193,0,normal
2025-01-01T00:12:13.500000,1191.84,293.35,70.24,0.1205,1199.12,284.0,71.69,0.1193,0,normal
2025-01-01T00:12:14,1220.95,287.6,72.6,0.1091,1214.39,270.84,73.86,0.1288,0,normal
2025-01-01T00:12:14.500000,1177.77,283.88,71.14,0.1244,1204.56,299.78,73.19,0.1215,0,normal
2025-01-01T00:12:15,1201.64,288.5,69.5,0.1203,1196.64,291.2,71.46,0.1138,0,normal
2025-01-01T00:12:15.500000,1200.18,280.37,69.23,0.1226,1227.79,288.99,75.75,0.116,0,normal
2025-01-01T00:12:16,1165.65,284.7,71.5,0.117,1196.17,279.77,66.71,0.1174,0,normal
2025-01-01T00:12:16.500000,1172.73,285.99,71.06,0.124,1276.99,290.81,67.53,0.129,0,normal
2025-01-01T00:12:17,1237.82,285.08,73.91,0.118,1110.42,278.5,76.98,0.1111,0,normal
2025-01-01T00:12:17.500000,1199.99,285.15,71.26,0.1184,1203.47,280.19,67.9,0.1213,0,normal
2025-01-01T00:12:18,1225.76,288.72,70.83,0.1155,1186.36,298.4,73.86,0.1242,0,normal
2025-01-01T00:12:18.500000,1221.36,286.8,72.17,0.1224,1173.78,272.91,74.08,0.1274,0,normal
2025-01-01T00:12:19,1173.16,288.51,74.42,0.12,1160.74,286.05,70.41,0.1163,0,normal
2025-01-01T00:12:19.500000,1210.4,278.14,69.92,0.1201,1198.93,287.94,77.4,0.1206,0,normal
2025-01-01T00:12:20,1214.36,280.83,73.11,0.1181,1203.43,284.07,74.97,0.1121,0,normal
2025-01-01T00:12:20.500000,1145.2,284.09,72.67,0.1205,1259.15,288.74,70.38,0.106,0,normal
2025-01-01T00:12:21,1194.3,289.39,71.44,0.1201,1220.23,276.32,73.79,0.1298,0,normal
2025-01-01T00:12:21.500000,1195.85,280.17,71.9,0.112,1216.17,288.87,76.83,0.1188,0,normal
2025-01-01T00:12:22,1209.8,281.32,71.49,0.1145,1190.65,282.39,72.86,0.1163,0,normal
2025-01-01T00:12:22.500000,1202.0,283.57,71.52,0.1203,1201.95,291.51,71.65,0.1179,0,normal
2025-01-01T00:12:23,1195.66,281.94,71.48,0.1273,1156.19,282.62,70.88,0.1185,0,normal
2025-01-01T00:12:23.500000,1192.05,286.19,69.54,0.1237,1230.36,274.37,65.47,0.1141,0,normal
2025-01-01T00:12:24,1194.18,296.03,72.78,0.1135,1166.9,284.55,72.73,0.1121,0,normal
2025-01-01T00:12:24.500000,1196.76,281.93,70.41,0.1209,1237.15,292.19,73.65,0.117,0,normal
2025-01-01T00:12:25,1217.15,286.32,72.19,0.1178,1176.15,285.63,79.03,0.1218,0,normal
2025-01-01T00:12:25.500000,1185.33,281.44,71.29,0.1278,1180.84,292.75,70.92,0.1216,0,normal
2025-01-01T00:12:26,1219.0,282.56,71.08,0.126,1247.26,291.76,74.27,0.1228,0,normal
2025-01-01T00:12:26.500000,1248.43,285.19,72.83,0.1148,1160.4,274.73,75.67,0.1047,0,normal
2025-01-01T00:12:27,1190.34,272.2,70.8,0.1182,1266.47,288.39,69.6,0.1264,0,normal
2025-01-01T00:12:27.500000,1200.43,285.16,70.27,0.1164,1160.4,285.4,72.22,0.1293,0,normal
2025-01-01T00:12:28,1209.24,273.43,72.38,0.1148,1153.63,278.06,70.09,0.1117,0,normal
2025-01-01T00:12:28.500000,1204.88,278.97,72.51,0.1281,1136.19,282.57,64.73,0.1182,0,normal
2025-01-01T00:12:29,1215.43,288.08,72.11,0.1232,1322.21,299.64,70.5,0.1113,0,normal
2025-01-01T00:12:29.500000,1190.25,280.95,72.65,0.1157,1196.5,292.17,71.71,0.1143,0,normal
2025-01-01T00:12:30,1228.2,276.97,71.53,0.1199,1200.76,286.54,73.76,0.1198,0,normal
2025-01-01T00:12:30.500000,1191.17,283.26,71.12,0.1228,1168.97,292.24,72.05,0.1169,0,normal
2025-01-01T00:12:31,1214.84,281.89,72.92,0.1208,1171.38,289.52,73.57,0.1269,0,normal
2025-01-01T00:12:31.500000,1223.19,287.1,70.38,0.1288,1132.63,293.12,73.24,0.113,0,normal
2025-01-01T00:12:32,1197.02,284.66,73.88,0.1174,1187.43,265.03,77.0,0.1136,0,normal
2025-01-01T00:12:32.500000,1207.85,284.57,71.86,0.1229,1280.22,287.15,73.89,0.122,0,normal
2025-01-01T00:12:33,1224.42,283.02,73.55,0.124,1251.96,279.36,71.52,0.1214,0,normal
2025-01-01T00:12:33.500000,1167.1,291.82,71.98,0.121,1172.3,273.66,70.26,0.1213,0,normal
2025-01-01T00:12:34,1216.16,285.69,72.5,0.1188,1223.82,297.68,74.03,0.1249,0,normal
2025-01-01T00:12:34.500000,1207.06,278.57,70.5,0.1216,1199.47,288.76,76.83,0.1244,0,normal
2025-01-01T00:12:35,1230.21,285.4,70.84,0.1198,1161.37,298.32,74.28,0.1231,0,normal
2025-01-01T00:12:35.500000,1229.66,276.36,72.85,0.1153,1199.65,282.33,73.91,0.1214,0,normal
2025-01-01T00:12:36,1232.28,282.43,73.02,0.1206,1121.51,277.15,71.57,0.1267,0,normal
2025-01-01T00:12:36.500000,1211.13,280.01,71.8,0.1273,1205.34,282.2,73.42,0.1246,0,normal
2025-01-01T00:12:37,1189.05,287.15,71.53,0.1226,1208.15,289.12,69.81,0.1151,0,normal
2025-01-01T00:12:37.500000,1222.69,284.66,72.41,0.1189,1243.14,279.8,71.61,0.1247,0,normal
2025-01-01T00:12:38,1228.15,282.76,74.82,0.1211,1149.94,288.16,70.9,0.1226,0,normal
2025-01-01T00:12:38.500000,1198.97,285.32,70.69,0.1236,1144.51,275.52,73.06,0.1296,0,normal
2025-01-01T00:12:39,1191.54,288.0,73.55,0.1229,1185.06,275.67,65.64,0.1184,0,normal
2025-01-01T00:12:39.500000,1228.27,280.19,73.01,0.1166,1205.09,291.05,70.1,0.121,0,normal
2025-01-01T00:12:40,1190.04,288.01,72.34,0.1202,1274.8,290.66,70.01,0.1195,0,normal
2025-01-01T00:12:40.500000,1198.18,285.34,75.64,0.1213,1102.28,280.36,66.43,0.118,0,normal
2025-01-01T00:12:41,1152.3,281.27,69.81,0.1214,1200.03,287.59,71.7,0.1116,0,normal
2025-01-01T00:12:41.500000,1212.32,293.22,72.59,0.1185,1131.45,277.24,73.3,0.1264,0,normal
2025-01-01T00:12:42,1206.26,288.42,73.02,0.1218,1168.39,286.49,69.56,0.1201,0,normal
2025-01-01T00:12:42.500000,1207.94,292.18,70.11,0.1217,1271.1,291.49,74.4,0.1235,0,normal
2025-01-01T00:12:43,1231.16,280.35,70.0,0.12,1096.26,295.52,75.52,0.1174,0,normal
2025-01-01T00:12:43.500000,1191.1,284.69,72.07,0.1205,1226.8,283.52,74.72,0.1227,0,normal
2025-01-01T00:12:44,1185.43,290.71,70.04,0.1197,1246.41,278.82,72.89,0.1233,0,normal
2025-01-01T00:12:44.500000,1179.35,284.69,71.77,0.118,1310.48,278.48,74.89,0.1176,0,normal
2025-01-01T00:12:45,1173.92,285.44,72.93,0.1233,1274.99,310.18,72.72,0.116,0,normal
2025-01-01T00:12:45.500000,1210.87,283.86,73.33,0.1153,1313.68,292.32,67.15,0.1157,0,normal
2025-01-01T00:12:46,1219.59,290.03,70.17,0.1226,1106.53,284.24,75.2,0.1167,0,normal
2025-01-01T00:12:46.500000,1163.83,285.63,71.13,0.1223,1157.5,278.39,66.18,0.121,0,normal
2025-01-01T00:12:47,1196.14,279.92,72.28,0.1237,1189.65,287.29,72.79,0.1128,0,normal
2025-01-01T00:12:47.500000,1249.36,282.99,72.94,0.1228,1193.3,290.19,72.71,0.1115,0,normal
2025-01-01T00:12:48,1192.03,282.38,71.34,0.1153,1254.07,298.7,74.82,0.1276,0,normal
2025-01-01T00:12:48.500000,1191.73,282.28,70.88,0.1223,1210.9,284.34,75.73,0.1224,0,normal
2025-01-01T00:12:49,1179.87,282.09,72.98,0.1238,1226.48,301.22,76.71,0.1226,0,normal
2025-01-01T00:12:49.500000,1179.87,279.4,71.44,0.1227,1287.68,288.57,75.37,0.1185,0,normal
2025-01-01T00:12:50,1214.95,288.52,69.15,0.1185,1245.59,287.35,68.55,0.1054,0,normal
2025-01-01T00:12:50.500000,1191.22,284.69,70.73,0.1205,1224.31,290.73,65.21,0.1121,0,normal
2025-01-01T00:12:51,1192.69,287.45,72.7,0.1217,1181.6,282.2,69.9,0.1246,0,normal
2025-01-01T00:12:51.500000,1177.91,288.63,72.3,0.1198,1168.48,273.41,70.13,0.118,0,normal
2025-01-01T00:12:52,1143.14,284.16,73.33,0.122,1176.18,285.4,70.4,0.1209,0,normal
2025-01-01T00:12:52.500000,1236.96,289.14,72.75,0.1182,1236.0,270.58,71.27,0.1235,0,normal
2025-01-01T00:12:53,1217.77,287.86,72.42,0.1193,1225.82,276.85,69.57,0.1204,0,normal
2025-01-01T00:12:53.500000,1204.16,277.2,72.66,0.1228,1196.29,305.3,70.03,0.1178,0,normal
2025-01-01T00:12:54,1190.52,284.67,71.53,0.1149,1173.77,284.17,75.54,0.1332,0,normal
2025-01-01T00:12:54.500000,1232.05,281.69,71.0,0.1194,1285.66,283.59,68.18,0.117,0,normal
2025-01-01T00:12:55,1218.17,287.95,71.71,0.1225,1090.89,285.89,74.48,0.115,0,normal
2025-01-01T00:12:55.500000,1179.93,277.02,74.29,0.1174,1211.57,290.16,76.35,0.1191,0,normal
2025-01-01T00:12:56,1187.05,285.74,73.85,0.1194,1154.17,271.83,68.48,0.1252,0,normal
2025-01-01T00:12:56.500000,1192.31,282.4,70.97,0.1203,1188.51,282.66,75.89,0.1292,0,normal
2025-01-01T00:12:57,1161.36,286.4,70.88,0.1191,1214.85,283.18,72.66,0.124,0,normal
2025-01-01T00:12:57.500000,1207.07,282.23,71.09,0.1148,1159.01,301.78,69.72,0.1128,0,normal
2025-01-01T00:12:58,1207.68,284.53,71.72,0.1251,1226.36,280.47,70.78,0.117,0,normal
2025-01-01T00:12:58.500000,1220.99,283.68,69.42,0.1198,1126.22,303.68,69.22,0.119,0,normal
2025-01-01T00:12:59,1206.2,283.77,71.58,0.1215,1273.26,291.56,76.26,0.1137,0,normal
2025-01-01T00:12:59.500000,1207.62,285.66,72.51,0.125,1189.4,281.53,73.54,0.1093,0,normal
2025-01-01T00:13:00,1194.32,284.43,70.67,0.1238,1149.01,283.84,72.84,0.1281,0,normal
2025-01-01T00:13:00.500000,1199.75,289.0,73.01,0.1204,1147.7,272.73,72.31,0.1167,0,normal
2025-01-01T00:13:01,1222.06,288.19,71.73,0.1158,1224.52,276.3,69.82,0.1141,0,normal
2025-01-01T00:13:01.500000,1196.68,290.0,71.99,0.1184,1126.77,289.72,69.75,0.1207,0,normal
2025-01-01T00:13:02,1191.5,288.58,71.77,0.1198,1223.32,303.01,74.56,0.1195,0,normal
2025-01-01T00:13:02.500000,1200.08,282.76,70.63,0.118,1162.94,290.59,68.91,0.128,0,normal
2025-01-01T00:13:03,1218.05,285.09,72.0,0.118,1212.96,294.3,69.97,0.1108,0,normal
2025-01-01T00:13:03.500000,1216.88,286.39,70.39,0.1174,1158.76,278.81,71.07,0.1184,0,normal
2025-01-01T00:13:04,1184.38,281.76,71.67,0.1206,1184.82,294.91,73.46,0.1105,0,normal
2025-01-01T00:13:04.500000,1212.57,287.59,71.37,0.1146,1200.39,284.93,68.77,0.1113,0,normal
2025-01-01T00:13:05,1197.9,284.0,71.4,0.1197,1147.07,281.28,73.54,0.1179,0,normal
2025-01-01T00:13:05.500000,1159.87,282.98,70.46,0.121,1215.3,270.82,74.19,0.1133,0,normal
2025-01-01T00:13:06,1237.42,284.79,70.21,0.1159,1216.71,281.65,71.72,0.1297,0,normal
2025-01-01T00:13:06.500000,1183.22,285.26,74.04,0.121,1122.88,289.32,68.65,0.1284,0,normal
2025-01-01T00:13:07,1180.25,297.69,74.11,0.1171,1200.96,291.44,74.26,0.1227,0,normal
2025-01-01T00:13:07.500000,1230.05,284.47,71.47,0.1188,1241.2,288.12,72.84,0.1248,0,normal
2025-01-01T00:13:08,1150.77,286.33,72.31,0.126,1126.63,298.31,72.22,0.1229,0,normal
2025-01-01T00:13:08.500000,1240.22,287.4,72.58,0.1209,1176.79,284.76,69.94,0.1197,0,normal
2025-01-01T00:13:09,1143.94,286.83,71.82,0.1188,1210.55,272.74,77.56,0.1194,0,normal
2025-01-01T00:13:09.500000,1196.5,280.87,72.03,0.125,1249.72,292.31,73.57,0.1178,0,normal
2025-01-01T00:13:10,1165.2,284.14,71.66,0.1238,1214.85,298.79,75.45,0.1173,0,normal
2025-01-01T00:13:10.500000,1156.92,290.92,73.96,0.1151,1272.44,288.27,72.46,0.1297,0,normal
2025-01-01T00:13:11,1232.27,287.78,72.68,0.1222,1180.8,284.53,69.4,0.118,0,normal
2025-01-01T00:13:11.500000,1191.2,282.28,72.2,0.1188,1224.11,271.13,71.67,0.1208,0,normal
2025-01-01T00:13:12,1192.54,284.26,69.72,0.1213,1231.09,289.22,74.99,0.1212,0,normal
2025-01-01T00:13:12.500000,1211.49,285.67,72.99,0.1143,1157.11,298.57,64.91,0.1192,0,normal
2025-01-01T00:13:13,1228.13,284.6,71.42,0.1205,1183.05,285.26,70.03,0.1267,0,normal
2025-01-01T00:13:13.500000,1234.16,284.43,70.0,0.1181,1191.17,289.32,69.1,0.1154,0,normal
2025-01-01T00:13:14,1212.26,289.01,71.1,0.1152,1357.64,291.7,71.23,0.1252,0,normal
2025-01-01T00:13:14.500000,1197.01,288.71,72.23,0.1203,1194.55,272.62,77.58,0.1144,0,normal
2025-01-01T00:13:15,1167.36,284.09,70.62,0.1198,1233.01,293.51,74.35,0.1182,0,normal
2025-01-01T00:13:15.500000,1201.19,286.74,69.47,0.1221,1130.05,302.44,70.83,0.1189,0,normal
2025-01-01T00:13:16,1181.53,282.31,75.27,0.1234,1125.64,297.86,75.44,0.1183,0,normal
2025-01-01T00:13:16.500000,1207.36,284.94,74.84,0.1171,1207.01,281.34,67.87,0.1331,0,normal
2025-01-01T00:13:17,1171.64,285.94,69.49,0.1186,1220.25,277.95,73.69,0.1184,0,normal
2025-01-01T00:13:17.500000,1227.84,290.82,71.16,0.1203,1208.81,290.3,72.04,0.1211,0,normal
2025-01-01T00:13:18,1194.16,285.49,73.87,0.1223,1233.66,291.18,71.56,0.1219,0,normal
2025-01-01T00:13:18.500000,1173.96,290.42,67.99,0.1197,1254.76,273.34,73.15,0.1159,0,normal
2025-01-01T00:13:19,1191.15,289.04,72.29,0.1127,1153.13,293.34,73.29,0.1305,0,normal
2025-01-01T00:13:19.500000,1240.38,283.54,75.6,0.1201,1153.79,279.58,65.5,0.1296,0,normal
2025-01-01T00:13:20,1238.27,280.66,71.67,0.1203,1153.9,269.99,71.39,0.1181,0,normal
2025-01-01T00:13:20.500000,1190.68,285.95,74.06,0.1189,1208.18,291.21,73.6,0.1163,0,normal
2025-01-01T00:13:21,1202.31,287.34,70.38,0.1245,1268.72,278.82,72.56,0.1239,0,normal
2025-01-01T00:13:21.500000,1186.91,287.06,72.24,0.1147,1222.04,275.59,74.7,0.116,0,normal
2025-01-01T00:13:22,1196.13,290.87,72.71,0.1161,1151.28,279.88,73.14,0.1221,0,normal
2025-01-01T00:13:22.500000,1179.77,280.01,72.41,0.1193,1303.55,285.31,77.23,0.113,0,normal
2025-01-01T00:13:23,1162.24,280.21,73.71,0.1263,1162.46,281.06,68.63,0.1091,0,normal
2025-01-01T00:13:23.500000,1217.24,285.95,72.02,0.115,1278.72,280.7,73.54,0.1113,0,normal
2025-01-01T00:13:24,1195.43,286.25,72.47,0.1206,1223.74,275.33,72.57,0.1207,0,normal
2025-01-01T00:13:24.500000,1205.56,285.31,70.17,0.1153,1093.72,291.99,74.38,0.1251,0,normal
2025-01-01T00:13:25,1207.36,275.88,70.52,0.1206,1206.5,283.1,73.06,0.1201,0,normal
2025-01-01T00:13:25.500000,1202.9,282.27,73.41,0.1184,1136.13,278.41,71.0,0.126,0,normal
2025-01-01T00:13:26,1198.99,284.2,70.2,0.1228,1168.71,284.14,76.26,0.1231,0,normal
2025-01-01T00:13:26.500000,1160.92,277.44,71.91,0.1156,1231.13,285.36,72.48,0.1158,0,normal
2025-01-01T00:13:27,1241.79,297.15,71.6,0.1213,1204.68,282.78,69.6,0.1135,0,normal
2025-01-01T00:13:27.500000,1172.75,286.73,71.25,0.1107,1221.35,284.67,75.88,0.1222,0,normal
2025-01-01T00:13:28,1164.51,275.47,70.96,0.1177,1245.27,284.92,75.27,0.1121,0,normal
2025-01-01T00:13:28.500000,1223.17,288.08,69.09,0.1248,1204.49,288.35,69.51,0.1277,0,normal
2025-01-01T00:13:29,1171.54,288.56,73.18,0.1165,1295.2,286.98,73.88,0.1108,0,normal
2025-01-01T00:13:29.500000,1250.83,279.77,73.48,0.1164,1170.29,291.74,74.96,0.1124,0,normal
2025-01-01T00:13:30,1226.17,289.47,70.65,0.1258,1130.07,279.66,73.38,0.1149,0,normal
2025-01-01T00:13:30.500000,1206.33,286.03,71.73,0.123,1189.04,286.98,75.3,0.1247,0,normal
2025-01-01T00:13:31,1218.86,280.09,72.76,0.1168,1138.49,284.39,69.4,0.1247,0,normal
2025-01-01T00:13:31.500000,1219.55,276.87,70.81,0.1147,1177.79,288.89,71.3,0.1165,0,normal
2025-01-01T00:13:32,1231.2,275.15,73.78,0.118,1196.25,280.49,76.44,0.1126,0,normal
2025-01-01T00:13:32.500000,1200.28,287.25,69.68,0.1167,1192.89,277.42,69.65,0.1179,0,normal
2025-01-01T00:13:33,1215.59,283.53,73.55,0.1164,1139.91,301.47,70.11,0.1121,0,normal
2025-01-01T00:13:33.500000,1158.19,289.6,71.51,0.1191,1192.36,293.66,71.48,0.1341,0,normal
2025-01-01T00:13:34,1203.21,289.54,73.16,0.1199,1171.83,287.84,73.47,0.1166,0,normal
2025-01-01T00:13:34.500000,1203.99,290.28,74.98,0.1231,1289.41,279.62,74.02,0.128,0,normal
2025-01-01T00:13:35,1178.49,282.92,74.5,0.1165,1135.63,298.06,75.45,0.1226,0,normal
2025-01-01T00:13:35.500000,1198.9,283.13,72.41,0.1257,1211.45,303.53,69.41,0.1199,0,normal
2025-01-01T00:13:36,1191.05,280.36,71.78,0.1215,1225.16,303.56,73.34,0.1269,0,normal
2025-01-01T00:13:36.500000,1201.59,292.17,75.45,0.1219,1152.35,280.31,72.81,0.1227,0,normal
2025-01-01T00:13:37,1216.76,286.97,72.01,0.1177,1219.25,300.86,74.94,0.1232,0,normal
2025-01-01T00:13:37.500000,1224.71,283.41,71.27,0.1173,1193.99,281.39,75.48,0.1171,0,normal
2025-01-01T00:13:38,1180.73,293.3,71.35,0.1206,1221.66,275.28,75.56,0.1238,0,normal
2025-01-01T00:13:38.500000,1237.4,282.1,72.14,0.1201,1212.67,272.56,72.32,0.1114,0,normal
2025-01-01T00:13:39,1208.6,275.9,69.33,0.1229,1173.75,276.55,75.66,0.122,0,normal
2025-01-01T00:13:39.500000,1220.93,284.29,75.86,0.1178,1283.74,284.48,67.24,0.1229,0,normal
2025-01-01T00:13:40,1207.55,280.51,70.67,0.1199,1216.79,263.88,75.03,0.117,0,normal
2025-01-01T00:13:40.500000,1168.04,289.02,71.97,0.1244,1221.02,284.99,71.56,0.1229,0,normal
2025-01-01T00:13:41,1190.08,281.36,72.88,0.1195,1201.61,294.31,71.67,0.1201,0,normal
2025-01-01T00:13:41.500000,1185.61,286.84,72.5,0.1232,1172.2,281.09,74.28,0.1215,0,normal
2025-01-01T00:13:42,1178.25,290.59,69.55,0.1228,1139.27,301.12,67.55,0.1269,0,normal
2025-01-01T00:13:42.500000,1198.04,283.43,72.27,0.1223,1156.59,278.03,73.87,0.1098,0,normal
2025-01-01T00:13:43,1185.98,298.0,70.61,0.1241,1171.87,289.35,73.88,0.1268,0,normal
2025-01-01T00:13:43.500000,1195.19,293.5,71.15,0.1208,1211.77,275.41,71.18,0.121,0,normal
2025-01-01T00:13:44,1189.63,295.43,70.79,0.1242,1241.11,284.88,69.51,0.1154,0,normal
2025-01-01T00:13:44.500000,1187.57,277.37,70.56,0.1147,1264.6,290.29,74.26,0.1235,0,normal
2025-01-01T00:13:45,1204.01,291.24,71.12,0.1204,1235.86,273.7,80.92,0.1202,0,normal
2025-01-01T00:13:45.500000,1203.41,290.37,73.32,0.1201,1206.25,272.14,70.4,0.1231,0,normal
2025-01-01T00:13:46,1210.65,290.22,71.83,0.115,1250.72,297.28,74.59,0.119,0,normal
2025-01-01T00:13:46.500000,1225.07,299.66,72.17,0.1153,1171.86,290.35,67.38,0.121,0,normal
2025-01-01T00:13:47,1209.13,291.56,73.89,0.1231,1096.19,292.88,74.03,0.1215,0,normal
2025-01-01T00:13:47.500000,1158.47,281.68,70.32,0.1127,1199.86,278.18,79.56,0.119,0,normal
2025-01-01T00:13:48,1231.05,278.29,71.24,0.1203,1156.41,281.39,71.37,0.1186,0,normal
2025-01-01T00:13:48.500000,1244.52,286.62,72.69,0.1219,1229.41,284.29,71.08,0.121,0,normal
2025-01-01T00:13:49,1227.76,289.81,71.65,0.1228,1190.66,285.29,70.64,0.1189,0,normal
2025-01-01T00:13:49.500000,1232.19,285.4,72.19,0.1148,1185.16,282.94,69.61,0.1201,0,normal
2025-01-01T00:13:50,1189.7,285.34,72.17,0.1166,1180.86,285.66,75.41,0.1215,0,normal
2025-01-01T00:13:50.500000,1184.11,286.71,74.46,0.1233,1226.28,291.2,76.15,0.1265,0,normal
2025-01-01T00:13:51,1213.6,289.57,70.44,0.1146,1207.54,285.59,70.43,0.125,0,normal
2025-01-01T00:13:51.500000,1155.29,282.71,71.3,0.1141,1271.75,273.38,70.31,0.1254,0,normal
2025-01-01T00:13:52,1215.51,280.26,72.98,0.121,1311.99,288.45,71.59,0.1149,0,normal
2025-01-01T00:13:52.500000,1182.14,281.47,73.97,0.1201,1227.13,297.95,65.21,0.1277,0,normal
2025-01-01T00:13:53,1201.33,286.86,70.81,0.1173,1223.46,305.39,74.89,0.1276,0,normal
2025-01-01T00:13:53.500000,1195.39,282.43,70.88,0.1182,1101.47,278.8,70.39,0.1189,0,normal
2025-01-01T00:13:54,1203.16,286.55,71.98,0.1179,1105.76,280.08,69.2,0.1228,0,normal
2025-01-01T00:13:54.500000,1221.82,289.01,73.09,0.1195,1174.95,278.61,67.66,0.126,0,normal
2025-01-01T00:13:55,1195.81,279.67,70.81,0.1169,1202.07,294.13,71.0,0.1065,0,normal
2025-01-01T00:13:55.500000,1195.46,284.33,71.68,0.1177,1210.44,285.57,71.93,0.1225,0,normal
2025-01-01T00:13:56,1189.68,282.92,73.99,0.122,1239.69,295.48,73.51,0.1256,0,normal
2025-01-01T00:13:56.500000,1162.1,285.87,71.74,0.126,1244.53,279.61,73.07,0.121,0,normal
2025-01-01T00:13:57,1210.9,280.64,72.52,0.1192,1213.56,278.81,70.32,0.127,0,normal
2025-01-01T00:13:57.500000,1174.76,280.82,71.93,0.1172,1157.52,285.9,67.67,0.114,0,normal
2025-01-01T00:13:58,1249.3,286.96,70.92,0.1215,1227.23,293.5,71.63,0.1259,0,normal
2025-01-01T00:13:58.500000,1151.08,280.48,72.24,0.1212,1156.23,287.22,70.2,0.1183,0,normal
2025-01-01T00:13:59,1224.59,288.89,70.56,0.1162,1180.26,284.77,70.11,0.1262,0,normal
2025-01-01T00:13:59.500000,1208.34,286.74,70.18,0.1242,1064.63,292.13,74.69,0.1174,0,normal
2025-01-01T00:14:00,1230.55,284.73,72.09,0.1212,1352.96,296.49,74.02,0.1145,0,normal
2025-01-01T00:14:00.500000,1203.45,281.52,73.18,0.1205,1146.02,285.69,69.55,0.1209,0,normal
2025-01-01T00:14:01,1179.38,285.12,73.08,0.1198,1181.24,286.74,74.01,0.1134,0,normal
2025-01-01T00:14:01.500000,1206.26,290.63,72.83,0.1202,1230.71,288.87,74.17,0.1079,0,normal
2025-01-01T00:14:02,1162.72,289.3,69.83,0.1214,1183.1,276.48,73.01,0.1212,0,normal
2025-01-01T00:14:02.500000,1250.65,282.33,74.07,0.1213,1168.27,291.83,73.63,0.1202,0,normal
2025-01-01T00:14:03,1206.39,282.45,70.81,0.1227,1189.25,284.32,72.81,0.1216,0,normal
2025-01-01T00:14:03.500000,1165.7,290.5,72.17,0.1193,1220.68,287.02,74.21,0.1232,0,normal
2025-01-01T00:14:04,1217.23,290.78,73.27,0.1194,1146.1,299.26,71.32,0.1172,0,normal
2025-01-01T00:14:04.500000,1158.32,286.45,72.21,0.1145,1221.76,280.74,79.75,0.1166,0,normal
2025-01-01T00:14:05,1189.56,281.26,73.84,0.1187,1165.2,291.04,68.02,0.1238,0,normal
2025-01-01T00:14:05.500000,1242.75,287.42,72.92,0.1231,1282.07,295.34,73.27,0.1254,0,normal
2025-01-01T00:14:06,1178.74,288.32,70.55,0.1187,1052.04,288.43,70.15,0.1267,0,normal
2025-01-01T00:14:06.500000,1209.36,289.81,70.44,0.1237,1301.08,291.53,74.28,0.121,0,normal
2025-01-01T00:14:07,1187.41,288.25,69.83,0.1185,1114.99,278.98,73.85,0.123,0,normal
2025-01-01T00:14:07.500000,1201.22,285.73,69.28,0.1187,1167.3,279.37,73.73,0.1148,0,normal
2025-01-01T00:14:08,1185.49,276.08,71.58,0.1161,1203.8,276.87,72.3,0.1191,0,normal
2025-01-01T00:14:08.500000,1240.13,287.13,69.35,0.1154,1202.65,277.05,63.45,0.1281,0,normal
2025-01-01T00:14:09,1217.29,287.23,71.13,0.1215,1166.19,286.75,69.35,0.1291,0,normal
2025-01-01T00:14:09.500000,1162.31,290.27,72.06,0.1182,1208.02,291.27,75.94,0.1219,0,normal
2025-01-01T00:14:10,1178.62,285.24,74.62,0.1249,1243.62,291.8,74.01,0.127,0,normal
2025-01-01T00:14:10.500000,1189.04,279.21,72.1,0.1171,1149.36,278.84,79.16,0.1208,0,normal
2025-01-01T00:14:11,1208.69,279.77,69.34,0.1171,1269.03,287.86,73.72,0.1244,0,normal
2025-01-01T00:14:11.500000,1185.81,290.93,71.09,0.1251,1221.23,269.7,69.85,0.1093,0,normal
2025-01-01T00:14:12,1227.92,284.89,68.79,0.1214,1174.22,272.31,76.83,0.1206,0,normal
2025-01-01T00:14:12.500000,1192.96,283.29,69.82,0.1153,1261.68,280.95,72.06,0.1077,0,normal
2025-01-01T00:14:13,1168.37,287.61,72.54,0.1263,1264.46,283.03,73.36,0.1181,0,normal
2025-01-01T00:14:13.500000,1249.32,289.91,72.24,0.1207,1269.35,289.96,76.49,0.1068,0,normal
2025-01-01T00:14:14,1211.07,282.8,74.53,0.1256,1201.58,298.13,77.14,0.1204,0,normal
2025-01-01T00:14:14.500000,1259.33,284.87,71.69,0.1231,1183.02,285.73,76.06,0.1201,0,normal
2025-01-01T00:14:15,1159.32,286.57,71.0,0.1231,1233.42,297.58,74.61,0.1265,0,normal
2025-01-01T00:14:15.500000,1183.94,288.44,74.83,0.1175,1286.39,280.3,69.55,0.1218,0,normal
2025-01-01T00:14:16,1217.18,288.9,70.62,0.1216,1167.09,272.27,69.33,0.1155,0,normal
2025-01-01T00:14:16.500000,1212.52,289.93,69.88,0.1213,1143.52,290.38,70.21,0.1137,0,normal
2025-01-01T00:14:17,1219.19,282.49,71.55,0.112,1245.43,292.02,72.02,0.1108,0,normal
2025-01-01T00:14:17.500000,1229.02,282.15,71.35,0.1283,1166.23,291.35,73.62,0.1223,0,normal
2025-01-01T00:14:18,1206.77,286.61,72.39,0.1198,1272.54,273.78,74.94,0.1249,0,normal
2025-01-01T00:14:18.500000,1216.76,289.78,71.87,0.1133,1196.53,276.53,69.89,0.1125,0,normal
2025-01-01T00:14:19,1188.54,282.45,68.58,0.1225,1306.58,290.18,71.42,0.1197,0,normal
2025-01-01T00:14:19.500000,1189.9,285.38,71.95,0.117,1280.78,272.28,74.07,0.1194,0,normal
2025-01-01T00:14:20,1245.62,286.46,71.48,0.1191,1201.92,275.23,69.79,0.1093,0,normal
2025-01-01T00:14:20.500000,1177.85,285.4,72.43,0.1129,1193.41,289.82,71.53,0.1162,0,normal
2025-01-01T00:14:21,1190.11,282.69,71.08,0.1206,1310.77,278.64,71.08,0.1197,0,normal
2025-01-01T00:14:21.500000,1183.5,289.69,68.59,0.1181,1239.28,282.49,69.64,0.1226,0,normal
2025-01-01T00:14:22,1221.75,285.9,70.85,0.1216,1180.7,291.37,76.27,0.1044,0,normal
2025-01-01T00:14:22.500000,1202.67,277.58,75.52,0.1183,1235.83,284.7,69.69,0.1145,0,normal
2025-01-01T00:14:23,1238.06,289.09,74.8,0.1202,1213.82,282.72,71.17,0.1137,0,normal
2025-01-01T00:14:23.500000,1202.02,281.63,72.64,0.1206,1213.81,299.32,71.89,0.1245,0,normal
2025-01-01T00:14:24,1249.24,290.59,73.66,0.1189,1211.02,273.73,73.44,0.1216,0,normal
2025-01-01T00:14:24.500000,1200.56,289.39,70.26,0.1259,1243.28,284.4,71.57,0.1229,0,normal
2025-01-01T00:14:25,1236.5,285.43,72.21,0.1201,1285.54,281.85,71.92,0.1288,0,normal
2025-01-01T00:14:25.500000,1203.53,289.86,70.69,0.1193,1271.25,279.22,71.56,0.1215,0,normal
2025-01-01T00:14:26,1176.26,283.23,72.16,0.1202,1261.46,298.18,69.53,0.1207,0,normal
2025-01-01T00:14:26.500000,1216.18,291.48,73.03,0.121,1231.99,290.76,69.33,0.1212,0,normal
2025-01-01T00:14:27,1235.02,284.11,72.19,0.1191,1088.93,285.18,72.87,0.1169,0,normal
2025-01-01T00:14:27.500000,1172.29,281.24,73.1,0.1271,1266.36,273.51,74.46,0.116,0,normal
2025-01-01T00:14:28,1186.03,283.03,73.02,0.1235,1195.29,284.31,73.34,0.1234,0,normal
2025-01-01T00:14:28.500000,1228.23,279.51,72.03,0.1162,1197.55,283.07,71.87,0.1152,0,normal
2025-01-01T00:14:29,1164.31,276.05,71.81,0.1184,1167.55,296.31,69.52,0.1285,0,normal
2025-01-01T00:14:29.500000,1238.97,276.66,72.13,0.1186,1060.23,272.65,74.23,0.1321,0,normal
2025-01-01T00:14:30,1221.66,286.38,71.97,0.1261,1303.12,279.98,66.24,0.1074,0,normal
2025-01-01T00:14:30.500000,1231.73,284.8,72.26,0.1136,1163.85,282.47,72.6,0.1176,0,normal
2025-01-01T00:14:31,1175.1,281.65,73.74,0.1209,1229.38,277.31,63.49,0.1169,0,normal
2025-01-01T00:14:31.500000,1179.2,286.49,76.73,0.1225,1331.33,289.86,70.19,0.1221,0,normal
2025-01-01T00:14:32,1242.74,292.82,71.17,0.1209,1131.4,292.05,76.47,0.1202,0,normal
2025-01-01T00:14:32.500000,1183.98,286.54,72.6,0.1203,1208.58,283.51,74.87,0.1244,0,normal
2025-01-01T00:14:33,1176.41,280.68,71.63,0.1227,1207.11,279.5,72.75,0.118,0,normal
2025-01-01T00:14:33.500000,1221.13,286.42,71.55,0.1208,1263.12,280.13,73.16,0.1196,0,normal
2025-01-01T00:14:34,1210.25,282.2,72.16,0.124,1155.02,273.63,68.28,0.113,0,normal
2025-01-01T00:14:34.500000,1214.29,278.99,71.57,0.1222,1220.0,281.7,72.55,0.1206,0,normal
2025-01-01T00:14:35,1194.62,284.1,75.22,0.1229,1319.07,280.75,71.76,0.112,0,normal
2025-01-01T00:14:35.500000,1180.57,293.13,71.25,0.1269,1140.32,275.99,71.02,0.1196,0,normal
2025-01-01T00:14:36,1222.15,286.93,71.4,0.1195,1184.68,277.18,69.44,0.1262,0,normal
2025-01-01T00:14:36.500000,1156.12,291.91,71.51,0.1172,1235.51,297.7,75.22,0.123,0,normal
2025-01-01T00:14:37,1226.08,277.66,71.25,0.1167,1258.78,281.72,74.43,0.1232,0,normal
2025-01-01T00:14:37.500000,1179.3,282.49,73.86,0.1172,1205.99,278.31,71.1,0.1197,0,normal
2025-01-01T00:14:38,1181.21,280.89,72.41,0.117,1161.09,276.97,71.78,0.1257,0,normal
2025-01-01T00:14:38.500000,1236.16,281.9,75.1,0.1164,1252.01,278.83,69.49,0.1155,0,normal
2025-01-01T00:14:39,1198.74,287.48,72.96,0.1166,1152.5,277.16,71.68,0.1187,0,normal
2025-01-01T00:14:39.500000,1177.2,286.15,75.26,0.1182,1179.19,289.79,70.39,0.124,0,normal
2025-01-01T00:14:40,1182.75,292.83,72.5,0.1178,1171.74,280.61,75.95,0.1124,0,normal
2025-01-01T00:14:40.500000,1183.97,282.6,71.98,0.119,1128.42,281.58,71.71,0.1162,0,normal
2025-01-01T00:14:41,1216.48,288.93,71.89,0.1208,1096.27,281.4,74.89,0.1175,0,normal
2025-01-01T00:14:41.500000,1182.31,294.74,74.62,0.1217,1254.67,265.97,69.73,0.1172,0,normal
2025-01-01T00:14:42,1194.34,282.91,68.33,0.1214,1226.1,298.7,69.73,0.1148,0,normal
2025-01-01T00:14:42.500000,1135.68,283.75,73.3,0.1178,1302.89,282.81,72.42,0.1118,0,normal
2025-01-01T00:14:43,1206.89,276.54,73.0,0.1226,1265.25,276.28,72.46,0.1234,0,normal
2025-01-01T00:14:43.500000,1210.61,281.3,68.56,0.1212,1192.68,280.15,74.2,0.1197,0,normal
2025-01-01T00:14:44,1168.34,276.74,70.37,0.1286,1234.69,286.61,71.48,0.1185,0,normal
2025-01-01T00:14:44.500000,1228.01,282.9,72.83,0.1187,1293.13,291.35,75.59,0.1165,0,normal
2025-01-01T00:14:45,1225.4,283.66,72.16,0.1259,1149.95,286.74,73.26,0.1231,0,normal
2025-01-01T00:14:45.500000,1189.18,293.92,70.14,0.1253,1258.32,301.25,67.43,0.1148,0,normal
2025-01-01T00:14:46,1235.81,276.98,69.69,0.1182,1209.22,298.61,71.47,0.1164,0,normal
2025-01-01T00:14:46.500000,1207.47,287.01,72.64,0.1194,1106.16,277.15,76.09,0.1211,0,normal
2025-01-01T00:14:47,1192.26,289.78,70.37,0.1192,1206.61,281.23,72.29,0.1189,0,normal
2025-01-01T00:14:47.500000,1166.42,285.78,70.09,0.1206,1265.96,282.6,68.63,0.1192,0,normal
2025-01-01T00:14:48,1180.03,287.54,71.79,0.1262,1255.82,283.69,74.06,0.1176,0,normal
2025-01-01T00:14:48.500000,1200.81,283.45,73.1,0.1252,1238.34,292.88,74.66,0.1233,0,normal
2025-01-01T00:14:49,1172.66,292.27,74.6,0.1192,1182.21,290.24,73.59,0.1188,0,normal
2025-01-01T00:14:49.500000,1170.0,286.31,72.79,0.1226,1216.77,282.68,74.86,0.1204,0,normal
2025-01-01T00:14:50,1188.84,284.23,69.49,0.1193,1233.04,287.91,76.38,0.1184,0,normal
2025-01-01T00:14:50.500000,1211.7,288.39,75.37,0.1205,1149.88,292.25,77.37,0.1181,0,normal
2025-01-01T00:14:51,1220.19,290.25,73.46,0.1205,1166.47,284.31,73.32,0.1254,0,normal
2025-01-01T00:14:51.500000,1208.01,283.38,72.8,0.1231,1218.22,277.85,71.48,0.1257,0,normal
2025-01-01T00:14:52,1166.81,276.05,74.17,0.1218,1229.12,275.79,74.12,0.1217,0,normal
2025-01-01T00:14:52.500000,1161.98,291.09,72.23,0.1186,1181.86,267.77,73.71,0.1216,0,normal
2025-01-01T00:14:53,1195.34,290.47,70.01,0.1179,1159.2,282.62,72.19,0.1226,0,normal
2025-01-01T00:14:53.500000,1191.67,281.25,74.43,0.1287,1206.88,278.53,76.25,0.1113,0,normal
2025-01-01T00:14:54,1191.97,282.02,70.33,0.119,1158.52,285.11,72.08,0.1163,0,normal
2025-01-01T00:14:54.500000,1191.11,284.01,73.17,0.1195,1239.59,290.01,73.65,0.1283,0,normal
2025-01-01T00:14:55,1173.13,282.98,74.54,0.1191,1064.87,283.26,72.39,0.1043,0,normal
2025-01-01T00:14:55.500000,1232.01,281.95,72.47,0.1192,1138.16,275.85,69.31,0.1265,0,normal
2025-01-01T00:14:56,1196.46,282.77,70.65,0.1243,1270.28,295.13,73.42,0.1217,0,normal
2025-01-01T00:14:56.500000,1170.82,283.95,71.02,0.1134,1250.74,279.05,75.44,0.1253,0,normal
2025-01-01T00:14:57,1213.36,287.62,71.11,0.1267,1202.07,287.58,70.13,0.1144,0,normal
2025-01-01T00:14:57.500000,1211.46,285.93,70.86,0.1148,1139.04,295.23,70.23,0.118,0,normal
2025-01-01T00:14:58,1234.81,280.2,70.95,0.1172,1277.67,302.04,74.16,0.1247,0,normal
2025-01-01T00:14:58.500000,1186.07,293.32,72.39,0.1231,1194.93,282.71,76.79,0.1232,0,normal
2025-01-01T00:14:59,1234.83,286.09,70.78,0.1179,1204.94,279.64,68.81,0.1272,0,normal
2025-01-01T00:14:59.500000,1186.92,285.59,72.43,0.1179,1269.64,275.45,72.75,0.1215,0,normal
2025-01-01T00:15:00,1198.7,279.46,73.25,0.1227,1167.57,291.05,73.08,0.1123,0,normal
2025-01-01T00:15:00.500000,1179.51,289.87,72.45,0.118,1158.79,280.59,70.72,0.1149,0,normal
2025-01-01T00:15:01,1158.2,289.87,73.4,0.1154,1206.54,277.29,71.25,0.1179,0,normal
2025-01-01T00:15:01.500000,1189.73,293.56,71.37,0.1171,1163.4,293.92,67.24,0.1154,0,normal
2025-01-01T00:15:02,1234.72,286.04,72.28,0.1277,1211.82,278.95,71.19,0.1132,0,normal
2025-01-01T00:15:02.500000,1230.14,287.46,73.62,0.1244,1180.12,276.92,71.85,0.1148,0,normal
2025-01-01T00:15:03,1203.96,289.84,71.76,0.1205,1195.5,291.86,70.08,0.1068,0,normal
2025-01-01T00:15:03.500000,1211.3,289.22,72.64,0.1177,1145.52,289.23,72.41,0.1192,0,normal
2025-01-01T00:15:04,1243.74,280.95,74.56,0.1201,1111.89,283.47,74.76,0.1178,0,normal
2025-01-01T00:15:04.500000,1164.61,284.3,70.77,0.1218,1237.12,275.97,69.97,0.1245,0,normal
2025-01-01T00:15:05,1179.39,280.37,70.3,0.1213,1214.84,279.15,72.01,0.1292,0,normal
2025-01-01T00:15:05.500000,1176.62,276.66,72.66,0.1196,1165.92,290.58,74.42,0.1068,0,normal
2025-01-01T00:15:06,1184.34,294.91,72.84,0.1224,1256.3,285.15,74.29,0.1243,0,normal
2025-01-01T00:15:06.500000,1212.94,283.62,72.25,0.1179,1200.62,275.01,69.72,0.1183,0,normal
2025-01-01T00:15:07,1177.35,282.84,71.76,0.1214,1245.56,281.03,75.85,0.1256,0,normal
2025-01-01T00:15:07.500000,1212.1,285.66,72.46,0.1243,1258.73,296.41,72.12,0.1233,0,normal
2025-01-01T00:15:08,1232.25,282.33,71.54,0.1201,1243.18,292.82,71.34,0.1109,0,normal
2025-01-01T00:15:08.500000,1205.91,281.07,69.85,0.1155,1215.67,296.64,72.11,0.1213,0,normal
2025-01-01T00:15:09,1228.39,278.4,72.75,0.12,1227.17,280.87,69.64,0.1208,0,normal
2025-01-01T00:15:09.500000,1239.58,288.68,71.27,0.1152,1119.26,296.25,69.25,0.118,0,normal
2025-01-01T00:15:10,1231.71,278.1,74.15,0.1191,1144.87,282.89,69.92,0.1226,0,normal
2025-01-01T00:15:10.500000,1184.44,276.83,71.68,0.1151,1209.81,274.85,70.59,0.1211,0,normal
2025-01-01T00:15:11,1194.9,286.07,72.98,0.1158,1196.91,256.53,72.71,0.1182,0,normal
2025-01-01T00:15:11.500000,1176.4,286.35,73.69,0.1183,1154.65,286.41,68.15,0.116,0,normal
2025-01-01T00:15:12,1229.34,285.27,69.29,0.1135,1207.78,292.37,67.34,0.1227,0,normal
2025-01-01T00:15:12.500000,1231.93,293.07,72.48,0.1218,1097.61,302.95,70.34,0.1144,0,normal
2025-01-01T00:15:13,1193.88,291.46,75.18,0.1205,1247.91,285.37,69.01,0.1289,0,normal
2025-01-01T00:15:13.500000,1185.07,291.56,73.87,0.1222,1287.79,304.09,71.5,0.1151,0,normal
2025-01-01T00:15:14,1155.26,294.6,71.37,0.1241,1164.42,298.15,69.98,0.1128,0,normal
2025-01-01T00:15:14.500000,1195.0,282.73,72.86,0.1198,1230.13,282.51,70.08,0.1165,0,normal
2025-01-01T00:15:15,1249.08,285.96,69.14,0.1181,1204.65,300.78,74.96,0.1145,0,normal
2025-01-01T00:15:15.500000,1258.04,284.87,73.79,0.1158,1084.89,272.96,62.64,0.1327,0,normal
2025-01-01T00:15:16,1205.15,281.05,72.65,0.1207,1229.8,295.34,71.17,0.1147,0,normal
2025-01-01T00:15:16.500000,1219.87,288.43,72.15,0.1278,1178.98,277.31,73.2,0.116,0,normal
2025-01-01T00:15:17,1211.89,281.44,71.42,0.1268,1180.53,278.17,75.37,0.1137,0,normal
2025-01-01T00:15:17.500000,1183.37,287.46,73.35,0.1244,1164.13,290.1,70.66,0.1164,0,normal
2025-01-01T00:15:18,1228.88,282.65,72.4,0.1206,1148.6,293.26,73.61,0.1081,0,normal
2025-01-01T00:15:18.500000,1206.66,281.7,73.58,0.1148,1182.89,288.1,72.16,0.1246,0,normal
2025-01-01T00:15:19,1163.56,292.06,72.76,0.1249,1241.96,284.9,68.3,0.1166,0,normal
2025-01-01T00:15:19.500000,1238.15,290.92,71.11,0.1099,1189.79,282.54,71.28,0.1232,0,normal
2025-01-01T00:15:20,1221.03,289.23,72.64,0.1135,1183.62,304.7,73.08,0.1222,0,normal
2025-01-01T00:15:20.500000,1208.63,286.78,68.57,0.1191,1198.18,295.96,72.14,0.1101,0,normal
2025-01-01T00:15:21,1210.32,281.56,70.25,0.117,1226.04,295.76,73.39,0.1238,0,normal
2025-01-01T00:15:21.500000,1211.35,285.43,73.0,0.1113,1205.33,276.07,75.35,0.1191,0,normal
2025-01-01T00:15:22,1200.74,278.57,73.46,0.1223,1226.73,278.05,69.77,0.1213,0,normal
2025-01-01T00:15:22.500000,1183.33,286.86,68.89,0.1182,1286.24,288.76,72.48,0.1319,0,normal
2025-01-01T00:15:23,1143.94,281.51,71.42,0.1231,1242.03,277.6,74.87,0.1176,0,normal
2025-01-01T00:15:23.500000,1229.08,280.59,71.82,0.1182,1250.69,280.53,71.88,0.123,0,normal
2025-01-01T00:15:24,1213.09,288.79,72.3,0.1185,1183.21,285.22,72.72,0.1191,0,normal
2025-01-01T00:15:24.500000,1200.46,278.51,72.96,0.1207,1248.09,285.0,66.99,0.1178,0,normal
2025-01-01T00:15:25,1195.2,288.18,69.02,0.1201,1224.66,279.34,72.21,0.1162,0,normal
2025-01-01T00:15:25.500000,1182.49,283.25,70.98,0.1225,1164.72,277.28,77.09,0.1258,0,normal
2025-01-01T00:15:26,1155.32,281.73,72.35,0.1212,1128.46,294.91,74.38,0.1229,0,normal
2025-01-01T00:15:26.500000,1232.56,286.93,72.65,0.1256,1252.86,277.81,73.82,0.116,0,normal
2025-01-01T00:15:27,1212.1,287.04,70.01,0.1196,1212.73,281.27,72.91,0.1248,0,normal
2025-01-01T00:15:27.500000,1199.27,285.96,73.99,0.1217,1209.64,276.81,73.93,0.122,0,normal
2025-01-01T00:15:28,1230.81,285.2,69.38,0.1139,1235.31,280.12,73.26,0.1207,0,normal
2025-01-01T00:15:28.500000,1196.0,284.59,70.75,0.1199,1171.94,281.82,71.07,0.1186,0,normal
2025-01-01T00:15:29,1222.13,284.45,73.47,0.1255,1241.04,289.57,72.94,0.1252,0,normal
2025-01-01T00:15:29.500000,1202.14,289.21,72.88,0.1187,1243.0,285.78,71.69,0.1171,0,normal
2025-01-01T00:15:30,1203.98,289.26,73.28,0.1213,1228.78,295.87,71.57,0.1133,0,normal
2025-01-01T00:15:30.500000,1231.23,282.74,71.01,0.1135,1227.42,271.14,69.84,0.1235,0,normal
2025-01-01T00:15:31,1217.33,282.21,71.81,0.1169,1173.68,287.28,70.56,0.1185,0,normal
2025-01-01T00:15:31.500000,1164.85,289.84,72.73,0.1229,1261.94,277.94,70.97,0.1086,0,normal
2025-01-01T00:15:32,1275.37,284.36,73.5,0.1155,1247.83,300.88,71.83,0.1139,0,normal
2025-01-01T00:15:32.500000,1196.67,275.48,71.95,0.123,1198.28,282.57,73.52,0.1236,0,normal
2025-01-01T00:15:33,1160.16,285.38,75.51,0.1152,1195.9,301.6,75.18,0.1169,0,normal
2025-01-01T00:15:33.500000,1204.95,284.99,70.92,0.1197,1186.56,285.96,69.84,0.1123,0,normal
2025-01-01T00:15:34,1199.01,292.33,72.12,0.1188,1236.2,283.65,77.38,0.12,0,normal
2025-01-01T00:15:34.500000,1216.81,281.77,72.72,0.121,1197.29,280.71,70.16,0.1217,0,normal
2025-01-01T00:15:35,1215.09,284.46,72.41,0.1199,1204.73,283.29,72.05,0.1362,0,normal
2025-01-01T00:15:35.500000,1207.48,287.76,72.63,0.1191,1262.11,282.51,75.04,0.118,0,normal
2025-01-01T00:15:36,1176.96,286.56,70.41,0.1219,1142.68,282.27,67.88,0.1369,0,normal
2025-01-01T00:15:36.500000,1160.3,285.04,73.65,0.1237,1240.86,282.29,75.89,0.1255,0,normal
2025-01-01T00:15:37,1205.1,286.03,71.56,0.1167,1259.38,296.22,69.45,0.1191,0,normal
2025-01-01T00:15:37.500000,1196.56,284.86,72.09,0.1234,1164.13,277.76,75.56,0.1172,0,normal
2025-01-01T00:15:38,1169.69,282.93,71.52,0.1256,1244.39,294.81,74.36,0.1257,0,normal
2025-01-01T00:15:38.500000,1183.49,284.15,70.57,0.1192,1232.84,286.15,75.78,0.1132,0,normal
2025-01-01T00:15:39,1212.01,279.66,72.14,0.1227,1189.7,289.71,69.24,0.11,0,normal
2025-01-01T00:15:39.500000,1213.37,292.46,70.57,0.1244,1202.08,273.58,68.74,0.1201,0,normal
2025-01-01T00:15:40,1190.29,279.39,69.56,0.117,1209.3,284.95,70.56,0.1212,0,normal
2025-01-01T00:15:40.500000,1224.96,286.68,71.83,0.1233,1153.93,283.08,71.42,0.1126,0,normal
2025-01-01T00:15:41,1189.92,276.13,74.75,0.1166,1276.13,285.33,73.63,0.1171,0,normal
2025-01-01T00:15:41.500000,1204.99,287.78,72.96,0.1228,1182.32,280.89,67.41,0.1231,0,normal
2025-01-01T00:15:42,1225.98,291.91,72.44,0.1172,1118.54,293.91,66.83,0.118,0,normal
2025-01-01T00:15:42.500000,1194.62,284.7,72.05,0.1205,1084.06,285.13,65.58,0.1244,0,normal
2025-01-01T00:15:43,1186.68,275.78,70.83,0.1179,1257.15,286.68,72.99,0.1271,0,normal
2025-01-01T00:15:43.500000,1197.69,288.22,72.98,0.1154,1270.7,272.86,74.64,0.1109,0,normal
2025-01-01T00:15:44,1214.43,292.96,71.69,0.1191,1229.3,282.18,77.24,0.1212,0,normal
2025-01-01T00:15:44.500000,1192.32,282.69,70.66,0.1177,1183.17,280.83,70.1,0.1326,0,normal
2025-01-01T00:15:45,1175.28,285.63,72.85,0.1223,1197.19,282.94,73.3,0.1216,0,normal
2025-01-01T00:15:45.500000,1193.78,278.32,71.33,0.1159,1167.98,285.28,73.03,0.1307,0,normal
2025-01-01T00:15:46,1187.1,288.31,72.44,0.1247,1227.66,276.38,67.04,0.1219,0,normal
2025-01-01T00:15:46.500000,1187.32,280.81,70.17,0.1206,1272.37,281.51,73.7,0.1194,0,normal
2025-01-01T00:15:47,1169.05,288.14,70.42,0.1201,1183.61,292.64,68.95,0.1223,0,normal
2025-01-01T00:15:47.500000,1179.84,282.82,66.77,0.1275,1226.43,278.44,68.76,0.117,0,normal
2025-01-01T00:15:48,1217.21,276.91,71.8,0.1264,1145.57,285.69,78.35,0.1238,0,normal
2025-01-01T00:15:48.500000,1203.02,287.17,71.42,0.1247,1180.83,268.25,70.87,0.1142,0,normal
2025-01-01T00:15:49,1193.25,283.89,73.72,0.1225,1212.64,284.97,68.95,0.1069,0,normal
2025-01-01T00:15:49.500000,1202.72,288.4,71.84,0.1181,1222.3,284.29,76.85,0.1274,0,normal
2025-01-01T00:15:50,1223.03,288.24,70.14,0.1224,1218.06,290.18,73.42,0.1227,0,normal
2025-01-01T00:15:50.500000,1264.82,284.67,73.35,0.1183,1237.95,293.03,73.05,0.13,0,normal
2025-01-01T00:15:51,1178.78,282.92,72.31,0.1232,1208.61,295.99,70.09,0.1132,0,normal
2025-01-01T00:15:51.500000,1207.4,284.67,72.78,0.1199,1183.68,284.36,72.08,0.1182,0,normal
2025-01-01T00:15:52,1195.12,283.27,73.23,0.1207,1308.32,286.37,70.41,0.136,0,normal
2025-01-01T00:15:52.500000,1209.93,289.23,72.85,0.1222,1225.71,275.58,73.06,0.1121,0,normal
2025-01-01T00:15:53,1195.82,281.9,72.51,0.1212,1223.1,287.46,70.25,0.1184,0,normal
2025-01-01T00:15:53.500000,1222.09,289.57,70.35,0.1145,1165.11,293.94,75.5,0.1145,0,normal
2025-01-01T00:15:54,1207.38,292.84,72.6,0.1251,1247.94,277.22,71.45,0.1202,0,normal
2025-01-01T00:15:54.500000,1202.5,288.92,72.59,0.1094,1136.98,266.3,72.51,0.1214,0,normal
2025-01-01T00:15:55,1206.8,280.9,72.97,0.1226,1139.75,272.47,72.0,0.1308,0,normal
2025-01-01T00:15:55.500000,1240.79,287.41,70.95,0.1232,1178.28,278.44,65.83,0.1206,0,normal
2025-01-01T00:15:56,1184.88,285.41,68.69,0.1206,1083.31,294.3,73.5,0.1183,0,normal
2025-01-01T00:15:56.500000,1213.51,280.82,72.1,0.1229,1051.47,281.18,71.93,0.1188,0,normal
2025-01-01T00:15:57,1234.97,280.2,71.11,0.1131,1272.49,282.89,70.74,0.1197,0,normal
2025-01-01T00:15:57.500000,1215.27,286.48,75.81,0.1216,1177.67,280.2,70.87,0.111,0,normal
2025-01-01T00:15:58,1200.96,288.35,71.12,0.1171,1272.77,272.8,66.04,0.1131,0,normal
2025-01-01T00:15:58.500000,1163.03,286.65,71.48,0.1192,1255.34,279.09,74.23,0.1291,0,normal
2025-01-01T00:15:59,1189.06,288.15,71.65,0.1233,1124.57,270.93,70.87,0.1147,0,normal
2025-01-01T00:15:59.500000,1187.6,284.06,73.04,0.1185,1160.45,281.99,69.78,0.1144,0,normal
2025-01-01T00:16:00,1161.29,285.3,71.18,0.1235,1130.52,280.37,77.22,0.1144,0,normal
2025-01-01T00:16:00.500000,1194.32,279.8,70.06,0.1256,1208.21,286.14,67.11,0.1222,0,normal
2025-01-01T00:16:01,1227.78,289.91,72.96,0.1159,1215.03,290.71,66.83,0.1133,0,normal
2025-01-01T00:16:01.500000,1221.32,288.75,69.77,0.1229,1204.57,291.68,70.17,0.1239,0,normal
2025-01-01T00:16:02,1220.25,283.5,72.03,0.1177,1279.28,283.97,69.34,0.1157,0,normal
2025-01-01T00:16:02.500000,1203.04,288.22,70.08,0.1267,1214.82,288.99,71.72,0.1201,0,normal
2025-01-01T00:16:03,1196.44,289.35,71.99,0.1228,1179.18,286.67,69.68,0.1273,0,normal
2025-01-01T00:16:03.500000,1179.99,283.61,71.55,0.1187,1234.68,282.29,76.01,0.1151,0,normal
2025-01-01T00:16:04,1204.07,281.68,72.61,0.1199,1192.56,295.16,70.12,0.1235,0,normal
2025-01-01T00:16:04.500000,1181.54,285.48,70.28,0.1176,1196.06,300.52,72.29,0.1299,0,normal
2025-01-01T00:16:05,1205.29,283.35,74.22,0.1216,1169.15,289.02,71.16,0.1081,0,normal
2025-01-01T00:16:05.500000,1222.46,289.68,74.65,0.1215,1188.06,292.14,74.45,0.1298,0,normal
2025-01-01T00:16:06,1198.93,284.29,70.97,0.1219,1125.68,291.64,73.69,0.1235,0,normal
2025-01-01T00:16:06.500000,1203.32,291.55,73.26,0.1178,1171.72,277.48,73.59,0.114,0,normal
2025-01-01T00:16:07,1226.0,290.66,70.73,0.1193,1200.8,292.56,76.63,0.1099,0,normal
2025-01-01T00:16:07.500000,1192.36,283.86,69.98,0.1183,1220.53,282.62,67.55,0.1372,0,normal
2025-01-01T00:16:08,1206.39,285.48,70.42,0.1209,1192.12,268.85,68.92,0.1248,0,normal
2025-01-01T00:16:08.500000,1246.66,286.57,73.59,0.1194,1195.85,294.33,76.79,0.1278,0,normal
2025-01-01T00:16:09,1174.41,284.71,72.4,0.1191,1218.62,292.02,74.89,0.1301,0,normal
2025-01-01T00:16:09.500000,1192.09,279.17,72.52,0.1268,1177.11,290.87,74.0,0.1211,0,normal
2025-01-01T00:16:10,1200.17,281.05,68.71,0.116,1181.27,294.38,71.7,0.1169,0,normal
2025-01-01T00:16:10.500000,1178.62,287.81,73.96,0.1238,1229.1,272.38,70.99,0.1317,0,normal
2025-01-01T00:16:11,1226.93,278.43,71.92,0.1213,1163.42,265.26,72.28,0.1153,0,normal
2025-01-01T00:16:11.500000,1181.19,283.48,71.81,0.12,1157.57,283.12,66.94,0.1219,0,normal
2025-01-01T00:16:12,1131.45,283.76,73.32,0.1162,1234.39,294.88,62.47,0.1191,0,normal
2025-01-01T00:16:12.500000,1130.98,284.49,71.99,0.1111,1292.39,287.45,69.55,0.1288,0,normal
2025-01-01T00:16:13,1156.91,279.75,68.69,0.1265,1215.95,290.64,72.87,0.1234,0,normal
2025-01-01T00:16:13.500000,1201.87,286.16,72.15,0.1178,1197.76,287.34,72.32,0.1111,0,normal
2025-01-01T00:16:14,1167.72,289.63,71.56,0.1221,1147.58,272.4,69.57,0.1187,0,normal
2025-01-01T00:16:14.500000,1184.04,290.53,72.26,0.1267,1219.41,264.37,75.04,0.1109,0,normal
2025-01-01T00:16:15,1205.53,281.69,75.09,0.1252,1164.39,283.91,72.7,0.1252,0,normal
2025-01-01T00:16:15.500000,1200.7,280.62,70.97,0.12,1259.25,288.66,69.77,0.1239,0,normal
2025-01-01T00:16:16,1190.71,288.81,75.64,0.1187,1238.48,278.63,71.68,0.1202,0,normal
2025-01-01T00:16:16.500000,1195.35,295.53,71.56,0.1221,1107.36,288.69,75.29,0.1168,0,normal
2025-01-01T00:16:17,1139.75,284.83,72.02,0.1226,1296.52,281.75,69.53,0.113,0,normal
2025-01-01T00:16:17.500000,1204.75,287.05,71.21,0.1228,1222.34,285.37,69.4,0.1171,0,normal
2025-01-01T00:16:18,1141.69,286.01,72.04,0.1207,1224.21,288.3,71.68,0.1203,0,normal
2025-01-01T00:16:18.500000,1166.3,282.5,72.07,0.1174,1241.29,279.37,72.62,0.1207,0,normal
2025-01-01T00:16:19,1217.91,288.85,73.0,0.1124,1257.32,298.06,70.61,0.1214,0,normal
2025-01-01T00:16:19.500000,1178.62,276.67,70.94,0.1181,1182.97,276.8,69.89,0.1199,0,normal
2025-01-01T00:16:20,1181.51,287.32,72.98,0.1286,1254.03,287.08,70.21,0.1218,0,normal
2025-01-01T00:16:20.500000,1207.84,282.81,73.13,0.115,1188.27,289.75,71.17,0.1188,0,normal
2025-01-01T00:16:21,1196.69,281.43,73.69,0.1163,1215.27,288.54,69.27,0.1204,0,normal
2025-01-01T00:16:21.500000,1178.17,290.95,70.36,0.1176,1141.24,273.39,76.58,0.1233,0,normal
2025-01-01T00:16:22,1203.37,282.19,73.31,0.117,1238.09,277.54,70.14,0.1245,0,normal
2025-01-01T00:16:22.500000,1220.73,287.55,70.49,0.1184,1207.53,277.74,75.95,0.1056,0,normal
2025-01-01T00:16:23,1181.31,282.82,67.9,0.115,1230.01,285.26,76.53,0.1293,0,normal
2025-01-01T00:16:23.500000,1210.39,286.34,72.09,0.1104,1133.06,285.86,73.77,0.1217,0,normal
2025-01-01T00:16:24,1178.58,289.01,74.13,0.1234,1247.5,280.22,75.1,0.1209,0,normal
2025-01-01T00:16:24.500000,1212.28,286.56,71.83,0.1169,1196.06,293.44,70.73,0.1254,0,normal
2025-01-01T00:16:25,1217.69,283.72,74.0,0.1187,1272.46,288.71,71.95,0.1147,0,normal
2025-01-01T00:16:25.500000,1197.88,284.13,70.19,0.1192,1161.42,290.01,75.76,0.1126,0,normal
2025-01-01T00:16:26,1241.1,284.45,70.6,0.1227,1178.57,284.3,70.84,0.1151,0,normal
2025-01-01T00:16:26.500000,1217.38,283.78,69.93,0.122,1142.13,275.14,75.43,0.1128,0,normal
2025-01-01T00:16:27,1144.41,287.66,71.56,0.1192,1184.9,286.98,69.83,0.1289,0,normal
2025-01-01T00:16:27.500000,1164.57,286.9,72.92,0.1173,1150.86,293.7,69.15,0.1164,0,normal
2025-01-01T00:16:28,1221.3,285.15,69.41,0.1263,1174.56,281.56,72.74,0.1238,0,normal
2025-01-01T00:16:28.500000,1247.07,277.9,73.19,0.1227,1193.42,291.73,74.69,0.1117,0,normal
2025-01-01T00:16:29,1241.99,278.34,70.37,0.1191,1292.4,282.36,71.91,0.1286,0,normal
2025-01-01T00:16:29.500000,1192.79,279.96,71.4,0.1249,1203.4,301.51,74.13,0.1161,0,normal
2025-01-01T00:16:30,1201.23,281.35,71.04,0.1361,1248.89,292.36,70.21,0.1294,0,normal
2025-01-01T00:16:30.500000,1226.39,293.04,74.64,0.1147,1146.73,276.42,69.28,0.1219,0,normal
2025-01-01T00:16:31,1186.4,293.86,74.74,0.12,1293.86,297.72,70.7,0.1079,0,normal
2025-01-01T00:16:31.500000,1194.77,282.24,72.3,0.1203,1203.02,289.48,68.51,0.1225,0,normal
2025-01-01T00:16:32,1189.45,285.85,73.38,0.1156,1186.5,283.99,70.52,0.1254,0,normal
2025-01-01T00:16:32.500000,1182.71,282.63,70.98,0.1239,1176.36,288.93,77.69,0.1196,0,normal
2025-01-01T00:16:33,1226.69,292.15,73.48,0.1199,1230.82,273.99,69.75,0.1164,0,normal
2025-01-01T00:16:33.500000,1253.77,281.53,70.81,0.1162,1226.87,286.22,75.13,0.124,0,normal
2025-01-01T00:16:34,1166.87,281.55,73.97,0.1193,1257.0,283.72,69.21,0.1182,0,normal
2025-01-01T00:16:34.500000,1176.77,282.58,72.29,0.1218,1123.67,284.85,70.31,0.1161,0,normal
2025-01-01T00:16:35,1203.18,282.65,73.99,0.1243,1256.73,280.77,69.23,0.1205,0,normal
2025-01-01T00:16:35.500000,1196.39,282.4,70.31,0.1199,1180.6,290.89,73.92,0.1266,0,normal
2025-01-01T00:16:36,1169.78,286.71,70.95,0.1156,1179.43,294.14,70.93,0.1294,0,normal
2025-01-01T00:16:36.500000,1213.17,283.32,73.67,0.1216,1155.24,300.89,72.75,0.1201,0,normal
2025-01-01T00:16:37,1179.47,290.04,72.74,0.1223,1175.64,292.13,74.63,0.116,0,normal
2025-01-01T00:16:37.500000,1165.99,287.49,69.73,0.1205,1178.53,295.42,70.87,0.1266,0,normal
2025-01-01T00:16:38,1187.66,289.27,74.97,0.1162,1214.02,308.5,72.19,0.1204,0,normal
2025-01-01T00:16:38.500000,1218.92,285.18,69.54,0.1241,1103.86,281.44,75.48,0.1179,0,normal
2025-01-01T00:16:39,1183.35,288.76,70.77,0.1156,1213.18,283.44,68.42,0.1238,0,normal
2025-01-01T00:16:39.500000,1211.15,283.46,71.58,0.1217,1257.14,282.58,73.89,0.1234,0,normal
2025-01-01T00:16:40,1221.1,285.17,70.69,0.1183,1216.46,300.55,70.61,0.1248,0,normal
2025-01-01T00:16:40.500000,1192.13,285.47,74.18,0.1228,1140.42,280.11,75.62,0.1209,0,normal
2025-01-01T00:16:41,1172.43,281.5,73.01,0.1236,1200.86,306.16,74.37,0.1185,0,normal
2025-01-01T00:16:41.500000,1180.42,280.83,72.48,0.1182,1280.34,297.54,73.82,0.1129,0,normal
2025-01-01T00:16:42,1183.87,290.37,71.19,0.124,1222.78,285.44,69.98,0.1194,0,normal
2025-01-01T00:16:42.500000,1204.55,289.41,70.72,0.1191,1202.15,290.67,69.38,0.1121,0,normal
2025-01-01T00:16:43,1216.18,278.51,73.85,0.1194,1125.72,280.89,73.09,0.1168,0,normal
2025-01-01T00:16:43.500000,1200.48,288.16,71.71,0.1166,1185.65,297.1,76.85,0.1079,0,normal
2025-01-01T00:16:44,1226.18,286.07,73.33,0.118,1115.12,290.0,69.29,0.1117,0,normal
2025-01-01T00:16:44.500000,1168.36,287.57,72.2,0.1228,1232.12,281.4,71.8,0.1169,0,normal
2025-01-01T00:16:45,1194.95,280.86,72.56,0.1239,1160.8,295.95,72.33,0.1214,0,normal
2025-01-01T00:16:45.500000,1159.21,277.27,72.21,0.1228,1167.77,299.28,74.12,0.1145,0,normal
2025-01-01T00:16:46,1200.74,295.59,70.21,0.1219,1184.51,291.04,75.65,0.1177,0,normal
2025-01-01T00:16:46.500000,1226.85,294.5,72.1,0.1228,1171.66,285.16,71.49,0.1248,0,normal
2025-01-01T00:16:47,1228.91,284.53,74.21,0.1255,1240.65,280.59,70.24,0.1151,0,normal
2025-01-01T00:16:47.500000,1222.78,279.82,72.97,0.1161,1239.53,285.15,75.84,0.1268,0,normal
2025-01-01T00:16:48,1234.44,291.25,72.21,0.1158,1149.48,267.16,68.88,0.1204,0,normal
2025-01-01T00:16:48.500000,1186.57,284.23,72.71,0.1189,1146.15,284.54,69.41,0.1184,0,normal
2025-01-01T00:16:49,1232.23,283.84,74.55,0.1252,1172.19,275.5,71.85,0.1269,0,normal
2025-01-01T00:16:49.500000,1188.24,288.88,73.74,0.1172,1167.55,291.09,72.44,0.1159,0,normal
2025-01-01T00:16:50,1191.55,284.7,69.75,0.1228,1177.02,261.2,71.93,0.1156,0,normal
2025-01-01T00:16:50.500000,1240.53,282.5,70.42,0.1218,1168.3,278.34,73.47,0.1138,0,normal
2025-01-01T00:16:51,1165.03,292.38,72.83,0.119,1199.83,289.33,74.8,0.1155,0,normal
2025-01-01T00:16:51.500000,1208.79,282.83,71.73,0.1206,1199.68,291.29,73.4,0.111,0,normal
2025-01-01T00:16:52,1167.41,283.42,74.63,0.1169,1190.01,280.41,70.4,0.1211,0,normal
2025-01-01T00:16:52.500000,1233.62,286.95,70.84,0.1299,1203.77,280.06,76.07,0.1172,0,normal
2025-01-01T00:16:53,1239.91,281.28,74.06,0.1207,1261.97,301.26,68.74,0.1277,0,normal
2025-01-01T00:16:53.500000,1166.19,280.52,70.84,0.1218,1201.58,283.57,72.42,0.1235,0,normal
2025-01-01T00:16:54,1216.04,289.68,74.62,0.1199,1174.99,290.25,68.7,0.1159,0,normal
2025-01-01T00:16:54.500000,1223.99,284.47,70.26,0.1146,1202.34,294.76,75.25,0.1207,0,normal
2025-01-01T00:16:55,1248.21,284.55,71.8,0.1108,1178.53,292.28,76.5,0.115,0,normal
2025-01-01T00:16:55.500000,1211.09,289.48,72.02,0.1118,1211.87,291.51,69.27,0.1185,0,normal
2025-01-01T00:16:56,1172.27,274.01,73.48,0.12,1276.69,292.33,70.98,0.1195,0,normal
2025-01-01T00:16:56.500000,1213.59,289.13,72.46,0.124,1185.76,276.47,71.81,0.1212,0,normal
2025-01-01T00:16:57,1171.16,279.29,72.64,0.1185,1192.04,281.92,76.38,0.1276,0,normal
2025-01-01T00:16:57.500000,1170.3,282.72,73.22,0.1222,1198.01,275.27,70.03,0.1169,0,normal
2025-01-01T00:16:58,1206.65,292.28,71.01,0.1163,1194.79,293.82,67.83,0.1287,0,normal
2025-01-01T00:16:58.500000,1195.87,281.86,69.7,0.1225,1191.78,286.46,69.41,0.1181,0,normal
2025-01-01T00:16:59,1188.32,284.57,71.04,0.1145,1330.97,273.34,72.52,0.1094,0,normal
2025-01-01T00:16:59.500000,1152.07,285.42,72.25,0.1245,1219.18,283.72,69.27,0.129,0,normal
2025-01-01T00:17:00,1222.29,279.67,72.05,0.1205,1183.41,291.6,74.4,0.1189,0,normal
2025-01-01T00:17:00.500000,1193.26,291.41,73.34,0.1203,1121.8,287.94,74.01,0.1035,0,normal
2025-01-01T00:17:01,1206.04,283.22,71.68,0.1167,1192.89,296.9,70.71,0.1258,0,normal
2025-01-01T00:17:01.500000,1180.65,288.24,72.0,0.1213,1200.34,290.49,64.61,0.1115,0,normal
2025-01-01T00:17:02,1210.01,276.26,71.24,0.1198,1160.25,279.09,72.78,0.1261,0,normal
2025-01-01T00:17:02.500000,1177.0,282.54,70.95,0.1113,1206.8,292.99,74.93,0.1148,0,normal
2025-01-01T00:17:03,1169.96,285.09,73.19,0.1206,1213.89,294.76,69.87,0.1187,0,normal
2025-01-01T00:17:03.500000,1239.23,284.16,70.18,0.1176,1154.97,288.05,69.42,0.1216,0,normal
2025-01-01T00:17:04,1182.33,275.92,72.44,0.1205,1224.85,279.25,69.75,0.1224,0,normal
2025-01-01T00:17:04.500000,1236.46,285.05,72.61,0.1188,1125.91,293.27,74.62,0.1243,0,normal
2025-01-01T00:17:05,1195.63,287.55,73.29,0.1258,1247.45,285.55,68.23,0.1209,0,normal
2025-01-01T00:17:05.500000,1206.16,288.03,73.95,0.1197,1300.85,269.96,73.21,0.1152,0,normal
2025-01-01T00:17:06,1154.23,284.14,69.9,0.1194,1201.67,294.56,67.66,0.1255,0,normal
2025-01-01T00:17:06.500000,1202.35,289.4,71.38,0.1152,1141.56,273.96,73.38,0.1289,0,normal
2025-01-01T00:17:07,1186.44,287.69,69.81,0.1206,1232.09,272.62,71.41,0.1243,0,normal
2025-01-01T00:17:07.500000,1129.59,290.71,72.51,0.1226,1180.19,270.27,73.54,0.1195,0,normal
2025-01-01T00:17:08,1200.77,289.65,73.1,0.1269,1207.39,279.09,71.46,0.1225,0,normal
2025-01-01T00:17:08.500000,1224.38,278.73,72.01,0.1258,1188.47,292.96,73.42,0.1257,0,normal
2025-01-01T00:17:09,1180.57,281.56,72.03,0.1145,1187.05,287.16,77.14,0.1224,0,normal
2025-01-01T00:17:09.500000,1215.01,289.98,70.61,0.1194,1316.42,284.32,75.22,0.1258,0,normal
2025-01-01T00:17:10,1164.53,286.33,72.21,0.1212,1163.8,275.45,70.63,0.1194,0,normal
2025-01-01T00:17:10.500000,1228.44,292.77,74.01,0.1231,1151.79,281.5,72.6,0.1162,0,normal
2025-01-01T00:17:11,1213.85,288.08,72.77,0.1237,1156.58,292.98,70.0,0.1144,0,normal
2025-01-01T00:17:11.500000,1212.77,290.2,72.7,0.1201,1214.89,286.17,68.76,0.1125,0,normal
2025-01-01T00:17:12,1198.11,285.34,72.02,0.1224,1189.66,289.81,71.58,0.1309,0,normal
2025-01-01T00:17:12.500000,1201.94,295.01,72.51,0.1192,1156.83,272.66,69.14,0.1147,0,normal
2025-01-01T00:17:13,1209.48,282.75,72.27,0.1246,1195.79,302.78,68.61,0.1191,0,normal
2025-01-01T00:17:13.500000,1187.06,289.0,68.77,0.1148,1194.85,298.26,72.65,0.1119,0,normal
2025-01-01T00:17:14,1171.27,292.15,71.11,0.1166,1270.91,293.64,75.67,0.1143,0,normal
2025-01-01T00:17:14.500000,1163.4,285.57,72.48,0.1213,1270.95,270.18,74.48,0.1134,0,normal
2025-01-01T00:17:15,1220.54,282.97,70.83,0.1178,1130.61,285.35,69.77,0.1247,0,normal
2025-01-01T00:17:15.500000,1215.36,292.22,72.53,0.1219,1267.2,279.63,67.71,0.1212,0,normal
2025-01-01T00:17:16,1165.86,295.49,74.1,0.1278,1203.0,289.71,70.68,0.1253,0,normal
2025-01-01T00:17:16.500000,1170.83,274.13,70.86,0.1148,1270.94,300.52,67.96,0.1278,0,normal
2025-01-01T00:17:17,1222.83,278.29,71.44,0.1179,1235.9,274.49,71.72,0.1159,0,normal
2025-01-01T00:17:17.500000,1211.36,284.07,71.23,0.1192,1297.73,281.44,69.0,0.1235,0,normal
2025-01-01T00:17:18,1196.56,278.95,75.21,0.1187,1181.86,286.37,76.98,0.1099,0,normal
2025-01-01T00:17:18.500000,1206.62,293.92,72.19,0.1156,1170.32,286.77,75.83,0.118,0,normal
2025-01-01T00:17:19,1219.84,278.86,69.92,0.1183,1269.03,285.59,72.83,0.1217,0,normal
2025-01-01T00:17:19.500000,1226.62,282.39,72.99,0.117,1295.2,278.16,69.46,0.1233,0,normal
2025-01-01T00:17:20,1201.91,286.4,72.33,0.1161,1277.44,292.64,75.91,0.1168,0,normal
2025-01-01T00:17:20.500000,1210.0,285.84,73.62,0.1242,1209.27,272.02,77.13,0.1233,0,normal
2025-01-01T00:17:21,1185.4,286.74,69.82,0.1238,1129.38,283.11,72.7,0.1262,0,normal
2025-01-01T00:17:21.500000,1202.56,287.71,71.96,0.1199,1204.1,283.38,67.14,0.1154,0,normal
2025-01-01T00:17:22,1205.87,283.94,71.78,0.1188,1158.55,280.78,71.12,0.12,0,normal
2025-01-01T00:17:22.500000,1209.44,284.23,70.52,0.115,1324.68,275.34,70.51,0.1231,0,normal
2025-01-01T00:17:23,1208.66,287.23,71.36,0.1209,1202.94,282.33,72.71,0.1263,0,normal
2025-01-01T00:17:23.500000,1199.47,284.93,73.54,0.1235,1276.03,269.98,74.61,0.1236,0,normal
2025-01-01T00:17:24,1178.74,286.08,73.51,0.117,1221.24,292.45,68.92,0.1191,0,normal
2025-01-01T00:17:24.500000,1207.22,281.6,70.73,0.1195,1238.48,290.5,69.52,0.1239,0,normal
2025-01-01T00:17:25,1179.94,278.12,71.47,0.124,1231.49,284.99,70.8,0.1177,0,normal
2025-01-01T00:17:25.500000,1202.61,280.43,71.5,0.1192,1135.15,277.83,73.18,0.1201,0,normal
2025-01-01T00:17:26,1192.59,281.1,74.27,0.117,1212.08,280.83,72.1,0.1227,0,normal
2025-01-01T00:17:26.500000,1167.11,284.97,73.71,0.1263,1193.76,285.36,78.37,0.1268,0,normal
2025-01-01T00:17:27,1185.19,282.35,73.38,0.1164,1252.21,287.86,73.49,0.1185,0,normal
2025-01-01T00:17:27.500000,1184.88,291.25,71.64,0.1185,1196.15,286.65,69.03,0.1166,0,normal
2025-01-01T00:17:28,1185.17,288.61,70.72,0.1137,1105.58,272.43,75.92,0.1201,0,normal
2025-01-01T00:17:28.500000,1212.03,287.29,72.08,0.1197,1250.14,286.25,76.03,0.1237,0,normal
2025-01-01T00:17:29,1185.17,282.87,70.95,0.1244,1180.56,278.17,72.92,0.1194,0,normal
2025-01-01T00:17:29.500000,1207.07,293.08,73.31,0.1201,1132.4,280.73,74.05,0.113,0,normal
2025-01-01T00:17:30,1251.38,285.06,72.07,0.1176,1223.84,275.1,78.23,0.1279,0,normal
2025-01-01T00:17:30.500000,1223.62,279.06,72.3,0.1244,1228.47,276.43,70.13,0.1173,0,normal
2025-01-01T00:17:31,1185.52,291.54,69.23,0.1224,1137.97,276.78,66.21,0.1167,0,normal
2025-01-01T00:17:31.500000,1236.26,286.13,70.27,0.1237,1259.1,285.89,77.86,0.1249,0,normal
2025-01-01T00:17:32,1216.38,281.57,72.9,0.1208,1224.95,279.15,72.37,0.1151,0,normal
2025-01-01T00:17:32.500000,1148.47,289.27,69.84,0.1204,1215.98,287.79,71.18,0.1216,0,normal
2025-01-01T00:17:33,1211.3,288.14,74.5,0.1208,1203.07,277.25,73.26,0.124,0,normal
2025-01-01T00:17:33.500000,1195.38,287.33,71.58,0.1224,1243.8,292.68,72.34,0.1138,0,normal
2025-01-01T00:17:34,1185.31,287.54,75.53,0.1188,1221.88,280.25,69.19,0.1159,0,normal
2025-01-01T00:17:34.500000,1150.02,290.79,68.79,0.1191,1143.45,277.44,75.96,0.1212,0,normal
2025-01-01T00:17:35,1176.83,282.48,70.9,0.1198,1208.3,301.21,66.48,0.1198,0,normal
2025-01-01T00:17:35.500000,1192.43,289.05,72.51,0.1221,1216.56,277.03,75.49,0.1248,0,normal
2025-01-01T00:17:36,1221.97,290.4,72.6,0.1253,1218.13,283.13,71.98,0.1199,0,normal
2025-01-01T00:17:36.500000,1187.53,291.98,72.43,0.1203,1218.64,310.48,68.74,0.1149,0,normal
2025-01-01T00:17:37,1166.87,284.01,72.35,0.1183,1174.09,286.22,70.55,0.1219,0,normal
2025-01-01T00:17:37.500000,1226.74,287.89,73.27,0.1239,1213.58,283.64,69.78,0.1177,0,normal
2025-01-01T00:17:38,1187.43,288.13,72.5,0.1225,1144.3,297.24,70.77,0.1134,0,normal
2025-01-01T00:17:38.500000,1189.46,295.62,71.44,0.1188,1190.78,283.73,69.75,0.1209,0,normal
2025-01-01T00:17:39,1225.81,286.34,70.4,0.1188,1173.53,285.45,75.83,0.1191,0,normal
2025-01-01T00:17:39.500000,1197.88,292.6,73.26,0.1221,1293.99,289.19,66.28,0.125,0,normal
2025-01-01T00:17:40,1161.79,286.93,69.53,0.1183,1182.54,278.42,71.0,0.1262,0,normal
2025-01-01T00:17:40.500000,1182.87,287.33,70.61,0.1193,1215.54,276.48,68.22,0.123,0,normal
2025-01-01T00:17:41,1226.95,284.66,71.34,0.1206,1202.66,287.08,64.72,0.1136,0,normal
2025-01-01T00:17:41.500000,1179.71,285.64,72.27,0.1223,1212.36,273.88,76.17,0.1276,0,normal
2025-01-01T00:17:42,1169.8,286.42,71.14,0.1205,1250.56,303.21,74.16,0.1218,0,normal
2025-01-01T00:17:42.500000,1191.84,285.78,73.96,0.1198,1157.47,271.15,73.48,0.1215,0,normal
2025-01-01T00:17:43,1184.5,289.39,71.39,0.1195,1199.2,282.0,72.68,0.1269,0,normal
2025-01-01T00:17:43.500000,1172.58,287.09,72.25,0.1206,1241.85,285.42,73.38,0.1243,0,normal
2025-01-01T00:17:44,1187.9,286.28,71.64,0.1195,1184.54,289.03,72.24,0.1224,0,normal
2025-01-01T00:17:44.500000,1199.58,278.14,72.05,0.1202,1211.64,279.92,68.56,0.1237,0,normal
2025-01-01T00:17:45,1193.43,285.73,71.59,0.12,1178.43,276.72,73.36,0.1164,0,normal
2025-01-01T00:17:45.500000,1203.93,286.75,71.15,0.1157,1316.45,280.49,73.8,0.1316,0,normal
2025-01-01T00:17:46,1218.96,283.72,71.9,0.117,1242.32,289.84,70.52,0.1137,0,normal
2025-01-01T00:17:46.500000,1168.29,289.22,72.17,0.1208,1160.5,272.49,74.77,0.1203,0,normal
2025-01-01T00:17:47,1221.77,283.35,71.66,0.1226,1235.15,291.82,71.15,0.1237,0,normal
2025-01-01T00:17:47.500000,1226.62,284.55,71.26,0.1248,1168.59,290.38,71.83,0.109,0,normal
2025-01-01T00:17:48,1227.09,273.21,69.14,0.1219,1225.3,279.55,72.43,0.1048,0,normal
2025-01-01T00:17:48.500000,1216.97,286.07,71.93,0.1201,1223.68,284.75,66.6,0.1332,0,normal
2025-01-01T00:17:49,1228.82,279.51,71.5,0.1192,1251.78,266.54,70.56,0.1094,0,normal
2025-01-01T00:17:49.500000,1193.16,282.98,72.11,0.1178,1163.95,290.3,73.31,0.1233,0,normal
2025-01-01T00:17:50,1195.75,282.56,71.83,0.1218,1095.51,288.37,72.89,0.1204,0,normal
2025-01-01T00:17:50.500000,1196.42,274.03,71.37,0.1264,1200.62,282.37,72.05,0.1221,0,normal
2025-01-01T00:17:51,1215.81,284.02,72.61,0.126,1248.3,305.01,70.11,0.1301,0,normal
2025-01-01T00:17:51.500000,1181.02,286.51,73.05,0.1182,1204.22,292.78,69.95,0.13,0,normal
2025-01-01T00:17:52,1166.77,293.29,73.44,0.1197,1180.67,280.66,71.61,0.1197,0,normal
2025-01-01T00:17:52.500000,1230.13,293.42,72.29,0.117,1173.81,283.43,69.03,0.1129,0,normal
2025-01-01T00:17:53,1250.33,286.29,70.8,0.1229,1143.44,275.63,69.69,0.1299,0,normal
2025-01-01T00:17:53.500000,1193.93,274.56,73.74,0.1189,1111.23,282.29,73.5,0.1224,0,normal
2025-01-01T00:17:54,1243.16,281.35,72.07,0.1175,1125.97,292.57,73.33,0.1217,0,normal
2025-01-01T00:17:54.500000,1210.24,282.07,70.55,0.1201,1255.74,298.75,74.29,0.1202,0,normal
2025-01-01T00:17:55,1206.47,285.05,70.52,0.1201,1135.93,283.94,76.71,0.1249,0,normal
2025-01-01T00:17:55.500000,1177.85,284.69,70.8,0.1198,1249.97,290.58,79.15,0.1272,0,normal
2025-01-01T00:17:56,1204.9,287.89,71.71,0.1159,1262.68,293.63,71.31,0.1216,0,normal
2025-01-01T00:17:56.500000,1229.78,288.62,69.89,0.1209,1191.95,294.52,74.97,0.1279,0,normal
2025-01-01T00:17:57,1173.17,281.65,73.6,0.1179,1126.97,289.55,70.42,0.1307,0,normal
2025-01-01T00:17:57.500000,1207.11,285.69,71.47,0.1257,1217.21,281.51,69.71,0.1196,0,normal
2025-01-01T00:17:58,1176.54,289.4,69.4,0.1195,1229.29,287.93,69.93,0.124,0,normal
2025-01-01T00:17:58.500000,1178.74,284.9,72.94,0.1217,1167.6,295.24,72.25,0.1245,0,normal
2025-01-01T00:17:59,1236.7,289.78,73.61,0.1207,1238.11,286.83,68.52,0.1218,0,normal
2025-01-01T00:17:59.500000,1206.15,287.5,71.82,0.1173,1231.51,273.77,76.2,0.1186,0,normal
2025-01-01T00:18:00,1205.89,287.39,72.85,0.1149,1239.56,287.59,70.17,0.1155,0,normal
2025-01-01T00:18:00.500000,1191.98,279.45,74.48,0.1254,1221.68,283.09,71.43,0.1245,0,normal
2025-01-01T00:18:01,1242.19,282.56,70.39,0.1256,1114.22,276.38,71.29,0.1106,0,normal
2025-01-01T00:18:01.500000,1226.69,288.66,71.17,0.1246,1269.57,284.03,70.7,0.1336,0,normal
2025-01-01T00:18:02,1217.31,286.1,73.96,0.1211,1175.73,285.69,74.99,0.108,0,normal
2025-01-01T00:18:02.500000,1193.09,290.91,71.26,0.1256,1267.91,284.44,70.36,0.1183,0,normal
2025-01-01T00:18:03,1263.95,293.01,72.18,0.1178,1205.62,287.08,68.42,0.1205,0,normal
2025-01-01T00:18:03.500000,1231.74,277.31,73.19,0.1249,1173.09,299.49,70.01,0.1226,0,normal
2025-01-01T00:18:04,1192.64,283.69,71.11,0.1225,1240.74,284.45,68.08,0.1224,0,normal
2025-01-01T00:18:04.500000,1210.13,284.07,74.69,0.1144,1093.57,278.75,74.05,0.1137,0,normal
2025-01-01T00:18:05,1176.46,289.07,72.67,0.1214,1237.51,281.36,70.91,0.1249,0,normal
2025-01-01T00:18:05.500000,1167.72,275.84,71.38,0.1234,1212.27,292.33,66.19,0.1219,0,normal
2025-01-01T00:18:06,1215.69,279.23,73.24,0.1196,1347.42,266.38,75.94,0.1176,0,normal
2025-01-01T00:18:06.500000,1161.19,282.75,72.4,0.1237,1282.65,297.16,69.22,0.1268,0,normal
2025-01-01T00:18:07,1209.39,282.2,71.69,0.1174,1201.78,278.76,69.04,0.1229,0,normal
2025-01-01T00:18:07.500000,1215.09,284.2,73.97,0.1191,1185.47,290.65,71.62,0.1205,0,normal
2025-01-01T00:18:08,1139.51,285.07,69.37,0.1156,1135.9,276.09,70.42,0.1171,0,normal
2025-01-01T00:18:08.500000,1215.94,285.95,69.26,0.1203,1215.28,282.19,71.82,0.1211,0,normal
2025-01-01T00:18:09,1218.35,278.27,71.65,0.1254,1268.0,292.28,73.55,0.1299,0,normal
2025-01-01T00:18:09.500000,1246.03,284.45,70.6,0.119,1348.64,271.58,70.64,0.1115,0,normal
2025-01-01T00:18:10,1202.99,279.86,71.84,0.113,1229.65,295.45,70.89,0.1192,0,normal
2025-01-01T00:18:10.500000,1196.08,285.77,71.95,0.1228,1259.19,278.04,71.11,0.1254,0,normal
2025-01-01T00:18:11,1165.88,276.58,72.33,0.1218,1165.33,280.05,69.81,0.1148,0,normal
2025-01-01T00:18:11.500000,1216.64,279.95,71.62,0.1167,1130.15,292.44,70.5,0.1211,0,normal
2025-01-01T00:18:12,1163.81,281.83,73.09,0.1293,1105.14,283.28,73.19,0.1163,0,normal
2025-01-01T00:18:12.500000,1220.39,281.29,72.22,0.1181,1258.53,279.22,70.99,0.1257,0,normal
2025-01-01T00:18:13,1175.33,285.29,69.38,0.1161,1218.34,276.53,70.43,0.123,0,normal
2025-01-01T00:18:13.500000,1186.1,288.52,72.31,0.1216,1259.57,287.73,76.43,0.1255,0,normal
2025-01-01T00:18:14,1187.44,290.53,72.38,0.1186,1213.36,294.51,73.31,0.1309,0,normal
2025-01-01T00:18:14.500000,1226.08,287.24,70.52,0.1194,1203.44,290.96,73.84,0.121,0,normal
2025-01-01T00:18:15,1202.89,288.08,70.76,0.1261,1101.74,297.44,71.87,0.126,0,normal
2025-01-01T00:18:15.500000,1208.73,286.48,72.8,0.1229,1184.22,293.85,68.88,0.12,0,normal
2025-01-01T00:18:16,1220.06,289.25,72.66,0.1186,1243.04,279.28,77.04,0.1195,0,normal
2025-01-01T00:18:16.500000,1163.05,279.89,72.06,0.1205,1294.54,276.12,72.11,0.1136,0,normal
2025-01-01T00:18:17,1188.18,292.2,70.36,0.1221,1218.86,284.79,73.5,0.113,0,normal
2025-01-01T00:18:17.500000,1239.75,293.23,72.07,0.1287,1180.85,288.42,76.12,0.1172,0,normal
2025-01-01T00:18:18,1166.84,278.11,74.97,0.1181,1191.08,275.49,74.73,0.1153,0,normal
2025-01-01T00:18:18.500000,1188.21,286.28,70.47,0.1194,1267.31,288.66,72.38,0.1213,0,normal
2025-01-01T00:18:19,1190.66,293.53,70.83,0.1208,1205.52,293.62,75.18,0.1198,0,normal
2025-01-01T00:18:19.500000,1206.98,286.4,68.73,0.1143,1170.96,280.2,68.55,0.1245,0,normal
2025-01-01T00:18:20,1200.05,284.08,70.19,0.1198,1073.92,283.61,72.18,0.1215,0,normal
2025-01-01T00:18:20.500000,1162.46,285.96,70.5,0.1171,1234.46,302.22,72.15,0.1151,0,normal
2025-01-01T00:18:21,1204.53,289.01,72.89,0.1299,1165.66,287.16,76.46,0.1289,0,normal
2025-01-01T00:18:21.500000,1153.2,284.99,74.14,0.1304,1233.78,281.85,69.09,0.1333,0,normal
2025-01-01T00:18:22,1217.49,281.37,71.71,0.1211,1226.1,277.31,70.23,0.1101,0,normal
2025-01-01T00:18:22.500000,1224.95,283.54,72.67,0.1251,1210.55,284.03,72.56,0.1204,0,normal
2025-01-01T00:18:23,1229.91,286.33,71.22,0.1238,1259.06,273.56,76.41,0.1222,0,normal
2025-01-01T00:18:23.500000,1206.8,289.3,71.18,0.1234,1181.91,272.39,69.13,0.1234,0,normal
2025-01-01T00:18:24,1177.31,291.88,73.71,0.1248,1205.99,287.2,68.56,0.126,0,normal
2025-01-01T00:18:24.500000,1209.12,287.43,74.43,0.1178,1193.95,287.79,69.31,0.1189,0,normal
2025-01-01T00:18:25,1211.83,283.61,73.88,0.1146,1253.89,290.65,70.36,0.1145,0,normal
2025-01-01T00:18:25.500000,1150.07,281.6,73.51,0.1198,1255.82,279.7,74.04,0.1157,0,normal
2025-01-01T00:18:26,1176.83,284.54,71.04,0.1144,1191.25,285.91,75.65,0.1256,0,normal
2025-01-01T00:18:26.500000,1229.28,288.08,72.48,0.1156,1207.19,290.1,76.2,0.1241,0,normal
2025-01-01T00:18:27,1229.77,280.59,71.53,0.1215,1255.73,283.76,71.76,0.1241,0,normal
2025-01-01T00:18:27.500000,1172.98,291.87,70.73,0.1131,1200.48,299.52,73.69,0.1245,0,normal
2025-01-01T00:18:28,1200.99,284.35,69.78,0.1119,1209.42,296.22,72.99,0.1237,0,normal
2025-01-01T00:18:28.500000,1238.01,286.41,71.82,0.1171,1297.07,289.5,69.28,0.113,0,normal
2025-01-01T00:18:29,1230.07,280.56,74.67,0.1101,1268.28,289.16,72.34,0.1189,0,normal
2025-01-01T00:18:29.500000,1245.38,288.02,70.7,0.1138,1208.51,284.99,67.62,0.1197,0,normal
2025-01-01T00:18:30,1186.23,285.04,73.05,0.1254,1243.63,278.83,73.06,0.1204,0,normal
2025-01-01T00:18:30.500000,1168.03,286.7,74.67,0.1201,1123.48,285.26,68.5,0.1252,0,normal
2025-01-01T00:18:31,1212.6,284.27,71.52,0.1192,1200.4,278.4,68.0,0.1268,0,normal
2025-01-01T00:18:31.500000,1190.75,285.71,72.41,0.1212,1143.66,270.67,70.3,0.1224,0,normal
2025-01-01T00:18:32,1182.53,283.48,75.06,0.1134,1163.76,301.22,71.87,0.1158,0,normal
2025-01-01T00:18:32.500000,1228.05,285.24,71.5,0.1207,1168.41,276.3,71.67,0.1139,0,normal
2025-01-01T00:18:33,1200.26,286.52,73.23,0.1241,1180.52,289.27,73.42,0.122,0,normal
2025-01-01T00:18:33.500000,1188.49,280.61,72.72,0.1139,1187.14,263.17,68.15,0.1147,0,normal
2025-01-01T00:18:34,1226.32,287.94,71.2,0.1226,1242.61,283.63,68.01,0.1188,0,normal
2025-01-01T00:18:34.500000,1197.65,279.73,72.53,0.121,1221.36,287.38,74.1,0.1189,0,normal
2025-01-01T00:18:35,1204.84,283.3,71.16,0.1248,1101.9,292.5,70.21,0.1155,0,normal
2025-01-01T00:18:35.500000,1206.28,278.63,70.82,0.1169,1189.37,278.12,76.61,0.1308,0,normal
2025-01-01T00:18:36,1151.47,287.33,73.24,0.122,1168.41,282.91,69.84,0.1175,0,normal
2025-01-01T00:18:36.500000,1170.96,284.51,69.84,0.1193,1140.07,286.77,70.04,0.1217,0,normal
2025-01-01T00:18:37,1225.96,291.79,68.36,0.117,1185.45,288.94,67.25,0.1141,0,normal
2025-01-01T00:18:37.500000,1203.13,285.36,72.54,0.1216,1216.25,286.66,72.16,0.124,0,normal
2025-01-01T00:18:38,1146.26,291.6,68.83,0.1161,1189.12,290.75,63.37,0.1198,0,normal
2025-01-01T00:18:38.500000,1219.02,289.25,71.0,0.1189,1170.42,281.64,69.03,0.1147,0,normal
2025-01-01T00:18:39,1210.43,285.56,72.71,0.1208,1233.81,292.51,66.98,0.1149,0,normal
2025-01-01T00:18:39.500000,1194.45,284.9,71.04,0.1233,1295.04,286.59,72.24,0.1251,0,normal
2025-01-01T00:18:40,1155.22,285.12,73.41,0.1177,1141.13,283.41,71.83,0.1145,0,normal
2025-01-01T00:18:40.500000,1250.31,282.95,70.34,0.1197,1243.58,285.15,73.4,0.1148,0,normal
2025-01-01T00:18:41,1235.7,287.4,73.51,0.1213,1239.59,277.54,70.58,0.1281,0,normal
2025-01-01T00:18:41.500000,1237.43,280.1,72.36,0.1184,1166.54,287.44,75.29,0.1227,0,normal
2025-01-01T00:18:42,1192.33,287.2,71.48,0.1215,1267.03,267.24,74.3,0.1108,0,normal
2025-01-01T00:18:42.500000,1229.48,282.28,70.25,0.1225,1217.48,276.46,68.39,0.1189,0,normal
2025-01-01T00:18:43,1171.1,280.46,72.17,0.1165,1220.47,297.74,71.57,0.1208,0,normal
2025-01-01T00:18:43.500000,1248.43,279.92,73.72,0.1239,1241.01,296.04,72.81,0.1165,0,normal
2025-01-01T00:18:44,1226.27,289.84,73.59,0.1202,1165.62,286.64,74.71,0.1261,0,normal
2025-01-01T00:18:44.500000,1189.69,286.35,70.12,0.1235,1162.4,291.71,68.69,0.1262,0,normal
2025-01-01T00:18:45,1207.72,281.66,73.0,0.1179,1235.98,282.66,67.04,0.1141,0,normal
2025-01-01T00:18:45.500000,1189.67,290.85,73.3,0.1258,1279.37,280.43,71.46,0.1175,0,normal
2025-01-01T00:18:46,1183.88,277.13,71.98,0.1154,1198.36,303.09,70.53,0.1212,0,normal
2025-01-01T00:18:46.500000,1221.76,286.2,72.42,0.1187,1188.87,276.79,74.44,0.1096,0,normal
2025-01-01T00:18:47,1223.31,279.0,73.39,0.1187,1140.87,289.95,74.67,0.1174,0,normal
2025-01-01T00:18:47.500000,1217.29,275.23,70.1,0.1247,1189.26,269.08,69.99,0.1145,0,normal
2025-01-01T00:18:48,1196.02,283.42,72.26,0.1197,1265.27,288.63,73.32,0.127,0,normal
2025-01-01T00:18:48.500000,1190.67,279.61,73.74,0.1205,1206.69,279.59,70.22,0.1251,0,normal
2025-01-01T00:18:49,1223.63,288.35,73.14,0.122,1206.31,283.5,75.49,0.1178,0,normal
2025-01-01T00:18:49.500000,1208.88,281.56,71.05,0.1191,1161.41,291.82,68.12,0.1206,0,normal
2025-01-01T00:18:50,1203.18,277.26,71.36,0.1209,1220.58,283.25,73.95,0.1193,0,normal
2025-01-01T00:18:50.500000,1200.33,286.08,73.33,0.1176,1176.63,279.28,71.04,0.1286,0,normal
2025-01-01T00:18:51,1213.75,280.16,71.14,0.1213,1156.49,278.8,75.87,0.1163,0,normal
2025-01-01T00:18:51.500000,1222.91,290.37,70.94,0.1168,1186.75,275.69,72.35,0.1188,0,normal
2025-01-01T00:18:52,1208.65,290.97,73.18,0.1218,1105.63,288.79,76.96,0.1019,0,normal
2025-01-01T00:18:52.500000,1216.55,284.32,70.78,0.1229,1282.07,291.63,70.93,0.1143,0,normal
2025-01-01T00:18:53,1203.47,288.73,71.44,0.119,1335.46,294.22,75.31,0.1112,0,normal
2025-01-01T00:18:53.500000,1183.03,285.32,70.56,0.1258,1267.69,280.44,77.14,0.12,0,normal
2025-01-01T00:18:54,1262.15,285.62,72.83,0.125,1261.33,289.37,71.59,0.1231,0,normal
2025-01-01T00:18:54.500000,1180.41,285.65,70.4,0.1136,1202.42,295.79,74.67,0.1195,0,normal
2025-01-01T00:18:55,1241.93,282.57,69.24,0.1121,1143.3,291.98,70.17,0.1228,0,normal
2025-01-01T00:18:55.500000,1239.51,280.3,72.69,0.1219,1158.68,296.58,71.17,0.1177,0,normal
2025-01-01T00:18:56,1250.68,287.23,73.33,0.1249,1168.78,295.69,70.55,0.1167,0,normal
2025-01-01T00:18:56.500000,1193.47,282.34,73.18,0.121,1176.42,290.77,71.21,0.118,0,normal
2025-01-01T00:18:57,1201.17,286.98,72.56,0.1187,1240.66,283.1,70.11,0.1112,0,normal
2025-01-01T00:18:57.500000,1223.6,285.05,72.3,0.1238,1177.08,273.25,72.2,0.1218,0,normal
2025-01-01T00:18:58,1193.69,291.3,68.42,0.124,1237.98,288.91,62.39,0.1277,0,normal
2025-01-01T00:18:58.500000,1175.37,282.83,71.75,0.1215,1230.69,292.63,74.35,0.1215,0,normal
2025-01-01T00:18:59,1209.98,280.34,70.92,0.1232,1240.19,291.19,70.52,0.1255,0,normal
2025-01-01T00:18:59.500000,1172.13,289.61,71.62,0.1261,1126.97,300.08,70.96,0.1177,0,normal
2025-01-01T00:19:00,1204.68,282.02,71.9,0.1173,1166.35,289.16,69.4,0.1154,0,normal
2025-01-01T00:19:00.500000,1167.05,282.85,73.89,0.117,1164.88,286.66,70.93,0.1334,0,normal
2025-01-01T00:19:01,1196.1,286.43,73.36,0.1233,1211.2,283.62,77.83,0.1194,0,normal
2025-01-01T00:19:01.500000,1189.4,282.24,69.51,0.123,1087.29,284.95,71.41,0.1334,0,normal
2025-01-01T00:19:02,1156.04,281.15,71.8,0.1193,1173.62,284.31,68.37,0.1221,0,normal
2025-01-01T00:19:02.500000,1144.28,284.89,71.14,0.1237,1284.25,282.17,76.01,0.1181,0,normal
2025-01-01T00:19:03,1176.81,292.46,72.75,0.12,1232.98,287.34,71.8,0.112,0,normal
2025-01-01T00:19:03.500000,1193.51,287.66,71.82,0.1232,1218.42,277.49,68.2,0.1191,0,normal
2025-01-01T00:19:04,1187.42,286.44,70.97,0.1178,1250.55,286.27,69.98,0.1201,0,normal
2025-01-01T00:19:04.500000,1233.09,286.26,72.85,0.1173,1249.27,304.82,69.72,0.1129,0,normal
2025-01-01T00:19:05,1204.21,288.74,71.87,0.1162,1194.79,290.11,70.83,0.1236,0,normal
2025-01-01T00:19:05.500000,1227.95,286.03,71.96,0.123,1158.91,276.84,71.23,0.117,0,normal
2025-01-01T00:19:06,1180.72,292.83,75.13,0.1187,1204.4,283.39,75.19,0.1278,0,normal
2025-01-01T00:19:06.500000,1157.35,287.03,70.12,0.1263,1221.13,277.96,71.3,0.1183,0,normal
2025-01-01T00:19:07,1212.6,289.45,70.35,0.1266,1277.07,277.52,72.21,0.1303,0,normal
2025-01-01T00:19:07.500000,1229.59,283.56,73.17,0.1308,1205.05,279.59,72.5,0.1215,0,normal
2025-01-01T00:19:08,1187.41,286.89,70.19,0.1176,1236.4,270.0,74.6,0.1079,0,normal
2025-01-01T00:19:08.500000,1158.45,282.87,72.41,0.1248,1202.77,282.89,73.67,0.1148,0,normal
2025-01-01T00:19:09,1203.35,279.87,72.12,0.1195,1161.4,286.41,72.46,0.1271,0,normal
2025-01-01T00:19:09.500000,1161.46,284.67,70.91,0.1231,1236.19,289.34,69.97,0.1253,0,normal
2025-01-01T00:19:10,1163.28,277.58,70.16,0.1199,1232.41,259.55,75.81,0.1208,0,normal
2025-01-01T00:19:10.500000,1162.37,285.43,73.57,0.1222,1252.76,273.32,70.81,0.1145,0,normal
2025-01-01T00:19:11,1241.22,287.73,76.1,0.1183,1165.22,283.78,75.97,0.1178,0,normal
2025-01-01T00:19:11.500000,1202.99,285.41,72.06,0.1177,1193.41,283.46,71.98,0.1257,0,normal
2025-01-01T00:19:12,1242.26,281.41,71.44,0.117,1208.98,280.4,72.69,0.1266,0,normal
2025-01-01T00:19:12.500000,1139.38,287.1,71.34,0.1217,1156.97,295.23,74.63,0.1234,0,normal
2025-01-01T00:19:13,1219.04,281.81,71.11,0.1227,1163.15,297.36,71.07,0.123,0,normal
2025-01-01T00:19:13.500000,1250.38,281.98,72.1,0.1238,1245.66,282.2,70.51,0.1186,0,normal
2025-01-01T00:19:14,1234.75,283.81,72.11,0.1185,1233.87,286.33,69.11,0.1142,0,normal
2025-01-01T00:19:14.500000,1152.03,281.45,73.14,0.1248,1232.91,289.74,71.64,0.1246,0,normal
2025-01-01T00:19:15,1206.87,292.71,71.86,0.1248,1241.96,291.29,66.21,0.1256,0,normal
2025-01-01T00:19:15.500000,1196.94,283.1,69.86,0.12,1201.61,273.86,67.76,0.1229,0,normal
2025-01-01T00:19:16,1220.92,285.81,73.66,0.1197,1197.39,277.16,67.51,0.1311,0,normal
2025-01-01T00:19:16.500000,1227.15,279.05,72.22,0.1196,1186.85,281.5,73.1,0.1249,0,normal
2025-01-01T00:19:17,1209.66,284.48,71.77,0.1234,1222.25,285.62,71.9,0.1221,0,normal
2025-01-01T00:19:17.500000,1188.76,288.51,70.45,0.1185,1229.33,275.31,67.47,0.1204,0,normal
2025-01-01T00:19:18,1159.29,279.45,73.09,0.1193,1261.7,274.7,71.73,0.1224,0,normal
2025-01-01T00:19:18.500000,1171.91,289.41,72.74,0.1142,1198.19,288.3,70.3,0.1111,0,normal
2025-01-01T00:19:19,1206.68,294.45,71.44,0.1256,1163.89,286.84,74.22,0.1199,0,normal
2025-01-01T00:19:19.500000,1192.85,288.1,74.72,0.1211,1175.23,283.38,79.26,0.1208,0,normal
2025-01-01T00:19:20,1185.73,280.1,69.37,0.1213,1231.42,281.61,71.96,0.113,0,normal
2025-01-01T00:19:20.500000,1203.19,287.06,71.23,0.1261,1159.82,287.42,74.44,0.1195,0,normal
2025-01-01T00:19:21,1195.48,278.89,73.95,0.1194,1225.79,290.75,70.19,0.1188,0,normal
2025-01-01T00:19:21.500000,1232.03,280.22,75.06,0.1173,1143.38,286.13,78.36,0.1085,0,normal
2025-01-01T00:19:22,1196.62,287.04,72.05,0.1214,1165.53,279.87,71.57,0.1132,0,normal
2025-01-01T00:19:22.500000,1198.93,283.34,71.32,0.1212,1112.61,283.04,78.67,0.1135,0,normal
2025-01-01T00:19:23,1230.85,285.23,71.13,0.1152,1206.7,297.43,70.88,0.1195,0,normal
2025-01-01T00:19:23.500000,1224.25,286.46,69.74,0.1204,1272.59,284.68,64.1,0.1223,0,normal
2025-01-01T00:19:24,1195.24,277.18,69.58,0.1235,1164.85,277.24,71.9,0.1161,0,normal
2025-01-01T00:19:24.500000,1202.4,284.13,70.27,0.1182,1221.25,285.36,71.76,0.1316,0,normal
2025-01-01T00:19:25,1217.54,288.64,71.76,0.1208,1179.31,291.65,71.68,0.1213,0,normal
2025-01-01T00:19:25.500000,1203.85,284.92,76.23,0.1176,1167.57,290.93,70.29,0.1183,0,normal
2025-01-01T00:19:26,1173.93,287.1,72.73,0.1189,1234.31,269.11,69.96,0.119,0,normal
2025-01-01T00:19:26.500000,1171.87,277.52,71.56,0.1225,1261.54,280.32,74.11,0.1238,0,normal
2025-01-01T00:19:27,1229.25,283.5,69.41,0.1203,1151.34,278.81,71.13,0.118,0,normal
2025-01-01T00:19:27.500000,1203.4,288.01,71.47,0.1214,1200.71,293.0,71.46,0.1195,0,normal
2025-01-01T00:19:28,1191.01,284.31,70.87,0.1168,1237.24,275.74,71.08,0.1261,0,normal
2025-01-01T00:19:28.500000,1191.54,288.54,71.15,0.1162,1123.45,296.22,68.73,0.1245,0,normal
2025-01-01T00:19:29,1176.0,290.63,75.18,0.1139,1147.93,291.61,73.48,0.1247,0,normal
2025-01-01T00:19:29.500000,1186.23,293.5,72.17,0.1156,1187.85,274.71,76.58,0.116,0,normal
2025-01-01T00:19:30,1211.82,282.99,71.11,0.1131,1228.71,296.11,69.36,0.1107,0,normal
2025-01-01T00:19:30.500000,1219.28,277.96,73.76,0.1167,1147.04,287.12,69.01,0.1158,0,normal
2025-01-01T00:19:31,1208.5,274.62,74.37,0.1202,1137.94,276.3,74.86,0.1236,0,normal
2025-01-01T00:19:31.500000,1233.28,282.08,72.43,0.1215,1233.37,294.64,69.93,0.1193,0,normal
2025-01-01T00:19:32,1185.36,284.78,73.01,0.114,1253.25,275.26,71.11,0.1275,0,normal
2025-01-01T00:19:32.500000,1207.87,286.45,70.3,0.1162,1245.18,279.96,70.57,0.1258,0,normal
2025-01-01T00:19:33,1174.8,286.15,72.06,0.12,1175.12,280.04,68.89,0.1229,0,normal
2025-01-01T00:19:33.500000,1183.96,289.14,71.68,0.1162,1188.58,281.49,74.91,0.1178,0,normal
2025-01-01T00:19:34,1193.37,291.03,72.73,0.126,1260.43,277.41,74.85,0.1292,0,normal
2025-01-01T00:19:34.500000,1236.79,289.22,73.39,0.1189,1159.81,281.99,67.21,0.1281,0,normal
2025-01-01T00:19:35,1193.2,290.52,70.23,0.1239,1176.25,274.02,76.69,0.1266,0,normal
2025-01-01T00:19:35.500000,1205.08,285.15,72.63,0.1207,1161.97,281.48,77.65,0.136,0,normal
2025-01-01T00:19:36,1237.5,287.04,71.51,0.1171,1164.85,280.27,78.2,0.1308,0,normal
2025-01-01T00:19:36.500000,1217.91,280.89,73.29,0.1191,1096.66,287.45,69.58,0.1152,0,normal
2025-01-01T00:19:37,1193.99,282.87,71.95,0.1197,1109.96,298.0,69.17,0.1143,0,normal
2025-01-01T00:19:37.500000,1192.11,284.54,74.1,0.121,1227.19,287.35,72.67,0.1219,0,normal
2025-01-01T00:19:38,1153.61,283.93,73.67,0.1342,1142.19,288.62,70.36,0.1323,0,normal
2025-01-01T00:19:38.500000,1167.51,287.67,69.97,0.1189,1198.35,294.15,68.9,0.124,0,normal
2025-01-01T00:19:39,1200.45,286.17,73.38,0.1154,1238.91,280.14,75.16,0.122,0,normal
2025-01-01T00:19:39.500000,1194.97,282.48,73.19,0.1245,1174.42,275.31,74.0,0.1113,0,normal
2025-01-01T00:19:40,1168.67,280.46,71.4,0.1152,1106.94,275.29,73.85,0.1124,0,normal
2025-01-01T00:19:40.500000,1191.83,293.32,71.93,0.1212,1154.59,303.5,70.44,0.1186,0,normal
2025-01-01T00:19:41,1231.61,284.22,72.07,0.119,1186.81,288.17,73.59,0.1161,0,normal
2025-01-01T00:19:41.500000,1181.61,282.4,69.98,0.1143,1214.26,293.02,74.51,0.1057,0,normal
2025-01-01T00:19:42,1194.12,280.29,72.21,0.1185,1228.41,284.84,66.54,0.1142,0,normal
2025-01-01T00:19:42.500000,1200.14,285.39,69.98,0.1145,1202.7,273.0,67.19,0.1173,0,normal
2025-01-01T00:19:43,1188.28,281.24,70.99,0.12,1165.43,285.6,70.9,0.121,0,normal
2025-01-01T00:19:43.500000,1221.08,288.59,73.86,0.123,1211.45,281.29,70.88,0.1147,0,normal
2025-01-01T00:19:44,1200.11,287.98,70.96,0.1199,1167.49,286.79,70.42,0.1156,0,normal
2025-01-01T00:19:44.500000,1183.68,287.15,71.86,0.1185,1212.55,281.46,75.24,0.1142,0,normal
2025-01-01T00:19:45,1195.51,278.99,71.5,0.114,1235.82,291.55,74.26,0.1202,0,normal
2025-01-01T00:19:45.500000,1178.88,281.58,74.2,0.1252,1205.88,280.59,75.94,0.1158,0,normal
2025-01-01T00:19:46,1205.49,290.78,70.8,0.123,1224.99,284.66,69.14,0.1157,0,normal
2025-01-01T00:19:46.500000,1206.95,278.92,72.19,0.1219,1247.29,273.04,75.79,0.1302,0,normal
2025-01-01T00:19:47,1209.84,280.56,71.53,0.1198,1212.98,285.19,72.81,0.1195,0,normal
2025-01-01T00:19:47.500000,1206.36,283.03,71.51,0.1179,1292.03,297.52,73.6,0.128,0,normal
2025-01-01T00:19:48,1219.16,285.77,69.83,0.1191,1183.92,275.31,67.72,0.123,0,normal
2025-01-01T00:19:48.500000,1207.79,280.01,70.93,0.1242,1157.87,286.46,71.45,0.123,0,normal
2025-01-01T00:19:49,1179.45,285.39,72.24,0.1208,1203.8,287.95,78.31,0.1354,0,normal
2025-01-01T00:19:49.500000,1184.66,275.09,72.86,0.1207,1250.93,287.44,72.17,0.1268,0,normal
2025-01-01T00:19:50,1230.45,279.07,70.82,0.1196,1204.73,283.07,73.25,0.126,0,normal
2025-01-01T00:19:50.500000,1241.35,287.47,70.77,0.1195,1196.38,289.4,73.12,0.1323,0,normal
2025-01-01T00:19:51,1188.92,286.64,75.39,0.1179,1206.97,276.92,72.24,0.1153,0,normal
2025-01-01T00:19:51.500000,1225.12,285.63,70.65,0.123,1208.62,293.15,68.69,0.1222,0,normal
2025-01-01T00:19:52,1218.56,283.19,70.19,0.1199,1258.95,294.63,70.77,0.1123,0,normal
2025-01-01T00:19:52.500000,1189.65,283.0,72.64,0.1196,1163.84,294.44,72.4,0.1226,0,normal
2025-01-01T00:19:53,1158.6,274.64,69.93,0.1183,1227.67,264.97,76.59,0.121,0,normal
2025-01-01T00:19:53.500000,1232.65,281.21,72.73,0.1203,1239.25,283.0,73.36,0.1266,0,normal
2025-01-01T00:19:54,1184.37,286.04,69.28,0.1225,1293.82,274.36,71.74,0.1253,0,normal
2025-01-01T00:19:54.500000,1200.75,285.71,71.44,0.1185,1195.84,285.36,68.6,0.1196,0,normal
2025-01-01T00:19:55,1237.64,283.21,70.22,0.1195,1165.7,273.56,72.4,0.1157,0,normal
2025-01-01T00:19:55.500000,1185.01,285.66,69.79,0.1137,1232.2,268.49,69.19,0.1092,0,normal
2025-01-01T00:19:56,1188.33,286.83,72.16,0.1286,1252.17,277.04,68.55,0.1362,0,normal
2025-01-01T00:19:56.500000,1225.5,287.52,72.11,0.121,1128.86,286.34,72.21,0.1146,0,normal
2025-01-01T00:19:57,1187.08,291.48,71.82,0.1275,1116.45,280.54,67.54,0.1127,0,normal
2025-01-01T00:19:57.500000,1180.12,286.35,72.38,0.1176,1093.07,297.63,71.18,0.1133,0,normal
2025-01-01T00:19:58,1206.6,285.87,71.54,0.1205,1144.56,291.5,69.13,0.1164,0,normal
2025-01-01T00:19:58.500000,1215.57,290.15,74.28,0.1238,1184.44,271.82,76.05,0.1282,0,normal
2025-01-01T00:19:59,1183.87,288.94,71.52,0.1254,1175.29,301.92,74.26,0.1308,0,normal
2025-01-01T00:19:59.500000,1188.87,286.73,70.6,0.123,1243.15,305.49,73.39,0.1243,0,normal
2025-01-01T00:20:00,1188.7,287.31,71.45,0.1204,1208.38,281.99,72.18,0.1177,0,normal
2025-01-01T00:20:00.500000,1190.89,289.6,72.25,0.1212,1130.05,288.62,73.53,0.1176,0,normal
2025-01-01T00:20:01,1250.04,275.21,73.13,0.1226,1226.0,286.51,73.59,0.1252,0,normal
2025-01-01T00:20:01.500000,1182.58,286.28,71.74,0.1161,1234.42,280.17,67.69,0.1168,0,normal
2025-01-01T00:20:02,1180.83,289.4,72.22,0.125,1168.01,292.47,80.18,0.1221,0,normal
2025-01-01T00:20:02.500000,1220.68,287.96,69.95,0.1221,1214.71,282.78,69.45,0.1242,0,normal
2025-01-01T00:20:03,1176.66,294.12,72.16,0.1156,1175.33,282.62,78.95,0.1147,0,normal
2025-01-01T00:20:03.500000,1197.21,282.7,72.72,0.1181,1145.33,283.33,71.14,0.1164,0,normal
2025-01-01T00:20:04,1187.07,290.06,71.54,0.1159,1177.82,285.46,68.15,0.1298,0,normal
2025-01-01T00:20:04.500000,1220.82,291.11,72.56,0.1125,1273.7,277.62,69.75,0.1209,0,normal
2025-01-01T00:20:05,1233.08,289.5,73.31,0.1189,1184.27,287.96,71.63,0.1253,0,normal
2025-01-01T00:20:05.500000,1219.92,287.53,68.36,0.1205,1194.78,286.44,69.83,0.1121,0,normal
2025-01-01T00:20:06,1211.12,283.48,72.83,0.1176,1267.96,293.56,72.85,0.1187,0,normal
2025-01-01T00:20:06.500000,1220.46,286.68,72.34,0.1238,1268.47,274.29,68.97,0.1153,0,normal
2025-01-01T00:20:07,1163.94,284.73,72.86,0.1199,1174.36,294.63,72.4,0.1221,0,normal
2025-01-01T00:20:07.500000,1227.7,284.47,74.97,0.1184,1295.9,276.67,73.49,0.1161,0,normal
2025-01-01T00:20:08,1226.87,282.96,72.42,0.1177,1244.99,279.39,76.85,0.114,0,normal
2025-01-01T00:20:08.500000,1167.7,289.07,71.15,0.12,1184.53,273.78,71.78,0.1276,0,normal
2025-01-01T00:20:09,1224.08,285.99,73.6,0.1162,1184.38,288.38,71.62,0.1185,0,normal
2025-01-01T00:20:09.500000,1171.18,276.1,73.18,0.1209,1243.3,281.26,69.95,0.12,0,normal
2025-01-01T00:20:10,1220.5,284.01,73.15,0.1164,1192.25,284.4,75.53,0.1212,0,normal
2025-01-01T00:20:10.500000,1241.91,279.24,72.19,0.1206,1229.76,278.05,76.85,0.1201,0,normal
2025-01-01T00:20:11,1173.91,284.93,71.55,0.13,1250.4,285.42,71.68,0.1257,0,normal
2025-01-01T00:20:11.500000,1223.97,272.55,72.93,0.1201,1137.07,292.53,78.47,0.1233,0,normal
2025-01-01T00:20:12,1226.41,292.71,70.8,0.1133,1231.53,282.88,68.04,0.1195,0,normal
2025-01-01T00:20:12.500000,1217.46,284.36,70.87,0.1192,1199.07,268.5,71.59,0.1119,0,normal
2025-01-01T00:20:13,1215.82,278.33,73.46,0.1185,1173.94,287.52,69.51,0.1217,0,normal
2025-01-01T00:20:13.500000,1182.43,282.62,72.58,0.1159,1139.31,287.12,71.92,0.121,0,normal
2025-01-01T00:20:14,1207.86,285.25,72.88,0.1204,1103.65,270.06,77.55,0.12,0,normal
2025-01-01T00:20:14.500000,1222.81,283.52,71.92,0.1184,1318.36,287.17,70.46,0.1101,0,normal
2025-01-01T00:20:15,1247.37,284.3,73.07,0.1231,1177.78,290.75,70.26,0.1141,0,normal
2025-01-01T00:20:15.500000,1227.95,284.32,72.75,0.1215,1230.62,271.69,70.31,0.1181,0,normal
2025-01-01T00:20:16,1180.04,286.83,73.71,0.1248,1183.72,287.5,73.28,0.1237,0,normal
2025-01-01T00:20:16.500000,1178.92,292.78,73.33,0.1234,1257.77,289.57,69.04,0.1192,0,normal
2025-01-01T00:20:17,1160.37,286.77,71.76,0.1199,1257.79,281.09,71.27,0.1201,0,normal
2025-01-01T00:20:17.500000,1155.84,283.86,68.42,0.1179,1241.05,288.82,70.29,0.1202,0,normal
2025-01-01T00:20:18,1174.2,284.99,76.22,0.1266,1202.53,286.37,69.18,0.1152,0,normal
2025-01-01T00:20:18.500000,1208.69,282.76,73.3,0.1257,1215.97,285.87,67.16,0.1245,0,normal
2025-01-01T00:20:19,1172.55,283.21,73.38,0.1237,1177.61,281.5,69.99,0.1128,0,normal
2025-01-01T00:20:19.500000,1184.76,278.1,72.98,0.1214,1226.91,276.84,68.56,0.1203,0,normal
2025-01-01T00:20:20,1201.54,284.37,71.58,0.1262,1220.45,301.85,75.65,0.1302,0,normal
2025-01-01T00:20:20.500000,1174.21,287.54,71.38,0.114,1271.81,282.49,68.96,0.1175,0,normal
2025-01-01T00:20:21,1180.89,282.03,71.68,0.1262,1168.02,299.19,74.44,0.1224,0,normal
2025-01-01T00:20:21.500000,1217.95,285.06,73.85,0.122,1120.1,287.53,74.26,0.1183,0,normal
2025-01-01T00:20:22,1203.03,282.38,70.02,0.1144,1126.22,290.72,64.83,0.116,0,normal
2025-01-01T00:20:22.500000,1181.62,283.79,69.33,0.1215,1138.89,294.68,70.21,0.1194,0,normal
2025-01-01T00:20:23,1200.09,286.04,72.05,0.1185,1216.47,288.99,69.8,0.1226,0,normal
2025-01-01T00:20:23.500000,1228.6,288.02,73.34,0.1206,1155.06,278.08,72.92,0.1257,0,normal
2025-01-01T00:20:24,1266.86,289.2,70.31,0.1172,1309.37,283.17,72.14,0.1142,0,normal
2025-01-01T00:20:24.500000,1237.56,287.14,70.88,0.1164,1214.75,285.38,74.4,0.1233,0,normal
2025-01-01T00:20:25,1193.65,282.68,71.77,0.118,1193.75,285.14,69.41,0.1238,0,normal
2025-01-01T00:20:25.500000,1191.11,281.4,71.49,0.1209,1203.99,288.61,74.59,0.1278,0,normal
2025-01-01T00:20:26,1206.85,280.43,71.61,0.1164,1281.45,301.99,73.87,0.1252,0,normal
2025-01-01T00:20:26.500000,1206.02,286.56,69.7,0.1197,1157.7,287.41,71.83,0.1317,0,normal
2025-01-01T00:20:27,1222.0,286.22,71.62,0.126,1198.56,287.84,72.12,0.1176,0,normal
2025-01-01T00:20:27.500000,1200.88,276.61,69.77,0.1213,1275.27,287.98,69.93,0.1113,0,normal
2025-01-01T00:20:28,1218.83,282.58,72.93,0.1214,1222.96,285.29,73.1,0.1193,0,normal
2025-01-01T00:20:28.500000,1184.75,280.88,68.57,0.1193,1272.93,291.24,72.66,0.1156,0,normal
2025-01-01T00:20:29,1223.94,284.49,74.27,0.1165,1164.0,277.76,67.73,0.1144,0,normal
2025-01-01T00:20:29.500000,1202.48,281.96,66.45,0.1239,1119.16,290.04,72.09,0.1327,0,normal
2025-01-01T00:20:30,1223.93,282.84,70.99,0.1254,1129.16,286.63,71.62,0.1179,0,normal
2025-01-01T00:20:30.500000,1208.48,285.81,72.66,0.1205,1220.05,285.8,70.1,0.12,0,normal
2025-01-01T00:20:31,1182.85,281.66,71.52,0.1196,1201.69,292.84,70.56,0.1212,0,normal
2025-01-01T00:20:31.500000,1202.83,282.4,72.11,0.1236,1208.95,286.94,69.97,0.1318,0,normal
2025-01-01T00:20:32,1184.44,277.87,73.24,0.1196,1185.45,280.34,77.39,0.1221,0,normal
2025-01-01T00:20:32.500000,1213.19,285.7,72.39,0.125,1187.96,272.54,74.5,0.123,0,normal
2025-01-01T00:20:33,1202.59,287.01,71.47,0.1201,1193.68,279.94,75.42,0.1115,0,normal
2025-01-01T00:20:33.500000,1256.66,288.75,69.44,0.1192,1191.91,288.35,69.15,0.1202,0,normal
2025-01-01T00:20:34,1197.09,281.85,70.74,0.1233,1118.56,289.09,74.3,0.1187,0,normal
2025-01-01T00:20:34.500000,1201.26,289.97,70.99,0.1178,1176.22,294.96,75.72,0.1116,0,normal
2025-01-01T00:20:35,1224.15,288.5,74.24,0.1214,1197.88,294.79,74.01,0.1335,0,normal
2025-01-01T00:20:35.500000,1223.01,285.66,70.31,0.1179,1131.07,283.16,74.67,0.12,0,normal
2025-01-01T00:20:36,1224.52,286.44,71.42,0.1203,1222.66,286.19,72.43,0.1154,0,normal
2025-01-01T00:20:36.500000,1189.61,294.65,73.77,0.1147,1086.39,285.65,74.57,0.1169,0,normal
2025-01-01T00:20:37,1224.52,285.26,71.77,0.1227,1174.47,282.55,73.93,0.1198,0,normal
2025-01-01T00:20:37.500000,1245.81,287.97,72.91,0.1198,1241.99,282.24,72.81,0.1145,0,normal
2025-01-01T00:20:38,1224.95,286.24,74.85,0.1286,1236.64,285.59,69.28,0.1254,0,normal
2025-01-01T00:20:38.500000,1205.05,287.3,74.49,0.117,1155.63,282.98,74.37,0.1233,0,normal
2025-01-01T00:20:39,1178.5,288.23,70.27,0.117,1194.46,280.27,74.56,0.1217,0,normal
2025-01-01T00:20:39.500000,1242.37,283.94,71.82,0.1244,1195.64,297.77,73.56,0.1059,0,normal
2025-01-01T00:20:40,1228.26,288.9,73.37,0.1131,1168.18,279.97,69.58,0.1305,0,normal
2025-01-01T00:20:40.500000,1199.72,284.84,72.79,0.122,1039.93,279.47,67.93,0.1224,0,normal
2025-01-01T00:20:41,1193.07,285.07,69.01,0.1189,1253.53,297.05,74.07,0.112,0,normal
2025-01-01T00:20:41.500000,1230.23,288.1,71.83,0.1127,1245.77,279.94,73.0,0.1204,0,normal
2025-01-01T00:20:42,1236.92,284.46,71.98,0.1257,1168.41,291.96,71.43,0.114,0,normal
2025-01-01T00:20:42.500000,1200.03,287.96,73.95,0.1253,1185.85,276.56,71.08,0.1129,0,normal
2025-01-01T00:20:43,1194.78,283.54,73.05,0.1121,1164.79,278.8,75.42,0.1133,0,normal
2025-01-01T00:20:43.500000,1205.44,284.45,73.5,0.1221,1205.82,280.26,66.67,0.1215,0,normal
2025-01-01T00:20:44,1212.73,278.27,70.22,0.1209,1216.28,276.53,70.35,0.109,0,normal
2025-01-01T00:20:44.500000,1233.05,279.44,72.78,0.1199,1261.9,278.23,72.18,0.1098,0,normal
2025-01-01T00:20:45,1153.48,287.55,69.43,0.1192,1248.54,291.38,70.09,0.1105,0,normal
2025-01-01T00:20:45.500000,1212.23,290.74,71.05,0.1171,1174.8,289.89,75.54,0.1126,0,normal
2025-01-01T00:20:46,1164.04,295.0,71.74,0.1209,1166.79,289.19,74.76,0.1218,0,normal
2025-01-01T00:20:46.500000,1241.78,283.6,71.62,0.1208,1222.32,286.95,68.3,0.1219,0,normal
2025-01-01T00:20:47,1191.02,282.52,72.05,0.1165,1145.5,262.64,77.03,0.1233,0,normal
2025-01-01T00:20:47.500000,1197.2,282.15,67.86,0.1174,1234.36,293.06,73.85,0.121,0,normal
2025-01-01T00:20:48,1231.29,283.6,73.56,0.1186,1157.71,276.4,68.93,0.124,0,normal
2025-01-01T00:20:48.500000,1182.17,280.58,73.03,0.1212,1246.2,289.38,69.83,0.1205,0,normal
2025-01-01T00:20:49,1203.0,281.07,70.41,0.1175,1297.76,281.47,75.55,0.1172,0,normal
2025-01-01T00:20:49.500000,1221.33,288.86,73.37,0.1214,1266.11,288.23,76.93,0.1103,0,normal
2025-01-01T00:20:50,1208.36,286.21,70.65,0.1221,1128.48,279.41,66.24,0.1294,0,normal
2025-01-01T00:20:50.500000,1194.44,294.26,73.16,0.1216,1171.86,276.05,73.51,0.1196,0,normal
2025-01-01T00:20:51,1167.86,278.52,70.62,0.1266,1306.24,286.75,72.43,0.118,0,normal
2025-01-01T00:20:51.500000,1177.57,290.88,74.7,0.1168,1196.02,281.15,70.79,0.1271,0,normal
2025-01-01T00:20:52,1168.51,286.99,73.05,0.1195,1242.87,286.26,75.51,0.1109,0,normal
2025-01-01T00:20:52.500000,1191.63,284.69,68.15,0.1161,1160.95,293.11,69.96,0.1151,0,normal
2025-01-01T00:20:53,1219.62,278.08,69.02,0.1187,1130.51,272.95,73.65,0.1253,0,normal
2025-01-01T00:20:53.500000,1218.93,289.74,73.79,0.1123,1221.62,280.47,69.85,0.1234,0,normal
2025-01-01T00:20:54,1158.47,277.51,72.91,0.1218,1206.56,277.48,74.14,0.1241,0,normal
2025-01-01T00:20:54.500000,1202.05,279.97,71.39,0.123,1263.71,282.21,71.28,0.119,0,normal
2025-01-01T00:20:55,1206.6,282.52,67.83,0.1243,1286.15,279.76,68.93,0.1192,0,normal
2025-01-01T00:20:55.500000,1195.5,289.26,72.08,0.1171,1136.72,292.4,73.73,0.1264,0,normal
2025-01-01T00:20:56,1176.76,292.86,69.49,0.1226,1108.34,278.24,76.5,0.125,0,normal
2025-01-01T00:20:56.500000,1186.89,282.78,72.14,0.1219,1260.08,281.1,67.36,0.1209,0,normal
2025-01-01T00:20:57,1189.02,279.44,72.43,0.1192,1214.71,277.35,73.4,0.1121,0,normal
2025-01-01T00:20:57.500000,1180.13,283.96,74.51,0.1228,1251.71,297.12,82.38,0.1202,0,normal
2025-01-01T00:20:58,1234.09,289.33,73.43,0.1264,1179.87,280.74,72.92,0.1189,0,normal
2025-01-01T00:20:58.500000,1207.64,291.68,71.31,0.1189,1208.37,283.05,66.49,0.1165,0,normal
2025-01-01T00:20:59,1216.5,291.15,70.34,0.1158,1201.45,267.25,70.72,0.1096,0,normal
2025-01-01T00:20:59.500000,1232.86,281.71,74.38,0.124,1168.98,275.83,71.44,0.1194,0,normal
2025-01-01T00:21:00,1208.31,281.68,73.07,0.121,1183.66,278.91,71.47,0.1151,0,normal
2025-01-01T00:21:00.500000,1201.4,285.37,72.38,0.1264,1193.64,293.59,72.66,0.1186,0,normal
2025-01-01T00:21:01,1197.14,284.75,72.4,0.1165,1129.66,290.59,74.59,0.1245,0,normal
2025-01-01T00:21:01.500000,1203.72,288.28,73.03,0.1228,1158.74,275.62,70.88,0.1199,0,normal
2025-01-01T00:21:02,1194.19,276.98,74.48,0.119,1208.29,295.64,65.25,0.1169,0,normal
2025-01-01T00:21:02.500000,1190.71,283.56,71.75,0.1252,1232.33,293.19,72.14,0.1116,0,normal
2025-01-01T00:21:03,1150.09,278.46,72.52,0.1201,1189.91,281.85,77.79,0.1151,0,normal
2025-01-01T00:21:03.500000,1222.27,285.01,71.91,0.1242,1270.2,282.95,74.3,0.1222,0,normal
2025-01-01T00:21:04,1200.18,285.87,71.01,0.1189,1172.13,292.71,71.73,0.1122,0,normal
2025-01-01T00:21:04.500000,1182.64,271.32,71.29,0.1201,1193.47,301.93,73.66,0.1232,0,normal
2025-01-01T00:21:05,1160.56,283.44,71.3,0.1172,1161.61,269.54,68.33,0.1252,0,normal
2025-01-01T00:21:05.500000,1196.57,282.84,71.99,0.1242,1200.2,289.62,69.56,0.1163,0,normal
2025-01-01T00:21:06,1208.5,293.09,74.06,0.1221,1207.27,296.98,74.29,0.1062,0,normal
2025-01-01T00:21:06.500000,1174.71,286.45,69.43,0.1168,1166.41,282.81,71.17,0.1183,0,normal
2025-01-01T00:21:07,1219.81,283.87,71.45,0.1151,1249.17,279.26,68.87,0.1213,0,normal
2025-01-01T00:21:07.500000,1181.59,282.75,72.37,0.1188,1310.96,284.36,73.78,0.1083,0,normal
2025-01-01T00:21:08,1179.34,280.35,70.63,0.1215,1249.71,287.95,71.35,0.1162,0,normal
2025-01-01T00:21:08.500000,1226.73,293.85,72.19,0.1234,1216.48,291.46,68.65,0.1171,0,normal
2025-01-01T00:21:09,1209.49,290.18,70.82,0.1127,1176.08,293.64,67.44,0.1129,0,normal
2025-01-01T00:21:09.500000,1203.74,284.5,72.86,0.1156,1184.4,295.22,68.56,0.1289,0,normal
2025-01-01T00:21:10,1174.38,288.63,71.46,0.1159,1176.15,289.66,71.98,0.1267,0,normal
2025-01-01T00:21:10.500000,1234.46,279.94,70.19,0.1153,1156.84,294.44,73.61,0.1167,0,normal
2025-01-01T00:21:11,1199.73,291.0,74.75,0.1209,1072.35,287.54,74.69,0.1213,0,normal
2025-01-01T00:21:11.500000,1217.44,286.53,70.22,0.1168,1184.58,294.11,69.79,0.1227,0,normal
2025-01-01T00:21:12,1207.29,291.78,71.94,0.1137,1231.05,303.28,74.05,0.1153,0,normal
2025-01-01T00:21:12.500000,1174.03,280.93,74.88,0.1188,1168.19,283.65,71.09,0.1294,0,normal
2025-01-01T00:21:13,1175.65,290.05,72.18,0.1243,1275.97,285.73,71.09,0.1204,0,normal
2025-01-01T00:21:13.500000,1197.73,277.92,74.24,0.1209,1144.17,267.32,65.3,0.1246,0,normal
2025-01-01T00:21:14,1185.14,283.06,72.7,0.1181,1226.23,285.81,71.76,0.1106,0,normal
2025-01-01T00:21:14.500000,1180.33,287.58,71.02,0.1243,1312.63,290.61,76.3,0.1243,0,normal
2025-01-01T00:21:15,1187.18,285.86,74.9,0.1181,1150.11,275.3,71.37,0.114,0,normal
2025-01-01T00:21:15.500000,1240.18,285.92,73.4,0.1189,1145.27,273.8,69.38,0.1221,0,normal
2025-01-01T00:21:16,1212.48,287.58,69.86,0.12,1150.75,288.43,73.38,0.113,0,normal
2025-01-01T00:21:16.500000,1223.23,295.0,73.2,0.1194,1184.81,283.21,69.81,0.1215,0,normal
2025-01-01T00:21:17,1172.68,276.92,72.32,0.1201,1172.58,274.03,72.83,0.1141,0,normal
2025-01-01T00:21:17.500000,1196.67,292.55,72.94,0.1151,1138.81,286.3,68.04,0.108,0,normal
2025-01-01T00:21:18,1212.78,286.37,72.65,0.1209,1196.87,279.34,73.49,0.1292,0,normal
2025-01-01T00:21:18.500000,1187.97,280.64,70.37,0.1169,1209.72,266.71,73.26,0.1239,0,normal
2025-01-01T00:21:19,1156.85,280.81,72.11,0.1195,1224.94,283.79,75.64,0.1181,0,normal
2025-01-01T00:21:19.500000,1176.41,280.45,73.06,0.1201,1230.42,290.24,66.18,0.1132,0,normal
2025-01-01T00:21:20,1175.5,281.51,71.39,0.1236,1257.53,282.5,71.28,0.1158,0,normal
2025-01-01T00:21:20.500000,1202.14,285.87,73.16,0.1229,1089.5,283.7,75.99,0.1174,0,normal
2025-01-01T00:21:21,1227.34,283.69,72.25,0.1159,1147.24,291.2,74.54,0.1202,0,normal
2025-01-01T00:21:21.500000,1170.54,285.19,73.81,0.1263,1184.8,270.81,74.42,0.1183,0,normal
2025-01-01T00:21:22,1222.63,286.2,70.73,0.1202,1262.8,283.72,69.02,0.1105,0,normal
2025-01-01T00:21:22.500000,1181.47,283.25,73.18,0.116,1274.58,273.57,78.71,0.1304,0,normal
2025-01-01T00:21:23,1203.39,277.96,71.92,0.1186,1138.83,287.49,69.63,0.1157,0,normal
2025-01-01T00:21:23.500000,1195.11,282.54,74.99,0.1181,1221.16,286.24,73.02,0.1226,0,normal
2025-01-01T00:21:24,1221.15,286.14,72.32,0.1202,1193.36,277.2,71.82,0.1214,0,normal
2025-01-01T00:21:24.500000,1209.65,285.77,71.66,0.1198,1173.42,287.68,71.36,0.1211,0,normal
2025-01-01T00:21:25,1224.02,281.97,72.86,0.1201,1297.02,283.15,74.0,0.1201,0,normal
2025-01-01T00:21:25.500000,1166.68,282.77,73.27,0.1184,1093.43,284.73,68.85,0.1208,0,normal
2025-01-01T00:21:26,1237.23,288.29,74.21,0.118,1193.13,276.07,70.03,0.1144,0,normal
2025-01-01T00:21:26.500000,1168.64,290.84,68.99,0.1249,1259.81,289.27,68.79,0.1105,0,normal
2025-01-01T00:21:27,1186.84,287.67,72.0,0.1162,1255.11,299.4,71.35,0.1207,0,normal
2025-01-01T00:21:27.500000,1163.79,283.23,72.74,0.1213,1175.63,282.66,70.71,0.1183,0,normal
2025-01-01T00:21:28,1210.16,276.59,71.89,0.1213,1172.62,280.9,70.7,0.1171,0,normal
2025-01-01T00:21:28.500000,1200.14,285.55,68.98,0.1224,1186.08,301.53,68.57,0.1148,0,normal
2025-01-01T00:21:29,1195.13,286.77,69.19,0.117,1228.38,276.89,75.95,0.1173,0,normal
2025-01-01T00:21:29.500000,1178.42,287.61,74.31,0.1215,1260.5,299.34,69.35,0.1256,0,normal
2025-01-01T00:21:30,1163.44,286.82,71.9,0.1245,1256.27,289.87,72.86,0.1231,0,normal
2025-01-01T00:21:30.500000,1201.48,284.74,74.08,0.1256,1193.2,287.03,72.24,0.1103,0,normal
2025-01-01T00:21:31,1191.93,291.84,70.92,0.1276,1256.26,288.43,73.62,0.1145,0,normal
2025-01-01T00:21:31.500000,1193.63,291.16,71.12,0.1238,1133.9,274.76,77.48,0.1199,0,normal
2025-01-01T00:21:32,1187.08,290.83,73.79,0.1233,1172.64,282.55,72.9,0.1242,0,normal
2025-01-01T00:21:32.500000,1187.8,285.73,72.39,0.1246,1236.21,272.12,71.38,0.1144,0,normal
2025-01-01T00:21:33,1213.63,288.95,72.15,0.119,1203.32,286.79,70.16,0.1127,0,normal
2025-01-01T00:21:33.500000,1150.8,290.42,72.71,0.1213,1260.73,274.27,67.0,0.1223,0,normal
2025-01-01T00:21:34,1207.04,277.6,72.52,0.1186,1161.26,282.15,64.97,0.1165,0,normal
2025-01-01T00:21:34.500000,1183.1,287.38,71.77,0.1223,1077.62,277.83,73.6,0.1181,0,normal
2025-01-01T00:21:35,1220.29,277.29,73.05,0.1177,1164.66,293.47,75.35,0.1262,0,normal
2025-01-01T00:21:35.500000,1248.93,290.42,70.85,0.1205,1182.71,302.35,75.18,0.1189,0,normal
2025-01-01T00:21:36,1221.07,279.73,72.36,0.1166,1118.95,291.71,74.62,0.1227,0,normal
2025-01-01T00:21:36.500000,1195.61,279.59,70.33,0.1165,1188.78,294.2,75.05,0.1101,0,normal
2025-01-01T00:21:37,1183.36,281.92,68.35,0.122,1188.18,284.03,75.88,0.1205,0,normal
2025-01-01T00:21:37.500000,1189.66,287.45,73.52,0.1211,1233.08,283.76,71.76,0.1207,0,normal
2025-01-01T00:21:38,1181.93,282.57,73.98,0.1272,1276.43,273.69,67.91,0.1129,0,normal
2025-01-01T00:21:38.500000,1203.23,272.99,71.15,0.1251,1247.16,280.65,70.75,0.1234,0,normal
2025-01-01T00:21:39,1222.45,282.72,71.66,0.118,1136.1,283.12,71.15,0.1124,0,normal
2025-01-01T00:21:39.500000,1215.51,287.07,73.0,0.1172,1104.79,289.0,70.09,0.1147,0,normal
2025-01-01T00:21:40,1169.83,283.82,74.27,0.1182,1147.69,290.57,72.5,0.1073,0,normal
2025-01-01T00:21:40.500000,1215.9,294.1,68.26,0.1156,1063.27,284.36,74.85,0.1206,0,normal
2025-01-01T00:21:41,1233.41,288.55,74.45,0.1242,1180.66,285.57,69.5,0.1186,0,normal
2025-01-01T00:21:41.500000,1201.48,284.64,73.93,0.1188,1155.26,277.56,73.89,0.1116,0,normal
2025-01-01T00:21:42,1195.17,290.68,72.42,0.1197,1198.28,276.2,69.53,0.1188,0,normal
2025-01-01T00:21:42.500000,1206.51,289.05,72.13,0.1249,1277.05,291.8,75.53,0.1141,0,normal
2025-01-01T00:21:43,1172.42,287.21,70.07,0.119,1237.02,297.08,71.27,0.1161,0,normal
2025-01-01T00:21:43.500000,1207.69,280.41,71.75,0.12,1198.66,285.76,69.6,0.1156,0,normal
2025-01-01T00:21:44,1182.07,278.07,72.49,0.1232,1238.22,282.76,69.66,0.1245,0,normal
2025-01-01T00:21:44.500000,1215.33,285.93,74.51,0.1199,1187.67,281.58,67.5,0.124,0,normal
2025-01-01T00:21:45,1197.47,287.18,74.65,0.1186,1087.78,289.11,72.48,0.1156,0,normal
2025-01-01T00:21:45.500000,1209.53,288.36,70.64,0.1189,1270.88,278.83,72.19,0.1043,0,normal
2025-01-01T00:21:46,1164.44,285.67,73.77,0.1151,1203.58,281.79,74.74,0.1127,0,normal
2025-01-01T00:21:46.500000,1210.32,282.21,72.32,0.1202,1187.91,289.09,72.13,0.1192,0,normal
2025-01-01T00:21:47,1191.45,285.33,72.32,0.1164,1183.23,275.98,71.89,0.1164,0,normal
2025-01-01T00:21:47.500000,1218.5,287.88,70.67,0.12,1230.65,283.5,69.9,0.1134,0,normal
2025-01-01T00:21:48,1220.5,288.86,71.7,0.1228,1057.67,296.35,71.55,0.1209,0,normal
2025-01-01T00:21:48.500000,1192.31,290.97,70.47,0.1253,1219.02,290.32,71.05,0.1122,0,normal
2025-01-01T00:21:49,1222.33,286.33,73.96,0.1193,1179.88,296.87,77.51,0.1201,0,normal
2025-01-01T00:21:49.500000,1181.93,288.47,71.63,0.1222,1187.55,298.37,69.99,0.1229,0,normal
2025-01-01T00:21:50,1188.27,283.8,71.41,0.1227,1244.08,289.77,71.69,0.1208,0,normal
2025-01-01T00:21:50.500000,1221.55,288.97,68.13,0.119,1189.24,290.72,71.81,0.1243,0,normal
2025-01-01T00:21:51,1174.11,286.11,73.3,0.1147,1320.65,295.18,72.0,0.115,0,normal
2025-01-01T00:21:51.500000,1195.8,285.36,72.63,0.1254,1177.15,289.81,68.28,0.1175,0,normal
2025-01-01T00:21:52,1209.04,287.96,70.92,0.1184,1270.11,294.93,72.6,0.1066,0,normal
2025-01-01T00:21:52.500000,1260.27,284.91,71.55,0.1181,1218.07,288.31,74.74,0.1144,0,normal
2025-01-01T00:21:53,1192.5,293.68,72.32,0.1194,1154.8,289.33,74.97,0.1252,0,normal
2025-01-01T00:21:53.500000,1193.79,286.54,74.41,0.1239,1162.36,263.23,72.85,0.1248,0,normal
2025-01-01T00:21:54,1173.86,284.96,71.62,0.1204,1173.85,296.03,72.43,0.1147,0,normal
2025-01-01T00:21:54.500000,1222.02,279.6,73.85,0.1236,1266.71,283.65,70.57,0.1205,0,normal
2025-01-01T00:21:55,1197.97,282.21,71.2,0.1187,1143.84,290.8,71.85,0.1181,0,normal
2025-01-01T00:21:55.500000,1173.35,280.04,74.79,0.1177,1229.31,286.39,64.01,0.1308,0,normal
2025-01-01T00:21:56,1216.42,281.72,71.96,0.1159,1287.66,277.24,70.49,0.1156,0,normal
2025-01-01T00:21:56.500000,1201.93,290.86,74.58,0.1186,1218.16,285.7,69.17,0.1345,0,normal
2025-01-01T00:21:57,1232.71,285.81,74.28,0.1244,1203.93,287.79,76.35,0.1143,0,normal
2025-01-01T00:21:57.500000,1240.17,284.04,74.2,0.12,1216.21,284.71,70.47,0.1184,0,normal
2025-01-01T00:21:58,1233.1,275.11,70.22,0.1174,1148.24,297.91,75.62,0.1236,0,normal
2025-01-01T00:21:58.500000,1184.69,290.71,69.71,0.1277,1167.14,282.76,70.76,0.1136,0,normal
2025-01-01T00:21:59,1246.2,288.37,73.75,0.1156,1208.69,289.45,72.78,0.113,0,normal
2025-01-01T00:21:59.500000,1225.81,285.52,70.62,0.1133,1229.12,305.95,69.08,0.121,0,normal
2025-01-01T00:22:00,1226.65,279.57,71.31,0.1169,1247.26,296.33,72.46,0.1149,0,normal
2025-01-01T00:22:00.500000,1189.37,282.3,70.59,0.1196,1227.59,289.19,71.98,0.1203,0,normal
2025-01-01T00:22:01,1198.04,279.45,72.23,0.1179,1135.33,288.17,70.24,0.1214,0,normal
2025-01-01T00:22:01.500000,1220.34,280.94,72.13,0.1135,1273.56,273.38,70.52,0.128,0,normal
2025-01-01T00:22:02,1194.37,279.88,73.03,0.1225,1169.61,280.51,70.75,0.1188,0,normal
2025-01-01T00:22:02.500000,1154.57,284.22,74.57,0.1168,1171.99,274.88,73.76,0.1272,0,normal
2025-01-01T00:22:03,1228.33,279.66,72.72,0.1252,1224.46,289.09,70.64,0.1213,0,normal
2025-01-01T00:22:03.500000,1229.67,286.4,70.2,0.1184,1258.05,287.78,72.34,0.1167,0,normal
2025-01-01T00:22:04,1228.53,292.11,73.82,0.1252,1182.78,280.72,71.55,0.1202,0,normal
2025-01-01T00:22:04.500000,1234.34,289.98,72.78,0.1148,1118.97,287.06,74.54,0.1195,0,normal
2025-01-01T00:22:05,1245.96,280.37,70.26,0.1176,1166.29,289.5,70.79,0.1107,0,normal
2025-01-01T00:22:05.500000,1221.4,277.48,70.46,0.1142,1209.94,286.59,77.52,0.1255,0,normal
2025-01-01T00:22:06,1234.6,286.23,70.59,0.1205,1228.44,291.02,70.64,0.1229,0,normal
2025-01-01T00:22:06.500000,1177.61,280.54,70.39,0.1201,1143.46,281.37,74.6,0.1138,0,normal
2025-01-01T00:22:07,1187.9,285.31,72.36,0.1182,1237.77,290.05,75.28,0.1195,0,normal
2025-01-01T00:22:07.500000,1187.69,282.08,72.44,0.1186,1172.68,281.17,70.03,0.1212,0,normal
2025-01-01T00:22:08,1166.1,286.3,72.97,0.1179,1292.26,285.15,67.5,0.1183,0,normal
2025-01-01T00:22:08.500000,1201.5,286.92,71.63,0.1164,1147.44,279.41,70.39,0.1132,0,normal
2025-01-01T00:22:09,1182.41,287.82,74.37,0.1227,1262.68,293.33,74.4,0.118,0,normal
2025-01-01T00:22:09.500000,1203.38,283.2,71.68,0.1202,1234.25,288.62,71.53,0.1203,0,normal
2025-01-01T00:22:10,1210.4,287.85,69.81,0.1161,1253.15,284.48,70.78,0.1184,0,normal
2025-01-01T00:22:10.500000,1193.67,287.39,70.4,0.1201,1211.81,288.39,72.64,0.1231,0,normal
2025-01-01T00:22:11,1186.26,280.97,75.54,0.1189,1191.15,290.8,76.6,0.1167,0,normal
2025-01-01T00:22:11.500000,1176.03,279.69,74.29,0.1163,1198.68,276.64,67.83,0.1182,0,normal
2025-01-01T00:22:12,1177.49,282.04,74.89,0.1215,1244.71,292.05,71.71,0.1174,0,normal
2025-01-01T00:22:12.500000,1205.97,285.72,71.18,0.1205,1166.1,283.53,71.03,0.1124,0,normal
2025-01-01T00:22:13,1143.57,280.99,74.6,0.1189,1237.25,266.84,69.1,0.1119,0,normal
2025-01-01T00:22:13.500000,1195.14,295.35,72.66,0.1261,1187.79,296.67,77.97,0.1193,0,normal
2025-01-01T00:22:14,1187.06,279.37,71.55,0.1203,1297.49,273.93,72.17,0.1091,0,normal
2025-01-01T00:22:14.500000,1189.76,286.33,72.74,0.1221,1219.08,289.96,72.13,0.1137,0,normal
2025-01-01T00:22:15,1155.56,282.66,71.81,0.1245,1195.17,283.32,73.11,0.1184,0,normal
2025-01-01T00:22:15.500000,1219.45,293.46,75.15,0.1203,1216.17,298.5,71.57,0.1241,0,normal
2025-01-01T00:22:16,1172.76,283.67,73.66,0.1174,1193.85,271.54,77.78,0.1276,0,normal
2025-01-01T00:22:16.500000,1204.51,287.17,72.57,0.125,1175.1,291.26,75.1,0.1273,0,normal
2025-01-01T00:22:17,1145.78,282.44,70.53,0.1205,1103.23,267.51,78.25,0.1237,0,normal
2025-01-01T00:22:17.500000,1202.9,286.55,72.21,0.1236,1169.64,286.6,72.65,0.1137,0,normal
2025-01-01T00:22:18,1230.65,283.09,73.47,0.1204,1278.41,276.1,68.88,0.1146,0,normal
2025-01-01T00:22:18.500000,1203.2,291.59,74.29,0.1117,1211.99,257.53,74.29,0.1267,0,normal
2025-01-01T00:22:19,1199.03,285.36,72.11,0.1172,1220.72,283.02,74.68,0.1193,0,normal
2025-01-01T00:22:19.500000,1179.34,278.43,69.32,0.1247,1178.03,287.89,77.14,0.1166,0,normal
2025-01-01T00:22:20,1184.94,284.44,72.04,0.1268,1275.16,290.31,76.17,0.1189,0,normal
2025-01-01T00:22:20.500000,1207.18,283.71,70.14,0.1243,1225.52,285.15,71.99,0.111,0,normal
2025-01-01T00:22:21,1176.54,286.44,71.24,0.1192,1194.98,279.16,69.21,0.1103,0,normal
2025-01-01T00:22:21.500000,1196.48,287.64,69.63,0.1199,1213.49,276.54,76.1,0.1177,0,normal
2025-01-01T00:22:22,1197.57,284.31,69.45,0.1236,1154.14,282.98,73.72,0.1288,0,normal
2025-01-01T00:22:22.500000,1174.08,283.09,73.99,0.1217,1232.22,276.01,70.91,0.119,0,normal
2025-01-01T00:22:23,1179.41,277.84,71.26,0.1249,1202.84,296.75,72.52,0.1154,0,normal
2025-01-01T00:22:23.500000,1230.66,285.91,73.39,0.1162,1249.86,294.14,72.83,0.1152,0,normal
2025-01-01T00:22:24,1198.9,287.61,72.34,0.1222,1248.59,279.46,68.67,0.1198,0,normal
2025-01-01T00:22:24.500000,1192.09,288.36,70.45,0.1237,1264.97,285.0,72.17,0.1154,0,normal
2025-01-01T00:22:25,1186.98,283.25,74.08,0.1197,1136.54,287.18,74.38,0.1198,0,normal
2025-01-01T00:22:25.500000,1235.26,288.32,70.49,0.118,1210.86,270.75,72.97,0.1094,0,normal
2025-01-01T00:22:26,1224.56,288.88,72.73,0.1176,1208.17,280.61,69.03,0.118,0,normal
2025-01-01T00:22:26.500000,1216.76,285.19,74.09,0.1228,1231.62,271.24,71.18,0.1136,0,normal
2025-01-01T00:22:27,1195.61,282.04,71.46,0.1238,1222.81,293.61,67.39,0.1203,0,normal
2025-01-01T00:22:27.500000,1223.2,291.44,69.77,0.1187,1249.64,283.36,69.38,0.1107,0,normal
2025-01-01T00:22:28,1177.23,277.78,72.08,0.1232,1139.47,287.2,74.43,0.12,0,normal
2025-01-01T00:22:28.500000,1161.34,286.65,71.92,0.1194,1173.75,285.74,73.47,0.1343,0,normal
2025-01-01T00:22:29,1202.7,291.46,72.52,0.1196,1207.13,274.55,72.88,0.108,0,normal
2025-01-01T00:22:29.500000,1179.3,285.47,73.72,0.1252,1188.65,286.33,74.83,0.112,0,normal
2025-01-01T00:22:30,1209.71,281.46,71.75,0.1183,1220.9,289.71,74.57,0.1221,0,normal
2025-01-01T00:22:30.500000,1204.12,292.93,69.8,0.1261,1186.09,289.88,71.06,0.1158,0,normal
2025-01-01T00:22:31,1211.63,289.46,72.68,0.118,1373.34,295.25,74.69,0.1179,0,normal
2025-01-01T00:22:31.500000,1185.0,283.8,73.56,0.1164,1148.73,289.61,72.92,0.1154,0,normal
2025-01-01T00:22:32,1173.81,291.15,72.51,0.1151,1137.91,281.91,74.11,0.1236,0,normal
2025-01-01T00:22:32.500000,1227.16,278.63,72.32,0.1251,1263.97,288.07,78.76,0.1237,0,normal
2025-01-01T00:22:33,1225.03,285.19,70.88,0.1168,1208.72,283.19,66.91,0.1138,0,normal
2025-01-01T00:22:33.500000,1192.36,288.11,71.98,0.1197,1152.63,285.2,75.8,0.1209,0,normal
2025-01-01T00:22:34,1163.82,279.65,72.85,0.1192,1196.42,279.76,73.45,0.1182,0,normal
2025-01-01T00:22:34.500000,1195.52,281.36,73.33,0.1192,1229.18,274.79,76.99,0.1277,0,normal
2025-01-01T00:22:35,1154.16,281.57,72.69,0.1152,1193.68,288.65,71.47,0.1232,0,normal
2025-01-01T00:22:35.500000,1183.36,275.41,73.41,0.1235,1320.17,266.13,74.16,0.1082,0,normal
2025-01-01T00:22:36,1242.16,287.09,70.63,0.1228,1173.45,287.57,72.59,0.1305,0,normal
2025-01-01T00:22:36.500000,1243.56,282.45,73.52,0.1213,1132.19,279.05,78.73,0.1221,0,normal
2025-01-01T00:22:37,1223.99,284.09,71.22,0.1201,1187.23,272.23,69.11,0.1242,0,normal
2025-01-01T00:22:37.500000,1190.86,285.11,72.34,0.1211,1255.04,275.61,73.64,0.1245,0,normal
2025-01-01T00:22:38,1223.66,278.96,72.37,0.1262,1195.24,289.13,74.25,0.1138,0,normal
2025-01-01T00:22:38.500000,1244.01,287.14,72.75,0.114,1238.14,289.33,76.68,0.1181,0,normal
2025-01-01T00:22:39,1176.3,282.08,71.27,0.116,1261.93,296.35,71.44,0.1176,0,normal
2025-01-01T00:22:39.500000,1156.43,287.98,74.38,0.1177,1194.39,288.71,76.97,0.1212,0,normal
2025-01-01T00:22:40,1204.69,285.77,69.95,0.1148,1161.22,293.66,71.03,0.1168,0,normal
2025-01-01T00:22:40.500000,1186.87,284.41,74.45,0.1195,1162.26,285.22,77.05,0.117,0,normal
2025-01-01T00:22:41,1171.66,282.86,72.19,0.1225,1248.33,276.06,69.26,0.1181,0,normal
2025-01-01T00:22:41.500000,1216.43,279.61,71.13,0.1179,1245.2,289.52,74.6,0.128,0,normal
2025-01-01T00:22:42,1192.66,279.92,70.3,0.1134,1177.98,281.71,74.27,0.1201,0,normal
2025-01-01T00:22:42.500000,1188.23,284.5,70.5,0.1237,1162.28,275.25,74.36,0.1234,0,normal
2025-01-01T00:22:43,1158.63,288.66,70.93,0.1187,1208.98,290.02,73.28,0.1197,0,normal
2025-01-01T00:22:43.500000,1189.81,286.76,71.83,0.1265,1228.15,277.1,70.62,0.1203,0,normal
2025-01-01T00:22:44,1231.19,291.03,71.43,0.1166,1149.05,287.16,78.63,0.1232,0,normal
2025-01-01T00:22:44.500000,1161.75,281.9,71.1,0.117,1181.38,288.16,73.96,0.1266,0,normal
2025-01-01T00:22:45,1212.58,276.65,70.48,0.1194,1207.07,292.37,72.12,0.1203,0,normal
2025-01-01T00:22:45.500000,1205.71,283.91,72.13,0.1241,1195.97,284.74,71.9,0.1278,0,normal
2025-01-01T00:22:46,1173.41,292.59,70.31,0.1176,1235.75,293.81,67.96,0.1134,0,normal
2025-01-01T00:22:46.500000,1206.67,295.02,73.79,0.1191,1083.88,285.7,73.04,0.1177,0,normal
2025-01-01T00:22:47,1179.58,285.68,70.64,0.1267,1272.8,290.63,72.26,0.116,0,normal
2025-01-01T00:22:47.500000,1199.5,292.01,73.25,0.1207,1244.35,289.66,73.14,0.1259,0,normal
2025-01-01T00:22:48,1212.41,288.67,72.23,0.1191,1173.69,279.29,67.38,0.1145,0,normal
2025-01-01T00:22:48.500000,1177.42,282.83,74.25,0.1194,1211.6,287.34,76.57,0.1165,0,normal
2025-01-01T00:22:49,1194.66,284.55,73.64,0.1248,1222.78,295.54,72.51,0.119,0,normal
2025-01-01T00:22:49.500000,1228.29,287.08,70.94,0.1236,1189.99,282.17,74.57,0.1195,0,normal
2025-01-01T00:22:50,1209.34,287.83,70.87,0.1214,1264.77,276.82,73.3,0.115,0,normal
2025-01-01T00:22:50.500000,1224.51,289.33,71.49,0.128,1253.12,291.04,73.87,0.1259,0,normal
2025-01-01T00:22:51,1176.1,285.83,72.55,0.1186,1222.31,295.53,70.79,0.1197,0,normal
2025-01-01T00:22:51.500000,1180.31,277.36,73.12,0.1199,1202.28,276.56,71.47,0.1266,0,normal
2025-01-01T00:22:52,1200.02,285.12,72.3,0.1155,1230.0,274.27,69.29,0.1137,0,normal
2025-01-01T00:22:52.500000,1195.79,283.49,72.0,0.1167,1248.26,292.13,71.5,0.1171,0,normal
2025-01-01T00:22:53,1186.1,283.67,69.98,0.1165,1241.29,287.58,76.71,0.1182,0,normal
2025-01-01T00:22:53.500000,1191.32,283.26,71.54,0.1176,1213.01,285.25,70.53,0.1275,0,normal
2025-01-01T00:22:54,1245.52,289.99,72.8,0.1227,1289.11,291.5,70.31,0.1224,0,normal
2025-01-01T00:22:54.500000,1215.03,280.75,71.59,0.124,1112.47,274.31,71.49,0.1221,0,normal
2025-01-01T00:22:55,1167.42,284.46,73.66,0.1202,1245.08,279.94,69.67,0.1251,0,normal
2025-01-01T00:22:55.500000,1208.86,279.93,70.85,0.1256,1155.62,292.99,70.62,0.12,0,normal
2025-01-01T00:22:56,1207.07,276.02,69.89,0.1203,1165.23,293.52,67.37,0.1234,0,normal
2025-01-01T00:22:56.500000,1166.97,283.49,70.47,0.1268,1135.7,283.96,67.03,0.1296,0,normal
2025-01-01T00:22:57,1209.63,285.59,74.12,0.1205,1210.54,286.13,73.62,0.117,0,normal
2025-01-01T00:22:57.500000,1194.86,288.46,72.4,0.1196,1132.77,297.81,70.1,0.1259,0,normal
2025-01-01T00:22:58,1204.22,279.47,73.8,0.1209,1264.1,283.44,74.03,0.1094,0,normal
2025-01-01T00:22:58.500000,1187.99,279.56,71.46,0.1217,1170.98,292.39,69.53,0.1253,0,normal
2025-01-01T00:22:59,1231.43,289.33,71.5,0.1123,1227.94,283.93,69.18,0.1167,0,normal
2025-01-01T00:22:59.500000,1234.43,280.14,72.67,0.1208,1182.85,290.51,76.7,0.1182,0,normal
2025-01-01T00:23:00,1194.16,287.66,73.32,0.1195,1185.34,266.04,69.76,0.1132,0,normal
2025-01-01T00:23:00.500000,1216.43,283.96,71.59,0.12,1158.23,298.28,75.74,0.1297,0,normal
2025-01-01T00:23:01,1216.4,284.87,74.33,0.1175,1158.18,279.86,73.51,0.1154,0,normal
2025-01-01T00:23:01.500000,1196.27,278.15,72.69,0.1145,1155.26,295.41,75.4,0.1222,0,normal
2025-01-01T00:23:02,1206.62,282.73,70.89,0.1187,1127.34,287.16,72.14,0.1144,0,normal
2025-01-01T00:23:02.500000,1237.65,287.59,73.0,0.1182,1199.94,290.36,72.44,0.1296,0,normal
2025-01-01T00:23:03,1195.11,282.84,72.91,0.1154,1244.37,273.88,73.84,0.1161,0,normal
2025-01-01T00:23:03.500000,1211.44,288.88,72.22,0.1157,1156.95,278.77,66.54,0.1268,0,normal
2025-01-01T00:23:04,1202.64,280.15,74.1,0.1175,1212.03,277.94,66.19,0.1118,0,normal
2025-01-01T00:23:04.500000,1189.24,288.84,72.5,0.1205,1103.52,295.86,72.64,0.1193,0,normal
2025-01-01T00:23:05,1227.18,290.33,73.66,0.1191,1151.83,293.46,68.07,0.1317,0,normal
2025-01-01T00:23:05.500000,1200.67,280.46,70.23,0.1154,1206.74,284.95,68.44,0.1179,0,normal
2025-01-01T00:23:06,1167.17,287.52,71.92,0.1186,1138.17,282.43,70.81,0.1219,0,normal
2025-01-01T00:23:06.500000,1204.01,288.39,71.3,0.1133,1247.57,277.0,68.81,0.1197,0,normal
2025-01-01T00:23:07,1207.25,282.73,71.22,0.1186,1267.99,284.98,69.21,0.1143,0,normal
2025-01-01T00:23:07.500000,1193.98,286.02,72.7,0.1204,1159.59,281.38,74.11,0.1131,0,normal
2025-01-01T00:23:08,1188.82,287.55,73.26,0.1193,1180.26,273.7,73.51,0.1279,0,normal
2025-01-01T00:23:08.500000,1261.56,286.65,71.93,0.1167,1109.81,286.51,78.77,0.1276,0,normal
2025-01-01T00:23:09,1226.8,286.05,72.52,0.1113,1236.6,280.05,69.98,0.1181,0,normal
2025-01-01T00:23:09.500000,1191.43,281.93,72.02,0.118,1204.82,272.28,71.38,0.1134,0,normal
2025-01-01T00:23:10,1184.61,285.61,69.69,0.117,1227.31,272.92,77.12,0.1272,0,normal
2025-01-01T00:23:10.500000,1188.13,281.63,72.29,0.1148,1103.9,281.07,71.61,0.1206,0,normal
2025-01-01T00:23:11,1185.25,290.45,69.85,0.1159,1223.36,275.07,68.54,0.1207,0,normal
2025-01-01T00:23:11.500000,1174.72,284.43,70.99,0.1169,1099.09,286.19,68.41,0.119,0,normal
2025-01-01T00:23:12,1187.71,284.12,71.78,0.1207,1165.07,295.63,66.68,0.1186,0,normal
2025-01-01T00:23:12.500000,1220.07,287.04,70.6,0.1171,1151.67,290.12,69.87,0.1215,0,normal
2025-01-01T00:23:13,1206.34,295.12,72.45,0.1171,1129.91,282.64,71.66,0.1067,0,normal
2025-01-01T00:23:13.500000,1182.87,286.27,71.23,0.1235,1125.2,290.79,74.63,0.1257,0,normal
2025-01-01T00:23:14,1162.42,286.34,71.04,0.1149,1180.13,277.26,74.65,0.1231,0,normal
2025-01-01T00:23:14.500000,1172.34,281.9,71.45,0.1197,1248.31,290.91,72.15,0.1184,0,normal
2025-01-01T00:23:15,1157.44,290.52,71.36,0.1256,1209.41,302.32,73.75,0.1114,0,normal
2025-01-01T00:23:15.500000,1185.25,284.28,70.74,0.1186,1134.39,285.05,72.68,0.114,0,normal
2025-01-01T00:23:16,1246.57,285.27,70.82,0.1141,1202.88,282.77,74.26,0.1191,0,normal
2025-01-01T00:23:16.500000,1171.35,292.14,72.63,0.1191,1207.9,289.05,67.88,0.1209,0,normal
2025-01-01T00:23:17,1189.2,287.17,70.93,0.1178,1279.82,295.52,62.51,0.1269,0,normal
2025-01-01T00:23:17.500000,1198.23,281.97,70.55,0.1166,1167.36,275.36,68.1,0.1138,0,normal
2025-01-01T00:23:18,1207.76,285.21,72.8,0.1198,1137.28,289.23,69.11,0.1239,0,normal
2025-01-01T00:23:18.500000,1172.02,282.06,71.48,0.1224,1208.45,285.17,77.43,0.109,0,normal
2025-01-01T00:23:19,1175.08,280.38,69.45,0.1174,1233.01,279.94,71.04,0.1097,0,normal
2025-01-01T00:23:19.500000,1180.88,283.03,72.93,0.114,1178.16,294.29,70.72,0.1073,0,normal
2025-01-01T00:23:20,1230.7,288.14,73.25,0.1137,1272.6,278.39,70.53,0.1158,0,normal
2025-01-01T00:23:20.500000,1222.73,284.23,72.69,0.1203,1195.44,276.9,77.22,0.1112,0,normal
2025-01-01T00:23:21,1209.89,286.61,73.66,0.125,1193.41,289.53,77.08,0.1196,0,normal
2025-01-01T00:23:21.500000,1174.41,283.36,70.12,0.1213,1251.09,283.97,67.33,0.1261,0,normal
2025-01-01T00:23:22,1157.37,278.39,71.74,0.1209,1220.27,284.43,77.07,0.1204,0,normal
2025-01-01T00:23:22.500000,1224.83,288.36,70.14,0.1194,1301.92,280.69,70.06,0.121,0,normal
2025-01-01T00:23:23,1188.76,281.61,71.3,0.1252,1193.44,273.64,67.65,0.1332,0,normal
2025-01-01T00:23:23.500000,1194.64,286.86,70.89,0.1212,1270.05,279.42,73.32,0.1116,0,normal
2025-01-01T00:23:24,1248.55,286.15,71.41,0.1189,1175.52,281.08,64.95,0.1194,0,normal
2025-01-01T00:23:24.500000,1196.64,287.09,71.25,0.1172,1199.63,271.21,72.41,0.1088,0,normal
2025-01-01T00:23:25,1226.9,287.93,70.67,0.1224,1205.35,276.37,66.17,0.1219,0,normal
2025-01-01T00:23:25.500000,1180.94,289.68,72.02,0.1175,1286.3,289.93,61.47,0.1171,0,normal
2025-01-01T00:23:26,1166.78,281.58,71.79,0.1213,1212.55,294.22,73.83,0.1234,0,normal
2025-01-01T00:23:26.500000,1204.84,290.5,71.54,0.119,1108.53,294.03,71.78,0.1376,0,normal
2025-01-01T00:23:27,1190.27,285.38,72.79,0.116,1217.21,285.3,71.13,0.127,0,normal
2025-01-01T00:23:27.500000,1178.31,286.18,74.09,0.1175,1185.75,305.05,73.37,0.117,0,normal
2025-01-01T00:23:28,1219.26,282.57,69.75,0.1249,1147.05,305.96,70.59,0.1328,0,normal
2025-01-01T00:23:28.500000,1167.15,289.38,72.72,0.123,1246.47,280.74,68.23,0.1197,0,normal
2025-01-01T00:23:29,1205.35,282.98,72.4,0.1212,1156.32,288.38,71.23,0.1158,0,normal
2025-01-01T00:23:29.500000,1218.9,281.68,71.34,0.1203,1265.97,286.65,73.52,0.1182,0,normal
2025-01-01T00:23:30,1198.12,284.79,72.42,0.1189,1264.32,281.81,67.08,0.1365,0,normal
2025-01-01T00:23:30.500000,1192.14,290.61,74.02,0.1234,1190.49,287.45,68.33,0.1319,0,normal
2025-01-01T00:23:31,1179.56,283.91,72.14,0.1196,1168.47,296.92,74.74,0.1219,0,normal
2025-01-01T00:23:31.500000,1190.41,289.55,71.33,0.1257,1205.34,295.51,71.67,0.1204,0,normal
2025-01-01T00:23:32,1229.41,294.38,74.25,0.1232,1228.29,280.67,72.85,0.1145,0,normal
2025-01-01T00:23:32.500000,1209.02,286.88,69.18,0.1201,1219.91,284.28,73.03,0.1119,0,normal
2025-01-01T00:23:33,1181.38,289.42,72.0,0.1212,1173.77,285.17,65.37,0.1251,0,normal
2025-01-01T00:23:33.500000,1243.39,280.45,70.65,0.1216,1270.75,284.98,68.46,0.1187,0,normal
2025-01-01T00:23:34,1175.28,282.14,71.56,0.1167,1162.66,285.64,72.62,0.1115,0,normal
2025-01-01T00:23:34.500000,1209.51,283.37,73.04,0.1228,1173.86,290.25,69.59,0.1279,0,normal
2025-01-01T00:23:35,1180.82,286.51,71.73,0.1163,1243.24,279.75,67.1,0.1027,0,normal
2025-01-01T00:23:35.500000,1179.0,290.88,73.81,0.1174,1182.03,281.02,68.16,0.1143,0,normal
2025-01-01T00:23:36,1223.55,287.15,72.39,0.1152,1204.83,265.3,74.43,0.1216,0,normal
2025-01-01T00:23:36.500000,1167.71,291.91,69.41,0.1219,1226.65,274.4,71.89,0.1102,0,normal
2025-01-01T00:23:37,1131.69,280.43,71.11,0.1223,1203.24,285.8,69.08,0.1168,0,normal
2025-01-01T00:23:37.500000,1177.68,279.76,71.15,0.1203,1172.51,282.23,74.0,0.117,0,normal
2025-01-01T00:23:38,1167.98,287.41,72.38,0.1212,1230.04,288.9,72.08,0.1343,0,normal
2025-01-01T00:23:38.500000,1169.16,282.49,73.39,0.1205,1236.38,286.45,75.96,0.114,0,normal
2025-01-01T00:23:39,1232.22,290.01,70.26,0.1223,1197.93,279.81,66.56,0.1139,0,normal
2025-01-01T00:23:39.500000,1216.99,288.48,71.7,0.1229,1245.37,286.32,69.92,0.1226,0,normal
2025-01-01T00:23:40,1211.69,287.88,73.25,0.1151,1175.52,268.77,74.15,0.1187,0,normal
2025-01-01T00:23:40.500000,1210.34,278.69,74.02,0.1157,1237.18,286.01,71.45,0.1184,0,normal
2025-01-01T00:23:41,1184.69,290.54,72.02,0.1154,1181.57,286.1,74.59,0.1164,0,normal
2025-01-01T00:23:41.500000,1187.09,285.1,73.26,0.1151,1224.26,281.03,71.07,0.132,0,normal
2025-01-01T00:23:42,1195.28,288.23,73.04,0.1158,1111.42,292.02,68.88,0.11,0,normal
2025-01-01T00:23:42.500000,1224.63,280.64,70.89,0.1271,1120.33,274.26,70.68,0.1186,0,normal
2025-01-01T00:23:43,1178.55,280.05,74.17,0.1209,1228.09,283.83,72.83,0.1256,0,normal
2025-01-01T00:23:43.500000,1176.09,286.13,73.0,0.1256,1293.5,285.6,75.28,0.104,0,normal
2025-01-01T00:23:44,1237.25,281.9,71.65,0.1216,1192.63,286.68,76.57,0.1177,0,normal
2025-01-01T00:23:44.500000,1173.91,292.75,72.76,0.1269,1241.45,273.68,73.86,0.1141,0,normal
2025-01-01T00:23:45,1200.18,284.68,69.67,0.1171,1305.85,287.04,71.49,0.1309,0,normal
2025-01-01T00:23:45.500000,1190.49,284.61,73.43,0.1186,1164.17,265.73,69.3,0.1143,0,normal
2025-01-01T00:23:46,1203.81,282.39,75.11,0.1162,1267.23,286.88,74.32,0.1245,0,normal
2025-01-01T00:23:46.500000,1146.76,284.95,71.62,0.1159,1222.06,299.68,64.3,0.1168,0,normal
2025-01-01T00:23:47,1170.1,285.31,71.53,0.1178,1233.1,298.99,79.66,0.1156,0,normal
2025-01-01T00:23:47.500000,1156.3,287.39,74.32,0.1229,1277.1,283.07,70.24,0.1207,0,normal
2025-01-01T00:23:48,1192.07,287.83,73.4,0.1238,1224.51,287.1,74.29,0.1082,0,normal
2025-01-01T00:23:48.500000,1205.05,285.22,72.31,0.1197,1220.73,280.09,75.25,0.1228,0,normal
2025-01-01T00:23:49,1203.62,282.02,73.17,0.1207,1163.74,284.52,73.81,0.1233,0,normal
2025-01-01T00:23:49.500000,1211.69,285.4,73.48,0.1245,1235.39,279.98,68.95,0.1167,0,normal
2025-01-01T00:23:50,1246.89,286.2,75.06,0.1196,1187.58,284.37,71.73,0.1154,0,normal
2025-01-01T00:23:50.500000,1172.43,287.14,73.52,0.1288,1179.18,281.98,69.78,0.1268,0,normal
2025-01-01T00:23:51,1219.56,281.25,70.7,0.1234,1218.39,291.48,69.46,0.1087,0,normal
2025-01-01T00:23:51.500000,1179.0,287.94,75.04,0.1185,1309.24,292.09,67.99,0.1213,0,normal
2025-01-01T00:23:52,1220.74,274.63,72.93,0.1242,1219.15,284.47,71.5,0.1186,0,normal
2025-01-01T00:23:52.500000,1171.78,282.06,71.4,0.1204,1173.27,277.57,74.19,0.1222,0,normal
2025-01-01T00:23:53,1187.06,287.16,71.35,0.1202,1246.8,279.84,68.62,0.1191,0,normal
2025-01-01T00:23:53.500000,1167.28,283.81,71.6,0.1111,1225.47,283.44,75.4,0.1213,0,normal
2025-01-01T00:23:54,1217.65,290.09,71.81,0.12,1124.47,295.6,71.58,0.114,0,normal
2025-01-01T00:23:54.500000,1217.75,275.68,71.38,0.1233,1178.99,278.86,70.8,0.1079,0,normal
2025-01-01T00:23:55,1217.17,284.47,71.61,0.119,1200.68,290.59,71.85,0.1118,0,normal
2025-01-01T00:23:55.500000,1213.81,287.13,72.3,0.1239,1201.46,294.5,76.05,0.1235,0,normal
2025-01-01T00:23:56,1182.05,284.44,73.78,0.1146,1181.19,282.07,69.51,0.1252,0,normal
2025-01-01T00:23:56.500000,1209.04,281.96,72.87,0.1194,1157.27,278.9,73.26,0.1256,0,normal
2025-01-01T00:23:57,1188.32,287.33,74.28,0.1155,1217.07,292.1,71.73,0.1274,0,normal
2025-01-01T00:23:57.500000,1252.77,286.47,71.66,0.1235,1240.42,263.46,71.99,0.1176,0,normal
2025-01-01T00:23:58,1209.52,284.17,71.88,0.1169,1235.26,299.15,69.56,0.1116,0,normal
2025-01-01T00:23:58.500000,1200.48,284.88,73.69,0.1156,1174.18,266.64,75.96,0.1215,0,normal
2025-01-01T00:23:59,1188.88,279.35,70.23,0.1215,1146.84,285.89,77.88,0.1179,0,normal
2025-01-01T00:23:59.500000,1176.93,286.63,70.23,0.1262,1267.37,283.6,69.42,0.1174,0,normal
2025-01-01T00:24:00,1192.9,286.64,73.5,0.1163,1248.52,290.28,70.54,0.1135,0,normal
2025-01-01T00:24:00.500000,1202.79,280.47,73.47,0.116,1226.29,284.31,70.39,0.1194,0,normal
2025-01-01T00:24:01,1225.92,279.9,71.41,0.1173,1198.15,279.15,66.91,0.1137,0,normal
2025-01-01T00:24:01.500000,1239.31,286.05,72.31,0.119,1197.52,281.33,73.52,0.1206,0,normal
2025-01-01T00:24:02,1171.89,286.08,68.46,0.1215,1132.35,284.18,68.56,0.12,0,normal
2025-01-01T00:24:02.500000,1213.88,291.42,69.78,0.1235,1206.3,281.15,74.19,0.1186,0,normal
2025-01-01T00:24:03,1217.22,280.76,71.09,0.1234,1271.3,284.7,63.97,0.1188,0,normal
2025-01-01T00:24:03.500000,1200.78,284.0,72.48,0.1183,1240.27,275.02,75.56,0.1293,0,normal
2025-01-01T00:24:04,1178.09,281.09,72.59,0.1157,1176.36,294.43,74.12,0.1319,0,normal
2025-01-01T00:24:04.500000,1204.1,282.39,72.07,0.1195,1193.45,284.8,69.32,0.1217,0,normal
2025-01-01T00:24:05,1166.19,281.94,71.83,0.1119,1236.91,267.45,73.93,0.1122,0,normal
2025-01-01T00:24:05.500000,1190.28,287.22,75.17,0.1204,1104.83,293.15,71.33,0.1204,0,normal
2025-01-01T00:24:06,1213.39,275.49,72.01,0.1185,1258.65,291.22,67.31,0.1276,0,normal
2025-01-01T00:24:06.500000,1210.79,278.39,72.08,0.1237,1141.73,296.78,67.64,0.1153,0,normal
2025-01-01T00:24:07,1177.37,290.89,71.29,0.1158,1221.37,290.65,73.92,0.1184,0,normal
2025-01-01T00:24:07.500000,1206.11,282.22,74.41,0.1241,1251.98,291.79,73.5,0.1125,0,normal
2025-01-01T00:24:08,1215.2,285.49,73.82,0.1229,1226.42,270.6,71.74,0.1167,0,normal
2025-01-01T00:24:08.500000,1206.06,283.22,71.6,0.1217,1179.26,286.04,67.62,0.115,0,normal
2025-01-01T00:24:09,1215.75,279.74,73.79,0.1235,1187.12,310.64,75.58,0.1143,0,normal
2025-01-01T00:24:09.500000,1217.91,285.28,70.88,0.1161,1247.75,279.89,71.71,0.1145,0,normal
2025-01-01T00:24:10,1182.04,284.46,72.56,0.1107,1200.81,278.62,76.04,0.1377,0,normal
2025-01-01T00:24:10.500000,1191.38,277.64,72.17,0.1193,1294.62,299.25,74.49,0.1165,0,normal
2025-01-01T00:24:11,1216.27,286.13,72.35,0.1144,1250.97,285.92,71.71,0.1164,0,normal
2025-01-01T00:24:11.500000,1180.95,286.36,69.48,0.1228,1149.4,267.4,77.25,0.1149,0,normal
2025-01-01T00:24:12,1182.67,289.85,74.67,0.1145,1154.1,277.45,74.69,0.1298,0,normal
2025-01-01T00:24:12.500000,1174.07,291.05,70.98,0.1212,1138.97,283.96,71.68,0.1181,0,normal
2025-01-01T00:24:13,1209.24,280.69,70.73,0.1216,1264.42,284.8,73.45,0.1245,0,normal
2025-01-01T00:24:13.500000,1219.93,280.92,70.88,0.1175,1292.57,289.35,73.33,0.1222,0,normal
2025-01-01T00:24:14,1168.3,293.29,72.69,0.1226,1115.25,291.67,70.97,0.1121,0,normal
2025-01-01T00:24:14.500000,1177.11,279.59,70.15,0.1202,1181.44,287.86,76.83,0.1192,0,normal
2025-01-01T00:24:15,1146.12,283.97,73.72,0.1197,1273.41,288.87,66.71,0.1207,0,normal
2025-01-01T00:24:15.500000,1207.13,289.62,74.62,0.1233,1221.14,290.78,71.52,0.1112,0,normal
2025-01-01T00:24:16,1201.0,286.56,70.27,0.1248,1248.26,273.27,75.93,0.1182,0,normal
2025-01-01T00:24:16.500000,1181.32,289.61,71.93,0.1268,1159.06,270.19,71.19,0.1247,0,normal
2025-01-01T00:24:17,1177.75,279.31,72.33,0.1147,1214.72,282.09,73.42,0.1117,0,normal
2025-01-01T00:24:17.500000,1231.16,284.22,73.1,0.1235,1144.44,292.54,67.9,0.1118,0,normal
2025-01-01T00:24:18,1247.14,289.75,74.99,0.1187,1204.92,289.51,71.96,0.1155,0,normal
2025-01-01T00:24:18.500000,1178.49,285.91,70.46,0.1161,1218.89,284.19,74.7,0.1175,0,normal
2025-01-01T00:24:19,1186.05,286.81,70.83,0.1176,1170.31,283.21,77.1,0.1117,0,normal
2025-01-01T00:24:19.500000,1231.09,288.15,74.26,0.1313,1268.71,292.91,68.22,0.1129,0,normal
2025-01-01T00:24:20,1208.64,277.74,72.89,0.1123,1255.31,282.25,72.36,0.1155,0,normal
2025-01-01T00:24:20.500000,1154.44,290.28,73.92,0.1187,1231.77,281.66,72.83,0.1246,0,normal
2025-01-01T00:24:21,1213.32,290.73,72.75,0.1201,1163.45,280.91,74.33,0.111,0,normal
2025-01-01T00:24:21.500000,1226.54,283.8,70.82,0.116,1232.37,284.87,76.58,0.1124,0,normal
2025-01-01T00:24:22,1186.12,284.61,70.92,0.12,1215.34,289.14,76.34,0.1122,0,normal
2025-01-01T00:24:22.500000,1208.11,282.23,72.62,0.1216,1152.63,277.3,73.47,0.1201,0,normal
2025-01-01T00:24:23,1194.73,287.81,73.05,0.1181,1159.1,274.21,72.1,0.1115,0,normal
2025-01-01T00:24:23.500000,1202.39,290.2,71.49,0.1181,1295.9,297.91,69.8,0.1208,0,normal
2025-01-01T00:24:24,1207.89,285.87,74.61,0.1203,1211.39,290.89,75.43,0.1256,0,normal
2025-01-01T00:24:24.500000,1212.91,278.34,71.3,0.1229,1212.02,292.06,77.44,0.1129,0,normal
2025-01-01T00:24:25,1227.31,283.59,73.35,0.1199,1302.1,286.11,70.16,0.1225,0,normal
2025-01-01T00:24:25.500000,1207.77,289.87,72.65,0.1289,1194.65,284.15,70.26,0.1205,0,normal
2025-01-01T00:24:26,1205.55,286.2,72.1,0.1178,1157.68,281.79,75.29,0.1281,0,normal
2025-01-01T00:24:26.500000,1198.15,280.97,71.88,0.1275,1247.95,289.71,74.77,0.1292,0,normal
2025-01-01T00:24:27,1172.33,283.32,71.24,0.1221,1207.69,291.47,70.54,0.1282,0,normal
2025-01-01T00:24:27.500000,1198.34,287.97,73.72,0.124,1217.32,292.01,77.02,0.1231,0,normal
2025-01-01T00:24:28,1182.49,287.49,71.95,0.1115,1222.18,286.0,75.33,0.1155,0,normal
2025-01-01T00:24:28.500000,1163.86,285.72,72.55,0.1203,1200.99,275.86,71.6,0.1179,0,normal
2025-01-01T00:24:29,1225.75,286.62,71.6,0.1262,1187.09,289.77,71.52,0.1298,0,normal
2025-01-01T00:24:29.500000,1202.08,285.5,71.8,0.1207,1257.58,292.23,72.08,0.1302,0,normal
2025-01-01T00:24:30,1220.95,283.13,70.01,0.1185,1219.84,290.11,75.91,0.1134,0,normal
2025-01-01T00:24:30.500000,1189.46,279.97,70.07,0.1177,1217.6,291.6,69.27,0.1151,0,normal
2025-01-01T00:24:31,1157.28,285.92,70.95,0.126,1219.67,283.53,70.15,0.111,0,normal
2025-01-01T00:24:31.500000,1167.17,282.34,70.99,0.1164,1218.1,289.4,70.68,0.1316,0,normal
2025-01-01T00:24:32,1158.08,285.25,71.69,0.118,1166.51,284.94,71.35,0.1176,0,normal
2025-01-01T00:24:32.500000,1168.83,278.08,71.58,0.1186,1190.54,284.07,70.5,0.1187,0,normal
2025-01-01T00:24:33,1179.52,291.51,70.85,0.1187,1165.26,278.67,72.07,0.1194,0,normal
2025-01-01T00:24:33.500000,1188.97,283.79,70.96,0.1214,1298.65,277.52,73.13,0.1203,0,normal
2025-01-01T00:24:34,1216.05,287.98,72.3,0.1199,1179.15,278.46,71.72,0.1123,0,normal
2025-01-01T00:24:34.500000,1185.75,289.73,72.14,0.1232,1270.54,283.49,72.6,0.1182,0,normal
2025-01-01T00:24:35,1180.5,280.93,73.21,0.1208,1288.64,293.31,69.89,0.125,0,normal
2025-01-01T00:24:35.500000,1192.68,290.2,71.3,0.1162,1161.8,278.63,69.58,0.1166,0,normal
2025-01-01T00:24:36,1220.56,292.68,70.08,0.1245,1177.07,287.97,67.24,0.1231,0,normal
2025-01-01T00:24:36.500000,1151.87,286.34,72.37,0.1207,1164.72,289.7,73.13,0.1187,0,normal
2025-01-01T00:24:37,1216.12,284.59,72.76,0.1195,1210.4,289.91,70.85,0.1126,0,normal
2025-01-01T00:24:37.500000,1206.63,290.08,72.43,0.1211,1197.98,291.32,71.46,0.1173,0,normal
2025-01-01T00:24:38,1226.53,282.73,73.28,0.124,1227.21,274.32,72.08,0.1188,0,normal
2025-01-01T00:24:38.500000,1188.1,285.61,73.11,0.1183,1191.77,282.94,75.35,0.1185,0,normal
2025-01-01T00:24:39,1170.37,278.27,72.52,0.1173,1232.1,273.62,70.45,0.112,0,normal
2025-01-01T00:24:39.500000,1210.43,287.77,72.49,0.1161,1164.2,287.0,67.14,0.1186,0,normal
2025-01-01T00:24:40,1236.41,284.23,69.86,0.1178,1169.73,303.3,76.8,0.1244,0,normal
2025-01-01T00:24:40.500000,1191.77,290.13,70.37,0.1239,1244.54,283.71,75.28,0.1173,0,normal
2025-01-01T00:24:41,1169.64,289.18,71.88,0.1222,1287.4,278.82,71.59,0.1294,0,normal
2025-01-01T00:24:41.500000,1216.05,282.01,70.62,0.1181,1164.56,287.03,72.23,0.1217,0,normal
2025-01-01T00:24:42,1179.82,284.7,69.04,0.1205,1256.42,272.82,73.39,0.1163,0,normal
2025-01-01T00:24:42.500000,1219.26,285.68,72.58,0.1202,1263.76,287.97,69.97,0.1206,0,normal
2025-01-01T00:24:43,1191.15,285.69,71.4,0.1176,1209.57,285.48,75.06,0.1175,0,normal
2025-01-01T00:24:43.500000,1152.46,283.44,69.66,0.1215,1119.65,276.55,70.96,0.1293,0,normal
2025-01-01T00:24:44,1174.25,285.05,72.84,0.1253,1237.33,294.35,74.49,0.1127,0,normal
2025-01-01T00:24:44.500000,1208.63,288.63,70.62,0.1179,1161.45,291.61,71.8,0.1181,0,normal
2025-01-01T00:24:45,1169.24,284.71,71.18,0.1209,1145.14,286.52,70.74,0.1125,0,normal
2025-01-01T00:24:45.500000,1168.15,279.97,71.7,0.1204,1212.95,287.63,69.82,0.1264,0,normal
2025-01-01T00:24:46,1189.39,286.92,71.76,0.1214,1189.71,288.37,71.98,0.1249,0,normal
2025-01-01T00:24:46.500000,1180.35,277.43,70.6,0.1238,1192.58,285.79,68.97,0.1204,0,normal
2025-01-01T00:24:47,1175.45,281.26,71.42,0.1216,1226.49,289.95,67.43,0.12,0,normal
2025-01-01T00:24:47.500000,1195.28,278.45,72.02,0.1191,1224.55,285.69,70.42,0.1256,0,normal
2025-01-01T00:24:48,1146.69,284.73,69.46,0.1167,1225.19,274.11,67.9,0.1343,0,normal
2025-01-01T00:24:48.500000,1167.38,292.06,71.75,0.1181,1227.21,296.43,68.7,0.1169,0,normal
2025-01-01T00:24:49,1220.32,286.23,73.59,0.1219,1286.79,286.53,72.64,0.1219,0,normal
2025-01-01T00:24:49.500000,1196.58,288.63,72.34,0.1228,1245.34,288.66,73.44,0.1139,0,normal
2025-01-01T00:24:50,1186.79,288.61,74.05,0.113,1172.74,285.2,69.47,0.1151,0,normal
2025-01-01T00:24:50.500000,1211.4,291.76,69.07,0.1194,1222.24,291.67,72.92,0.1306,0,normal
2025-01-01T00:24:51,1200.69,290.61,71.07,0.1202,1141.79,292.7,71.65,0.1221,0,normal
2025-01-01T00:24:51.500000,1192.48,287.51,72.57,0.1164,1155.04,284.76,73.9,0.1312,0,normal
2025-01-01T00:24:52,1207.27,289.31,69.68,0.1272,1229.07,284.58,71.53,0.1134,0,normal
2025-01-01T00:24:52.500000,1180.29,293.17,70.58,0.1164,1166.29,274.76,72.04,0.1265,0,normal
2025-01-01T00:24:53,1185.35,279.13,72.42,0.1198,1248.13,281.11,71.25,0.1191,0,normal
2025-01-01T00:24:53.500000,1202.14,283.32,71.2,0.1133,1172.86,291.12,74.45,0.1172,0,normal
2025-01-01T00:24:54,1231.19,284.88,70.07,0.1141,1258.48,281.81,68.5,0.1064,0,normal
2025-01-01T00:24:54.500000,1190.5,286.73,71.0,0.1162,1173.63,295.63,67.99,0.1161,0,normal
2025-01-01T00:24:55,1229.06,287.11,72.26,0.1177,1201.46,280.4,69.52,0.1135,0,normal
2025-01-01T00:24:55.500000,1218.82,284.74,72.45,0.1205,1221.16,282.82,70.61,0.1151,0,normal
2025-01-01T00:24:56,1166.06,280.2,71.47,0.1142,1133.65,293.91,72.65,0.1173,0,normal
2025-01-01T00:24:56.500000,1254.52,277.95,73.4,0.1196,1237.68,285.93,66.61,0.1206,0,normal
2025-01-01T00:24:57,1208.05,275.63,74.8,0.1211,1232.26,275.03,73.99,0.1265,0,normal
2025-01-01T00:24:57.500000,1206.09,284.96,70.71,0.1192,1175.42,289.89,69.55,0.1234,0,normal
2025-01-01T00:24:58,1179.86,283.88,72.89,0.1175,1231.23,289.73,71.22,0.127,0,normal
2025-01-01T00:24:58.500000,1201.87,289.71,74.58,0.1191,1230.96,279.55,69.03,0.1188,0,normal
2025-01-01T00:24:59,1167.3,280.99,72.85,0.1182,1234.1,287.56,77.33,0.1231,0,normal
2025-01-01T00:24:59.500000,1226.74,286.72,72.45,0.1242,1232.1,286.8,72.59,0.1232,0,normal
2025-01-01T00:25:00,1183.89,281.95,74.05,0.1267,1155.41,279.28,75.29,0.1232,0,normal
2025-01-01T00:25:00.500000,1216.23,288.83,71.65,0.1212,1212.11,277.66,72.91,0.1274,0,normal
2025-01-01T00:25:01,1191.98,285.65,72.3,0.119,1232.49,279.19,75.84,0.1238,0,normal
2025-01-01T00:25:01.500000,1177.52,292.26,72.24,0.1174,1253.02,289.23,66.9,0.1168,0,normal
2025-01-01T00:25:02,1206.7,275.77,72.12,0.1206,1143.19,287.31,72.02,0.1129,0,normal
2025-01-01T00:25:02.500000,1222.07,288.58,71.58,0.1193,1234.86,283.28,66.44,0.1229,0,normal
2025-01-01T00:25:03,1180.48,283.33,74.1,0.1195,1200.08,289.36,73.46,0.1145,0,normal
2025-01-01T00:25:03.500000,1198.55,285.15,72.39,0.121,1324.2,274.95,74.82,0.1271,0,normal
2025-01-01T00:25:04,1211.83,282.22,74.4,0.1121,1167.2,295.02,70.93,0.1296,0,normal
2025-01-01T00:25:04.500000,1163.72,280.25,71.23,0.1215,1189.34,280.81,76.09,0.1291,0,normal
2025-01-01T00:25:05,1190.05,277.69,68.89,0.1209,1231.49,285.54,71.8,0.1152,0,normal
2025-01-01T00:25:05.500000,1215.72,292.17,68.81,0.1197,1153.42,272.26,68.75,0.1223,0,normal
2025-01-01T00:25:06,1209.72,291.24,72.01,0.1137,1188.57,273.15,68.52,0.1235,0,normal
2025-01-01T00:25:06.500000,1204.66,287.51,71.49,0.1228,1180.16,294.55,72.99,0.1188,0,normal
2025-01-01T00:25:07,1205.09,284.92,74.3,0.1209,1199.92,282.96,74.43,0.1242,0,normal
2025-01-01T00:25:07.500000,1193.43,280.06,70.7,0.1193,1264.75,282.86,70.29,0.1094,0,normal
2025-01-01T00:25:08,1236.32,287.43,73.15,0.1235,1192.09,285.72,76.29,0.1211,0,normal
2025-01-01T00:25:08.500000,1214.1,288.72,72.93,0.1195,1198.37,291.65,74.23,0.127,0,normal
2025-01-01T00:25:09,1213.23,287.55,71.36,0.1179,1237.47,280.09,71.94,0.1283,0,normal
2025-01-01T00:25:09.500000,1229.29,286.29,71.57,0.1196,1241.65,284.69,70.39,0.1273,0,normal
2025-01-01T00:25:10,1204.36,282.53,72.69,0.1235,1151.63,283.29,71.29,0.1227,0,normal
2025-01-01T00:25:10.500000,1215.17,282.64,69.85,0.1237,1146.24,287.32,71.62,0.121,0,normal
2025-01-01T00:25:11,1239.63,297.99,69.65,0.1235,1192.5,293.96,74.76,0.1285,0,normal
2025-01-01T00:25:11.500000,1206.84,281.2,73.34,0.1204,1188.78,280.93,74.9,0.1296,0,normal
2025-01-01T00:25:12,1171.31,287.66,71.46,0.1147,1207.09,277.88,67.46,0.1153,0,normal
2025-01-01T00:25:12.500000,1175.33,282.24,70.09,0.1186,1165.76,288.21,73.71,0.1216,0,normal
2025-01-01T00:25:13,1194.35,283.88,70.79,0.1171,1233.77,269.95,71.77,0.1181,0,normal
2025-01-01T00:25:13.500000,1214.38,278.91,72.02,0.1212,1108.57,275.81,71.74,0.1231,0,normal
2025-01-01T00:25:14,1204.38,287.4,70.45,0.1143,1204.06,274.49,69.51,0.1256,0,normal
2025-01-01T00:25:14.500000,1204.54,282.57,70.99,0.1222,1210.17,274.62,66.39,0.1313,0,normal
2025-01-01T00:25:15,1170.66,287.26,74.18,0.1205,1171.18,272.81,67.85,0.1223,0,normal
2025-01-01T00:25:15.500000,1234.82,283.31,71.2,0.1225,1167.07,287.35,72.12,0.1175,0,normal
2025-01-01T00:25:16,1199.63,292.54,72.87,0.1239,1155.9,294.37,73.84,0.111,0,normal
2025-01-01T00:25:16.500000,1212.95,282.81,69.77,0.1205,1225.87,286.3,71.69,0.118,0,normal
2025-01-01T00:25:17,1259.2,279.94,73.26,0.1201,1158.99,284.59,67.99,0.1164,0,normal
2025-01-01T00:25:17.500000,1198.87,278.37,72.73,0.1165,1130.32,275.76,78.27,0.1081,0,normal
2025-01-01T00:25:18,1210.47,281.79,71.5,0.1222,1226.63,279.18,68.09,0.1237,0,normal
2025-01-01T00:25:18.500000,1213.26,283.78,72.64,0.1184,1160.3,285.03,73.49,0.1219,0,normal
2025-01-01T00:25:19,1212.22,281.75,74.28,0.1188,1194.29,273.73,71.44,0.1232,0,normal
2025-01-01T00:25:19.500000,1218.3,291.68,72.75,0.121,1178.58,279.34,74.79,0.1257,0,normal
2025-01-01T00:25:20,1174.15,288.09,72.94,0.116,1225.94,276.03,65.0,0.119,0,normal
2025-01-01T00:25:20.500000,1206.19,284.51,76.13,0.1214,1207.06,288.67,70.73,0.1256,0,normal
2025-01-01T00:25:21,1208.66,286.35,71.1,0.1144,1175.93,287.42,70.72,0.1218,0,normal
2025-01-01T00:25:21.500000,1194.42,286.84,70.59,0.1207,1169.23,271.85,71.52,0.1292,0,normal
2025-01-01T00:25:22,1164.99,285.51,73.15,0.1283,1176.34,279.6,68.64,0.1268,0,normal
2025-01-01T00:25:22.500000,1179.18,283.42,69.34,0.1232,1255.6,292.23,67.38,0.1236,0,normal
2025-01-01T00:25:23,1159.86,285.25,72.3,0.1211,1225.66,284.93,66.35,0.1232,0,normal
2025-01-01T00:25:23.500000,1202.34,281.14,69.74,0.1255,1259.1,291.04,70.05,0.1049,0,normal
2025-01-01T00:25:24,1218.35,286.57,71.46,0.124,1240.7,286.51,72.1,0.1203,0,normal
2025-01-01T00:25:24.500000,1216.32,281.33,72.61,0.1167,1264.15,289.55,70.02,0.1205,0,normal
2025-01-01T00:25:25,1179.51,291.43,74.34,0.1225,1274.72,286.3,74.2,0.1273,0,normal
2025-01-01T00:25:25.500000,1199.86,285.3,73.34,0.1223,1163.74,266.3,71.49,0.1074,0,normal
2025-01-01T00:25:26,1176.22,281.26,71.18,0.123,1249.81,289.35,73.82,0.1239,0,normal
2025-01-01T00:25:26.500000,1140.08,285.04,69.41,0.1218,1099.53,283.46,73.58,0.1133,0,normal
2025-01-01T00:25:27,1223.08,287.17,72.55,0.1225,1182.76,286.3,72.03,0.1199,0,normal
2025-01-01T00:25:27.500000,1183.87,279.69,71.51,0.1186,1164.64,292.29,68.62,0.119,0,normal
2025-01-01T00:25:28,1227.99,288.89,73.75,0.1179,1237.65,275.91,71.21,0.1189,0,normal
2025-01-01T00:25:28.500000,1186.18,283.45,71.29,0.1165,1241.11,283.44,72.58,0.121,0,normal
2025-01-01T00:25:29,1201.31,285.4,71.56,0.1251,1236.52,285.16,70.71,0.1193,0,normal
2025-01-01T00:25:29.500000,1210.02,291.41,70.02,0.1224,1254.08,272.29,71.48,0.1136,0,normal
2025-01-01T00:25:30,1210.33,283.47,71.81,0.1185,1234.57,286.96,72.67,0.121,0,normal
2025-01-01T00:25:30.500000,1213.74,283.88,74.45,0.1156,1117.16,269.54,66.01,0.124,0,normal
2025-01-01T00:25:31,1213.23,290.16,70.48,0.1227,1202.73,286.42,73.8,0.1155,0,normal
2025-01-01T00:25:31.500000,1262.09,290.69,71.23,0.1161,1195.78,286.56,75.07,0.113,0,normal
2025-01-01T00:25:32,1206.85,278.46,72.63,0.1196,1292.96,271.78,75.95,0.1098,0,normal
2025-01-01T00:25:32.500000,1168.15,277.83,72.36,0.1158,1135.28,286.73,73.3,0.1202,0,normal
2025-01-01T00:25:33,1196.11,292.82,72.21,0.1229,1206.86,275.61,73.58,0.1161,0,normal
2025-01-01T00:25:33.500000,1197.82,286.31,69.2,0.1142,1243.65,279.32,70.22,0.121,0,normal
2025-01-01T00:25:34,1190.74,286.79,71.93,0.1207,1166.31,286.66,75.18,0.1166,0,normal
2025-01-01T00:25:34.500000,1221.97,284.78,73.06,0.1205,1198.4,287.99,75.5,0.1214,0,normal
2025-01-01T00:25:35,1211.48,283.42,74.26,0.1223,1203.73,283.95,74.82,0.1164,0,normal
2025-01-01T00:25:35.500000,1157.21,285.31,73.71,0.1257,1194.85,285.37,73.5,0.1184,0,normal
2025-01-01T00:25:36,1212.39,284.63,73.46,0.1226,1238.89,283.24,77.55,0.1229,0,normal
2025-01-01T00:25:36.500000,1205.94,281.75,71.86,0.1204,1162.19,282.5,71.52,0.1203,0,normal
2025-01-01T00:25:37,1157.7,284.42,71.46,0.1199,1249.69,302.55,73.95,0.1126,0,normal
2025-01-01T00:25:37.500000,1191.71,287.55,72.7,0.1236,1195.33,281.89,77.05,0.1204,0,normal
2025-01-01T00:25:38,1175.6,291.31,69.85,0.1074,1236.93,292.79,73.19,0.1122,0,normal
2025-01-01T00:25:38.500000,1198.59,283.81,71.23,0.1251,1149.76,287.7,75.44,0.1223,0,normal
2025-01-01T00:25:39,1229.79,287.41,72.62,0.1213,1229.45,281.7,68.25,0.1257,0,normal
2025-01-01T00:25:39.500000,1227.88,286.08,71.21,0.1144,1204.12,273.47,67.71,0.1199,0,normal
2025-01-01T00:25:40,1181.67,286.48,71.77,0.1178,1118.16,277.71,69.65,0.1126,0,normal
2025-01-01T00:25:40.500000,1192.1,280.1,71.76,0.1209,1160.34,288.64,68.08,0.1133,0,normal
2025-01-01T00:25:41,1197.28,287.94,73.25,0.1258,1181.92,283.91,69.03,0.1125,0,normal
2025-01-01T00:25:41.500000,1205.49,281.68,73.77,0.1147,1223.34,276.4,69.64,0.1232,0,normal
2025-01-01T00:25:42,1183.78,282.8,70.83,0.1264,1170.36,285.44,71.42,0.1213,0,normal
2025-01-01T00:25:42.500000,1185.25,284.14,72.57,0.1169,1252.29,295.14,73.75,0.1204,0,normal
2025-01-01T00:25:43,1128.23,286.81,71.44,0.1191,1108.93,289.22,67.83,0.1207,0,normal
2025-01-01T00:25:43.500000,1221.71,282.99,73.75,0.1173,1228.82,273.84,74.97,0.1253,0,normal
2025-01-01T00:25:44,1211.24,283.32,69.98,0.1186,1253.29,286.11,67.53,0.1133,0,normal
2025-01-01T00:25:44.500000,1230.08,287.09,70.22,0.1136,1170.0,269.17,71.55,0.1347,0,normal
2025-01-01T00:25:45,1161.67,284.2,73.89,0.1227,1192.86,283.75,68.67,0.1184,0,normal
2025-01-01T00:25:45.500000,1205.84,289.72,71.11,0.1193,1154.44,286.93,74.26,0.1238,0,normal
2025-01-01T00:25:46,1171.92,285.63,71.02,0.1236,1192.26,272.01,71.37,0.1228,0,normal
2025-01-01T00:25:46.500000,1205.86,282.81,71.16,0.1164,1181.05,277.68,74.79,0.1146,0,normal
2025-01-01T00:25:47,1202.93,285.23,73.36,0.1239,1233.41,288.02,68.98,0.1136,0,normal
2025-01-01T00:25:47.500000,1179.7,288.21,72.11,0.1231,1248.13,278.79,72.09,0.1199,0,normal
2025-01-01T00:25:48,1192.13,282.71,73.71,0.1202,1200.63,278.14,73.94,0.114,0,normal
2025-01-01T00:25:48.500000,1210.92,287.06,71.41,0.1211,1208.91,284.66,72.04,0.1204,0,normal
2025-01-01T00:25:49,1203.12,285.26,70.41,0.1195,1212.72,285.83,74.75,0.1237,0,normal
2025-01-01T00:25:49.500000,1179.11,284.29,71.55,0.12,1199.86,290.23,72.51,0.1274,0,normal
2025-01-01T00:25:50,1205.78,281.45,71.33,0.1222,1122.52,273.49,72.03,0.1257,0,normal
2025-01-01T00:25:50.500000,1231.37,284.07,73.53,0.1203,1126.49,284.93,70.22,0.1255,0,normal
2025-01-01T00:25:51,1199.38,279.54,69.84,0.1199,1083.83,280.57,72.67,0.1137,0,normal
2025-01-01T00:25:51.500000,1223.86,290.09,70.54,0.1189,1247.75,284.99,67.98,0.1191,0,normal
2025-01-01T00:25:52,1179.53,289.74,72.87,0.1189,1206.82,273.82,69.83,0.1293,0,normal
2025-01-01T00:25:52.500000,1201.28,288.98,72.33,0.1247,1104.06,283.39,76.74,0.1257,0,normal
2025-01-01T00:25:53,1231.81,284.97,71.23,0.1163,1147.35,291.9,73.48,0.1196,0,normal
2025-01-01T00:25:53.500000,1212.2,285.61,73.39,0.1234,1148.84,287.34,67.19,0.1208,0,normal
2025-01-01T00:25:54,1214.5,279.38,71.4,0.12,1211.23,282.62,68.62,0.1197,0,normal
2025-01-01T00:25:54.500000,1160.35,284.01,71.36,0.1195,1173.15,272.11,70.94,0.1256,0,normal
2025-01-01T00:25:55,1230.28,295.43,74.44,0.1157,1180.39,284.81,71.75,0.1204,0,normal
2025-01-01T00:25:55.500000,1257.78,280.37,70.97,0.1259,1170.43,288.37,74.98,0.1229,0,normal
2025-01-01T00:25:56,1204.6,289.01,70.71,0.1182,1225.71,267.31,76.08,0.1218,0,normal
2025-01-01T00:25:56.500000,1203.67,278.03,70.15,0.1186,1238.76,267.24,74.27,0.1178,0,normal
2025-01-01T00:25:57,1194.64,286.08,72.39,0.1174,1230.0,265.17,70.7,0.1209,0,normal
2025-01-01T00:25:57.500000,1191.72,277.19,73.09,0.1155,1196.76,286.31,72.06,0.127,0,normal
2025-01-01T00:25:58,1198.72,286.83,71.92,0.1222,1266.89,286.18,74.25,0.1287,0,normal
2025-01-01T00:25:58.500000,1232.57,283.35,73.49,0.1209,1253.63,289.86,72.79,0.1226,0,normal
2025-01-01T00:25:59,1206.13,286.26,71.77,0.1191,1284.63,289.08,70.35,0.1183,0,normal
2025-01-01T00:25:59.500000,1225.35,281.85,69.87,0.1149,1117.01,273.9,68.6,0.1283,0,normal
2025-01-01T00:26:00,1198.89,283.45,69.92,0.1195,1116.61,281.84,77.95,0.124,0,normal
2025-01-01T00:26:00.500000,1194.96,287.98,71.25,0.1171,1281.8,275.23,70.98,0.1218,0,normal
2025-01-01T00:26:01,1177.53,287.78,71.56,0.1224,1228.13,282.92,76.93,0.116,0,normal
2025-01-01T00:26:01.500000,1232.37,290.02,74.55,0.1206,1162.15,302.76,71.04,0.1151,0,normal
2025-01-01T00:26:02,1195.45,280.8,72.76,0.1178,1186.2,293.27,73.8,0.1201,0,normal
2025-01-01T00:26:02.500000,1204.1,285.05,71.38,0.12,1223.56,283.92,73.21,0.115,0,normal
2025-01-01T00:26:03,1185.51,281.86,71.19,0.1246,1234.85,275.79,73.26,0.1177,0,normal
2025-01-01T00:26:03.500000,1183.62,278.65,73.4,0.1151,1197.51,276.91,74.23,0.118,0,normal
2025-01-01T00:26:04,1196.77,284.57,72.44,0.12,1197.92,280.57,67.46,0.1133,0,normal
2025-01-01T00:26:04.500000,1217.24,283.69,71.04,0.1149,1117.46,278.99,74.56,0.1167,0,normal
2025-01-01T00:26:05,1209.61,282.42,72.92,0.1187,1140.87,282.7,77.28,0.1307,0,normal
2025-01-01T00:26:05.500000,1211.68,284.41,72.44,0.1211,1198.09,288.77,72.6,0.1181,0,normal
2025-01-01T00:26:06,1171.31,283.03,73.15,0.1199,1214.41,282.58,68.95,0.1186,0,normal
2025-01-01T00:26:06.500000,1175.46,280.36,73.74,0.1185,1164.41,298.83,74.35,0.1178,0,normal
2025-01-01T00:26:07,1210.26,283.99,71.0,0.1217,1184.43,285.65,74.94,0.1255,0,normal
2025-01-01T00:26:07.500000,1186.8,287.08,70.38,0.1216,1207.13,288.24,71.14,0.1325,0,normal
2025-01-01T00:26:08,1178.37,289.15,70.51,0.1218,1227.64,285.47,70.57,0.1208,0,normal
2025-01-01T00:26:08.500000,1206.41,292.65,70.74,0.118,1213.67,282.81,71.71,0.1264,0,normal
2025-01-01T00:26:09,1132.31,282.44,69.49,0.1157,1315.42,290.11,74.74,0.1195,0,normal
2025-01-01T00:26:09.500000,1218.21,277.45,73.5,0.117,1174.5,289.32,72.91,0.1205,0,normal
2025-01-01T00:26:10,1167.29,285.43,73.38,0.1181,1263.12,277.54,72.02,0.1292,0,normal
2025-01-01T00:26:10.500000,1183.65,289.51,74.84,0.1206,1174.7,278.39,75.76,0.1277,0,normal
2025-01-01T00:26:11,1234.78,284.86,73.49,0.1198,1157.61,294.61,76.71,0.1139,0,normal
2025-01-01T00:26:11.500000,1175.05,285.17,73.38,0.1159,1210.9,279.95,74.02,0.1152,0,normal
2025-01-01T00:26:12,1218.52,284.32,70.65,0.1202,1106.98,280.22,72.97,0.1094,0,normal
2025-01-01T00:26:12.500000,1138.29,275.0,73.91,0.1197,1174.44,293.08,70.84,0.1216,0,normal
2025-01-01T00:26:13,1200.62,282.99,72.42,0.1228,1191.12,281.06,71.01,0.1062,0,normal
2025-01-01T00:26:13.500000,1206.79,279.83,72.91,0.1197,1205.05,290.99,69.33,0.1222,0,normal
2025-01-01T00:26:14,1206.42,284.21,70.66,0.1221,1233.77,285.97,68.92,0.1168,0,normal
2025-01-01T00:26:14.500000,1198.55,287.94,69.72,0.118,1180.67,284.29,68.25,0.1187,0,normal
2025-01-01T00:26:15,1192.55,280.56,71.83,0.1181,1223.79,277.43,72.26,0.1151,0,normal
2025-01-01T00:26:15.500000,1185.61,286.27,72.34,0.1185,1187.07,272.57,76.04,0.1241,0,normal
2025-01-01T00:26:16,1215.63,278.18,71.14,0.1188,1107.31,292.61,76.19,0.1324,0,normal
2025-01-01T00:26:16.500000,1174.9,285.5,73.9,0.1191,1172.78,269.05,75.26,0.1199,0,normal
2025-01-01T00:26:17,1182.5,286.21,72.22,0.1206,1189.58,298.87,71.62,0.1297,0,normal
2025-01-01T00:26:17.500000,1213.54,286.5,71.84,0.1235,1205.42,277.03,69.22,0.1225,0,normal
2025-01-01T00:26:18,1178.22,284.73,73.52,0.1211,1165.34,297.06,73.58,0.1261,0,normal
2025-01-01T00:26:18.500000,1145.58,286.41,73.21,0.1261,1129.74,295.31,76.74,0.1079,0,normal
2025-01-01T00:26:19,1211.49,287.64,71.53,0.1182,1232.06,279.74,71.37,0.1249,0,normal
2025-01-01T00:26:19.500000,1242.1,287.3,72.19,0.1181,1151.49,294.49,71.56,0.1269,0,normal
2025-01-01T00:26:20,1192.09,282.22,72.61,0.1197,1142.13,300.54,70.19,0.1256,0,normal
2025-01-01T00:26:20.500000,1220.2,279.62,70.56,0.1189,1158.45,299.76,71.42,0.1253,0,normal
2025-01-01T00:26:21,1212.33,286.13,72.06,0.1245,1160.4,299.76,68.29,0.1247,0,normal
2025-01-01T00:26:21.500000,1166.28,283.65,72.13,0.1182,1191.28,273.14,69.16,0.123,0,normal
2025-01-01T00:26:22,1200.71,282.05,73.91,0.1156,1182.64,280.68,73.77,0.1203,0,normal
2025-01-01T00:26:22.500000,1197.4,277.12,73.25,0.1192,1205.55,278.6,69.39,0.129,0,normal
2025-01-01T00:26:23,1157.44,280.49,74.13,0.1223,1184.38,295.66,73.29,0.1214,0,normal
2025-01-01T00:26:23.500000,1205.41,286.99,72.73,0.1279,1190.65,283.6,68.44,0.1197,0,normal
2025-01-01T00:26:24,1244.71,289.21,71.22,0.1201,1137.77,276.71,72.43,0.117,0,normal
2025-01-01T00:26:24.500000,1174.93,287.09,71.88,0.1144,1100.39,280.13,67.43,0.1088,0,normal
2025-01-01T00:26:25,1227.1,284.58,71.62,0.1193,1145.38,288.51,71.62,0.1155,0,normal
2025-01-01T00:26:25.500000,1185.42,279.75,71.42,0.1191,1179.25,285.47,71.77,0.1214,0,normal
2025-01-01T00:26:26,1222.63,287.54,73.37,0.1169,1175.59,290.59,73.93,0.1159,0,normal
2025-01-01T00:26:26.500000,1214.68,280.97,72.69,0.1199,1133.55,281.29,78.28,0.1212,0,normal
2025-01-01T00:26:27,1255.21,278.83,73.08,0.1109,1199.99,290.4,74.41,0.1152,0,normal
2025-01-01T00:26:27.500000,1224.94,282.72,71.76,0.1184,1145.45,298.42,72.14,0.1265,0,normal
2025-01-01T00:26:28,1225.07,280.86,73.75,0.1218,1150.04,288.84,69.05,0.1296,0,normal
2025-01-01T00:26:28.500000,1219.53,284.7,73.82,0.1143,1164.03,282.84,78.44,0.1136,0,normal
2025-01-01T00:26:29,1159.02,278.83,73.3,0.1179,1192.36,291.52,71.54,0.1212,0,normal
2025-01-01T00:26:29.500000,1212.85,283.16,71.76,0.1209,1241.67,278.23,63.3,0.1241,0,normal
2025-01-01T00:26:30,1222.27,285.86,72.39,0.118,1224.01,292.29,72.16,0.1349,0,normal
2025-01-01T00:26:30.500000,1162.47,285.7,70.31,0.1232,1124.09,273.59,70.18,0.1216,0,normal
2025-01-01T00:26:31,1185.71,282.5,71.74,0.1191,1271.4,290.86,71.07,0.1326,0,normal
2025-01-01T00:26:31.500000,1211.8,280.86,72.37,0.1219,1166.99,276.0,72.25,0.1178,0,normal
2025-01-01T00:26:32,1235.5,288.17,71.08,0.1215,1260.82,273.08,69.05,0.1199,0,normal
2025-01-01T00:26:32.500000,1200.85,284.78,71.55,0.1188,1218.44,294.7,70.61,0.1346,0,normal
2025-01-01T00:26:33,1247.06,290.68,72.9,0.1272,1186.07,277.88,70.49,0.114,0,normal
2025-01-01T00:26:33.500000,1202.92,286.28,72.29,0.12,1206.39,299.85,73.79,0.1255,0,normal
2025-01-01T00:26:34,1204.58,278.09,69.39,0.1275,1174.47,279.73,72.71,0.1233,0,normal
2025-01-01T00:26:34.500000,1216.24,292.59,74.16,0.1171,1246.5,281.72,71.6,0.1134,0,normal
2025-01-01T00:26:35,1159.37,284.87,70.62,0.1233,1186.51,287.64,75.94,0.1111,0,normal
2025-01-01T00:26:35.500000,1182.61,285.77,72.45,0.124,1241.62,285.83,72.87,0.122,0,normal
2025-01-01T00:26:36,1164.73,284.33,72.36,0.1217,1155.63,274.15,71.32,0.1318,0,normal
2025-01-01T00:26:36.500000,1180.34,290.02,74.28,0.1202,1167.37,289.38,72.56,0.1148,0,normal
2025-01-01T00:26:37,1184.19,286.94,73.34,0.1188,1196.68,290.72,71.5,0.1182,0,normal
2025-01-01T00:26:37.500000,1181.87,281.7,75.84,0.1193,1265.52,299.4,71.47,0.1222,0,normal
2025-01-01T00:26:38,1202.46,278.11,69.77,0.1202,1179.6,301.17,71.32,0.1317,0,normal
2025-01-01T00:26:38.500000,1188.57,293.17,72.73,0.122,1175.44,289.93,76.88,0.1191,0,normal
2025-01-01T00:26:39,1191.85,283.95,74.33,0.1231,1269.49,287.68,72.11,0.1225,0,normal
2025-01-01T00:26:39.500000,1225.68,283.94,73.97,0.1213,1084.5,292.55,68.34,0.1252,0,normal
2025-01-01T00:26:40,1221.64,286.41,72.78,0.124,1176.21,291.78,75.35,0.1306,0,normal
2025-01-01T00:26:40.500000,1173.46,286.75,70.62,0.1164,1217.23,285.66,75.3,0.1179,0,normal
2025-01-01T00:26:41,1196.78,285.9,70.76,0.1174,1253.57,280.31,75.41,0.1236,0,normal
2025-01-01T00:26:41.500000,1162.86,287.27,72.75,0.1215,1193.19,276.96,75.88,0.1194,0,normal
2025-01-01T00:26:42,1178.8,286.96,70.93,0.1166,1181.98,279.31,69.37,0.1248,0,normal
2025-01-01T00:26:42.500000,1197.27,290.35,70.77,0.1138,1207.14,300.87,73.53,0.1393,0,normal
2025-01-01T00:26:43,1207.97,286.01,68.9,0.1215,1208.1,281.52,71.61,0.1196,0,normal
2025-01-01T00:26:43.500000,1195.68,293.93,71.47,0.1206,1180.61,291.7,72.51,0.1183,0,normal
2025-01-01T00:26:44,1153.78,286.04,71.55,0.1198,1143.24,297.25,74.47,0.1286,0,normal
2025-01-01T00:26:44.500000,1227.53,287.53,70.36,0.1266,1155.47,282.71,74.04,0.1245,0,normal
2025-01-01T00:26:45,1213.73,283.29,71.13,0.1291,1198.11,283.62,69.94,0.1215,0,normal
2025-01-01T00:26:45.500000,1204.75,284.93,72.55,0.1263,1171.44,285.37,70.13,0.1218,0,normal
2025-01-01T00:26:46,1186.36,282.75,69.9,0.1204,1220.63,300.91,73.35,0.1173,0,normal
2025-01-01T00:26:46.500000,1167.37,279.78,70.13,0.1268,1213.81,280.02,69.24,0.1149,0,normal
2025-01-01T00:26:47,1185.38,290.63,71.96,0.1148,1310.9,275.25,70.3,0.1279,0,normal
2025-01-01T00:26:47.500000,1209.96,282.99,70.23,0.1165,1156.49,285.06,72.55,0.1191,0,normal
2025-01-01T00:26:48,1199.06,280.51,72.42,0.1246,1192.19,283.44,72.24,0.1267,0,normal
2025-01-01T00:26:48.500000,1178.53,291.2,72.61,0.1201,1258.24,274.89,73.5,0.1226,0,normal
2025-01-01T00:26:49,1177.55,286.97,72.41,0.1194,1241.42,280.11,72.78,0.1192,0,normal
2025-01-01T00:26:49.500000,1185.25,287.15,71.7,0.1147,1113.55,291.75,68.48,0.1217,0,normal
2025-01-01T00:26:50,1201.32,283.42,74.82,0.1206,1236.27,287.44,71.33,0.1199,0,normal
2025-01-01T00:26:50.500000,1235.01,289.65,74.81,0.1208,1157.91,281.23,68.58,0.1246,0,normal
2025-01-01T00:26:51,1185.94,271.94,75.55,0.1179,1172.32,299.29,68.52,0.1268,0,normal
2025-01-01T00:26:51.500000,1185.9,279.34,74.46,0.1233,1244.16,288.14,73.73,0.1126,0,normal
2025-01-01T00:26:52,1202.68,281.03,70.0,0.1215,1255.59,281.72,71.39,0.1132,0,normal
2025-01-01T00:26:52.500000,1200.17,288.25,73.14,0.122,1170.32,279.44,74.29,0.1249,0,normal
2025-01-01T00:26:53,1195.87,283.18,73.68,0.1187,1235.8,283.83,68.98,0.1297,0,normal
2025-01-01T00:26:53.500000,1202.88,281.96,70.0,0.1154,1182.1,301.46,70.32,0.1287,0,normal
2025-01-01T00:26:54,1196.86,279.95,71.32,0.1154,1158.91,277.43,66.52,0.1291,0,normal
2025-01-01T00:26:54.500000,1205.06,282.07,72.32,0.117,1071.79,310.28,72.55,0.1165,0,normal
2025-01-01T00:26:55,1153.59,278.61,74.38,0.1254,1236.15,275.47,76.35,0.1227,0,normal
2025-01-01T00:26:55.500000,1215.72,286.91,69.83,0.1157,1175.51,290.5,68.02,0.1189,0,normal
2025-01-01T00:26:56,1195.76,288.39,72.97,0.1164,1269.44,275.05,75.15,0.1167,0,normal
2025-01-01T00:26:56.500000,1203.93,285.97,72.28,0.1224,1218.79,291.7,73.34,0.1124,0,normal
2025-01-01T00:26:57,1206.48,282.59,70.4,0.119,1208.8,287.13,75.04,0.1278,0,normal
2025-01-01T00:26:57.500000,1208.07,287.21,72.14,0.1228,1223.38,284.53,78.2,0.1167,0,normal
2025-01-01T00:26:58,1234.91,279.21,73.17,0.1252,1108.45,286.19,74.06,0.1215,0,normal
2025-01-01T00:26:58.500000,1209.08,285.58,70.42,0.1285,1175.83,288.71,70.14,0.1063,0,normal
2025-01-01T00:26:59,1177.81,278.81,73.57,0.1178,1175.32,275.9,72.27,0.1157,0,normal
2025-01-01T00:26:59.500000,1223.82,286.29,71.18,0.1231,1200.38,285.18,67.79,0.1196,0,normal
2025-01-01T00:27:00,1207.72,290.7,70.92,0.1282,1226.73,272.01,69.57,0.1285,0,normal
2025-01-01T00:27:00.500000,1229.84,285.08,72.22,0.1158,1263.43,276.55,74.43,0.1281,0,normal
2025-01-01T00:27:01,1201.16,289.14,74.66,0.121,1191.59,284.43,69.86,0.1154,0,normal
2025-01-01T00:27:01.500000,1210.62,284.3,72.47,0.1146,1195.55,293.81,68.78,0.1201,0,normal
2025-01-01T00:27:02,1155.49,279.42,73.16,0.1189,1287.46,288.7,73.53,0.1135,0,normal
2025-01-01T00:27:02.500000,1190.76,281.87,70.47,0.1224,1241.5,288.41,69.62,0.122,0,normal
2025-01-01T00:27:03,1154.1,290.66,70.13,0.116,1205.53,286.75,71.79,0.1133,0,normal
2025-01-01T00:27:03.500000,1227.2,277.79,69.86,0.1196,1139.32,295.45,68.61,0.1293,0,normal
2025-01-01T00:27:04,1224.84,290.28,74.72,0.1203,1151.38,284.12,70.37,0.1157,0,normal
2025-01-01T00:27:04.500000,1203.62,283.67,70.92,0.1191,1226.35,293.18,67.38,0.1182,0,normal
2025-01-01T00:27:05,1196.61,279.94,71.83,0.1205,1224.9,285.66,69.46,0.1321,0,normal
2025-01-01T00:27:05.500000,1219.9,287.36,73.45,0.1209,1261.74,285.49,72.01,0.1238,0,normal
2025-01-01T00:27:06,1237.83,291.46,72.85,0.1219,1233.41,293.43,75.74,0.1186,0,normal
2025-01-01T00:27:06.500000,1231.63,286.47,72.94,0.125,1235.86,292.83,70.88,0.129,0,normal
2025-01-01T00:27:07,1216.7,285.54,73.59,0.1293,1143.89,278.13,79.73,0.1226,0,normal
2025-01-01T00:27:07.500000,1204.58,284.51,73.74,0.1294,1168.07,284.17,70.99,0.1244,0,normal
2025-01-01T00:27:08,1229.34,291.93,73.1,0.1291,1172.41,277.86,76.23,0.1207,0,normal
2025-01-01T00:27:08.500000,1166.98,283.65,72.37,0.1177,1151.3,283.22,68.93,0.1238,0,normal
2025-01-01T00:27:09,1153.35,285.39,72.75,0.1197,1252.47,273.28,69.98,0.118,0,normal
2025-01-01T00:27:09.500000,1217.11,285.93,75.09,0.1171,1133.04,300.3,67.88,0.1241,0,normal
2025-01-01T00:27:10,1176.51,276.15,71.46,0.1232,1141.35,289.93,74.2,0.1124,0,normal
2025-01-01T00:27:10.500000,1194.53,291.74,72.94,0.1191,1219.93,279.14,75.21,0.1267,0,normal
2025-01-01T00:27:11,1202.9,285.99,70.56,0.1151,1181.92,284.25,75.06,0.1255,0,normal
2025-01-01T00:27:11.500000,1204.44,290.09,70.64,0.1239,1162.06,295.6,71.96,0.108,0,normal
2025-01-01T00:27:12,1217.52,288.46,71.34,0.1187,1192.34,268.54,65.19,0.1278,0,normal
2025-01-01T00:27:12.500000,1180.22,292.93,73.97,0.1256,1168.79,271.25,68.87,0.1173,0,normal
2025-01-01T00:27:13,1143.04,282.97,71.71,0.1153,1150.06,283.11,73.03,0.1147,0,normal
2025-01-01T00:27:13.500000,1207.01,285.59,72.07,0.1177,1136.0,299.5,73.82,0.126,0,normal
2025-01-01T00:27:14,1197.99,284.3,72.71,0.1134,1146.5,278.18,70.69,0.1147,0,normal
2025-01-01T00:27:14.500000,1207.99,285.35,74.01,0.1289,1139.38,286.26,72.42,0.1199,0,normal
2025-01-01T00:27:15,1173.96,281.08,72.35,0.1166,1207.65,282.9,72.41,0.1143,0,normal
2025-01-01T00:27:15.500000,1203.78,281.23,72.23,0.1248,1212.53,287.75,74.35,0.1116,0,normal
2025-01-01T00:27:16,1241.25,280.49,73.27,0.1227,1156.7,293.63,73.43,0.1313,0,normal
2025-01-01T00:27:16.500000,1204.64,284.54,71.26,0.1137,1184.73,282.64,72.75,0.1115,0,normal
2025-01-01T00:27:17,1194.26,287.46,72.97,0.1133,1233.91,282.89,71.47,0.1058,0,normal
2025-01-01T00:27:17.500000,1235.85,285.76,69.79,0.1214,1216.53,295.45,71.11,0.1201,0,normal
2025-01-01T00:27:18,1184.57,287.56,70.87,0.1168,1196.75,274.52,76.61,0.1316,0,normal
2025-01-01T00:27:18.500000,1189.11,279.07,72.48,0.1183,1256.38,278.27,73.57,0.1207,0,normal
2025-01-01T00:27:19,1183.77,286.03,73.27,0.1203,1204.67,277.54,75.3,0.1263,0,normal
2025-01-01T00:27:19.500000,1190.15,284.47,74.04,0.1159,1229.01,280.22,77.12,0.1204,0,normal
2025-01-01T00:27:20,1230.25,281.75,70.2,0.1192,1212.61,280.63,74.18,0.1187,0,normal
2025-01-01T00:27:20.500000,1150.05,287.36,70.73,0.1187,1274.55,300.16,70.34,0.1235,0,normal
2025-01-01T00:27:21,1186.75,283.77,71.13,0.1138,1204.56,287.46,70.07,0.1265,0,normal
2025-01-01T00:27:21.500000,1189.53,282.28,72.76,0.1144,1243.52,281.56,74.85,0.1277,0,normal
2025-01-01T00:27:22,1215.36,281.53,70.2,0.1148,1252.94,283.85,70.27,0.1192,0,normal
2025-01-01T00:27:22.500000,1225.93,288.33,72.63,0.1223,1208.65,287.58,72.64,0.12,0,normal
2025-01-01T00:27:23,1218.08,286.54,70.73,0.1219,1211.87,290.23,71.7,0.1249,0,normal
2025-01-01T00:27:23.500000,1198.53,288.09,71.34,0.1186,1228.9,282.16,78.35,0.1234,0,normal
2025-01-01T00:27:24,1200.6,288.51,71.31,0.1233,1242.97,295.72,70.73,0.1127,0,normal
2025-01-01T00:27:24.500000,1185.36,283.8,74.4,0.1279,1216.54,285.08,70.99,0.1249,0,normal
2025-01-01T00:27:25,1252.53,292.63,73.64,0.124,1239.95,284.6,69.88,0.1199,0,normal
2025-01-01T00:27:25.500000,1210.14,278.79,71.78,0.117,1248.66,280.3,72.95,0.1158,0,normal
2025-01-01T00:27:26,1238.34,277.73,72.69,0.1154,1175.55,286.76,72.74,0.1214,0,normal
2025-01-01T00:27:26.500000,1203.64,282.26,71.76,0.1201,1209.38,284.44,74.1,0.1206,0,normal
2025-01-01T00:27:27,1204.83,283.36,70.48,0.1206,1257.96,288.8,69.65,0.1249,0,normal
2025-01-01T00:27:27.500000,1191.96,288.06,71.47,0.1213,1175.11,280.78,67.49,0.1231,0,normal
2025-01-01T00:27:28,1208.88,286.82,72.4,0.1173,1246.36,293.49,69.73,0.1232,0,normal
2025-01-01T00:27:28.500000,1221.0,282.99,71.57,0.1219,1127.5,275.69,69.15,0.1092,0,normal
2025-01-01T00:27:29,1226.04,276.5,72.49,0.1229,1185.91,279.29,72.67,0.12,0,normal
2025-01-01T00:27:29.500000,1224.08,273.76,70.68,0.122,1202.42,291.43,72.75,0.1192,0,normal
2025-01-01T00:27:30,1192.75,294.94,74.21,0.1218,1203.77,289.6,74.38,0.1225,0,normal
2025-01-01T00:27:30.500000,1181.97,292.63,72.35,0.1273,1208.98,282.9,75.99,0.1218,0,normal
2025-01-01T00:27:31,1203.2,279.87,72.95,0.1182,1178.51,280.81,73.26,0.1108,0,normal
2025-01-01T00:27:31.500000,1194.94,289.19,70.21,0.1206,1169.69,281.55,76.77,0.1101,0,normal
2025-01-01T00:27:32,1218.38,282.96,71.24,0.116,1236.19,283.36,71.09,0.1207,0,normal
2025-01-01T00:27:32.500000,1195.91,276.45,71.29,0.1232,1127.68,275.68,70.77,0.1156,0,normal
2025-01-01T00:27:33,1199.33,280.33,71.44,0.1198,1231.15,295.64,71.25,0.1313,0,normal
2025-01-01T00:27:33.500000,1195.59,288.54,74.78,0.1205,1134.07,285.78,70.24,0.1184,0,normal
2025-01-01T00:27:34,1247.64,279.77,72.43,0.1168,1185.23,291.37,72.92,0.1186,0,normal
2025-01-01T00:27:34.500000,1184.4,286.35,74.46,0.1168,1291.76,295.26,75.94,0.1219,0,normal
2025-01-01T00:27:35,1228.11,280.69,71.04,0.1228,1214.2,283.73,64.79,0.1174,0,normal
2025-01-01T00:27:35.500000,1171.82,287.11,71.72,0.1177,1326.86,293.88,75.04,0.1332,0,normal
2025-01-01T00:27:36,1219.25,281.7,70.72,0.1235,1101.15,284.33,65.75,0.1206,0,normal
2025-01-01T00:27:36.500000,1220.5,286.19,73.35,0.1271,1193.11,309.01,72.61,0.1257,0,normal
2025-01-01T00:27:37,1185.33,291.92,73.5,0.1253,1202.62,274.27,73.33,0.1098,0,normal
2025-01-01T00:27:37.500000,1191.93,285.82,75.42,0.1211,1206.7,284.46,68.13,0.1205,0,normal
2025-01-01T00:27:38,1202.47,280.86,70.29,0.1183,1203.12,281.09,68.97,0.1217,0,normal
2025-01-01T00:27:38.500000,1212.93,285.52,71.19,0.1221,1190.85,274.83,74.98,0.1221,0,normal
2025-01-01T00:27:39,1197.14,278.28,70.93,0.1273,1127.6,282.85,71.95,0.1219,0,normal
2025-01-01T00:27:39.500000,1164.07,285.74,69.57,0.1204,1168.68,277.6,74.4,0.1186,0,normal
2025-01-01T00:27:40,1211.37,287.17,73.83,0.1157,1244.11,285.14,70.91,0.1131,0,normal
2025-01-01T00:27:40.500000,1214.56,281.06,72.75,0.1269,1247.04,296.9,69.93,0.1246,0,normal
2025-01-01T00:27:41,1172.54,284.0,74.51,0.1178,1253.35,293.68,75.1,0.1124,0,normal
2025-01-01T00:27:41.500000,1212.6,284.33,73.57,0.114,1217.65,286.94,66.27,0.1147,0,normal
2025-01-01T00:27:42,1156.08,281.89,72.79,0.1207,1208.13,276.11,75.23,0.1199,0,normal
2025-01-01T00:27:42.500000,1200.81,289.02,70.57,0.1208,1220.33,280.34,73.88,0.1229,0,normal
2025-01-01T00:27:43,1197.57,284.44,72.75,0.1228,1203.02,294.58,73.9,0.1093,0,normal
2025-01-01T00:27:43.500000,1166.28,290.05,71.64,0.1206,1254.69,284.95,72.11,0.1148,0,normal
2025-01-01T00:27:44,1208.88,287.51,71.17,0.1167,1326.06,284.21,70.03,0.1242,0,normal
2025-01-01T00:27:44.500000,1198.78,280.36,72.7,0.1169,1275.67,289.23,71.2,0.1207,0,normal
2025-01-01T00:27:45,1221.68,285.79,75.06,0.1241,1223.41,276.99,71.58,0.1229,0,normal
2025-01-01T00:27:45.500000,1180.25,290.53,70.6,0.1177,1173.01,291.36,69.68,0.1092,0,normal
2025-01-01T00:27:46,1226.11,283.1,70.46,0.1173,1282.4,279.38,71.64,0.1173,0,normal
2025-01-01T00:27:46.500000,1170.42,281.82,70.13,0.1234,1204.84,306.23,69.96,0.1148,0,normal
2025-01-01T00:27:47,1236.81,289.52,72.55,0.116,1283.76,284.38,70.76,0.1269,0,normal
2025-01-01T00:27:47.500000,1199.46,280.02,72.06,0.1172,1055.55,277.46,70.48,0.1131,0,normal
2025-01-01T00:27:48,1213.81,281.68,72.69,0.1156,1243.64,274.09,65.26,0.1274,0,normal
2025-01-01T00:27:48.500000,1179.46,292.51,72.81,0.1228,1250.18,285.96,72.36,0.1277,0,normal
2025-01-01T00:27:49,1202.67,281.89,72.84,0.1124,1263.34,296.46,75.45,0.127,0,normal
2025-01-01T00:27:49.500000,1197.98,284.54,70.23,0.1263,1176.72,287.91,72.73,0.112,0,normal
2025-01-01T00:27:50,1158.13,285.02,71.35,0.1197,1251.14,286.92,74.18,0.1227,0,normal
2025-01-01T00:27:50.500000,1192.41,280.72,72.38,0.1203,1243.93,283.71,71.14,0.1186,0,normal
2025-01-01T00:27:51,1177.95,291.19,73.64,0.1156,1238.59,269.23,74.84,0.1158,0,normal
2025-01-01T00:27:51.500000,1208.64,276.75,70.27,0.1217,1166.36,277.82,76.02,0.1333,0,normal
2025-01-01T00:27:52,1222.49,280.33,74.54,0.1144,1185.38,285.47,77.54,0.1255,0,normal
2025-01-01T00:27:52.500000,1188.87,280.96,73.44,0.1181,1210.4,273.29,73.64,0.1229,0,normal
2025-01-01T00:27:53,1170.2,289.41,72.8,0.1227,1181.82,286.53,72.18,0.1191,0,normal
2025-01-01T00:27:53.500000,1204.09,290.37,73.55,0.1157,1247.3,295.18,71.56,0.1231,0,normal
2025-01-01T00:27:54,1211.86,281.37,71.45,0.1227,1176.2,293.34,75.76,0.1269,0,normal
2025-01-01T00:27:54.500000,1247.52,284.61,72.26,0.1212,1197.1,289.64,67.07,0.1212,0,normal
2025-01-01T00:27:55,1166.94,280.88,73.06,0.1193,1233.49,283.11,75.19,0.1186,0,normal
2025-01-01T00:27:55.500000,1153.08,285.96,68.88,0.1148,1157.62,276.38,70.43,0.1137,0,normal
2025-01-01T00:27:56,1166.26,291.59,71.02,0.112,1182.68,275.38,69.45,0.1243,0,normal
2025-01-01T00:27:56.500000,1189.24,280.07,72.64,0.1241,1225.77,264.02,68.79,0.1203,0,normal
2025-01-01T00:27:57,1194.14,283.6,70.58,0.1149,1296.37,285.23,73.85,0.12,0,normal
2025-01-01T00:27:57.500000,1201.11,284.73,70.39,0.1145,1218.54,286.61,74.7,0.1244,0,normal
2025-01-01T00:27:58,1180.6,289.84,73.1,0.1225,1307.97,302.48,73.99,0.1234,0,normal
2025-01-01T00:27:58.500000,1225.96,282.5,71.18,0.1224,1158.89,290.07,72.45,0.1149,0,normal
2025-01-01T00:27:59,1200.62,290.58,72.12,0.1203,1215.79,288.93,71.05,0.1221,0,normal
2025-01-01T00:27:59.500000,1174.82,281.58,71.03,0.1217,1207.69,283.85,73.99,0.1223,0,normal
2025-01-01T00:28:00,1193.04,280.57,70.82,0.1147,1206.75,277.63,70.57,0.1192,0,normal
2025-01-01T00:28:00.500000,1225.06,288.97,71.92,0.1246,1103.41,301.05,73.99,0.1206,0,normal
2025-01-01T00:28:01,1178.61,283.13,72.88,0.1223,1232.08,278.77,69.32,0.1212,0,normal
2025-01-01T00:28:01.500000,1218.48,285.01,74.13,0.1201,1199.97,290.73,75.51,0.1119,0,normal
2025-01-01T00:28:02,1173.17,283.66,76.55,0.1191,1194.15,290.29,74.81,0.121,0,normal
2025-01-01T00:28:02.500000,1227.94,279.9,70.9,0.1242,1200.53,274.21,68.19,0.1151,0,normal
2025-01-01T00:28:03,1200.05,287.0,71.53,0.1214,1179.02,295.46,79.35,0.1176,0,normal
2025-01-01T00:28:03.500000,1211.52,286.7,72.2,0.1224,1222.98,280.97,75.79,0.1212,0,normal
2025-01-01T00:28:04,1190.76,295.44,71.83,0.1209,1208.42,283.89,73.29,0.1149,0,normal
2025-01-01T00:28:04.500000,1214.32,277.48,70.13,0.1266,1139.7,268.24,68.45,0.1304,0,normal
2025-01-01T00:28:05,1157.0,280.91,69.9,0.119,1179.07,280.89,77.35,0.1128,0,normal
2025-01-01T00:28:05.500000,1197.55,286.45,70.59,0.1218,1180.81,288.2,71.69,0.1077,0,normal
2025-01-01T00:28:06,1231.35,293.85,71.75,0.1168,1272.29,301.16,71.51,0.1187,0,normal
2025-01-01T00:28:06.500000,1198.08,277.84,71.58,0.1262,1191.9,276.11,73.43,0.116,0,normal
2025-01-01T00:28:07,1198.41,279.58,70.51,0.1227,1205.56,278.36,72.34,0.1164,0,normal
2025-01-01T00:28:07.500000,1181.19,289.98,73.13,0.1199,1206.93,284.93,73.4,0.1152,0,normal
2025-01-01T00:28:08,1220.7,286.51,71.62,0.1182,1240.37,283.71,69.99,0.1177,0,normal
2025-01-01T00:28:08.500000,1218.46,278.11,71.49,0.1239,1191.93,287.33,75.13,0.1254,0,normal
2025-01-01T00:28:09,1189.44,284.44,73.3,0.1234,1195.77,284.54,72.77,0.1282,0,normal
2025-01-01T00:28:09.500000,1225.62,287.96,70.45,0.119,1189.33,297.13,71.31,0.1275,0,normal
2025-01-01T00:28:10,1186.3,282.9,72.69,0.1256,1189.83,263.09,67.5,0.1218,0,normal
2025-01-01T00:28:10.500000,1164.6,281.3,72.02,0.1112,1181.77,275.04,67.68,0.1152,0,normal
2025-01-01T00:28:11,1174.34,287.01,73.72,0.1187,1171.39,281.46,68.81,0.1123,0,normal
2025-01-01T00:28:11.500000,1160.51,279.32,74.35,0.1175,1058.8,279.98,67.42,0.1204,0,normal
2025-01-01T00:28:12,1198.84,285.24,71.94,0.1187,1130.12,284.36,74.93,0.1309,0,normal
2025-01-01T00:28:12.500000,1194.29,284.45,72.72,0.1254,1176.66,290.92,69.63,0.122,0,normal
2025-01-01T00:28:13,1223.29,279.48,71.24,0.1234,1229.58,293.86,74.44,0.118,0,normal
2025-01-01T00:28:13.500000,1252.78,285.59,67.6,0.119,1177.48,291.8,70.7,0.1266,0,normal
2025-01-01T00:28:14,1213.39,280.72,71.8,0.1172,1208.87,278.32,72.21,0.1184,0,normal
2025-01-01T00:28:14.500000,1196.35,293.77,71.48,0.113,1248.76,293.62,66.3,0.1158,0,normal
2025-01-01T00:28:15,1210.46,287.24,71.99,0.1201,1154.95,264.48,77.9,0.1142,0,normal
2025-01-01T00:28:15.500000,1204.24,284.32,73.29,0.1204,1207.37,262.48,69.6,0.1245,0,normal
2025-01-01T00:28:16,1215.71,280.93,69.73,0.1205,1060.47,275.18,77.07,0.1287,0,normal
2025-01-01T00:28:16.500000,1211.69,286.31,69.19,0.1173,1185.83,278.85,70.99,0.1278,0,normal
2025-01-01T00:28:17,1187.0,283.54,73.06,0.1149,1159.67,278.69,72.16,0.1179,0,normal
2025-01-01T00:28:17.500000,1192.48,282.16,70.46,0.1222,1183.79,290.29,68.8,0.116,0,normal
2025-01-01T00:28:18,1194.69,284.45,73.09,0.1185,1235.84,288.21,71.69,0.1143,0,normal
2025-01-01T00:28:18.500000,1218.17,281.04,71.97,0.1198,1190.06,281.67,69.63,0.1103,0,normal
2025-01-01T00:28:19,1233.69,282.9,71.82,0.1195,1252.59,301.53,72.46,0.1191,0,normal
2025-01-01T00:28:19.500000,1173.04,278.83,69.45,0.1171,1099.64,294.22,73.22,0.1185,0,normal
2025-01-01T00:28:20,1226.63,280.42,70.82,0.113,1237.17,278.07,72.05,0.126,0,normal
2025-01-01T00:28:20.500000,1232.9,284.88,72.55,0.1167,1280.8,283.58,72.23,0.1176,0,normal
2025-01-01T00:28:21,1228.78,285.85,73.1,0.1213,1189.42,292.95,72.99,0.1142,0,normal
2025-01-01T00:28:21.500000,1176.26,285.64,73.31,0.1259,1114.69,285.22,73.41,0.1218,0,normal
2025-01-01T00:28:22,1224.22,287.8,70.58,0.1163,1215.0,293.47,72.41,0.1105,0,normal
2025-01-01T00:28:22.500000,1174.87,287.96,71.5,0.1204,1251.14,274.72,70.81,0.1169,0,normal
2025-01-01T00:28:23,1208.53,288.3,69.87,0.12,1241.73,269.14,71.81,0.1127,0,normal
2025-01-01T00:28:23.500000,1184.6,274.29,74.01,0.1187,1161.25,287.81,69.0,0.1132,0,normal
2025-01-01T00:28:24,1236.25,292.73,71.15,0.1238,1217.09,272.91,69.33,0.1293,0,normal
2025-01-01T00:28:24.500000,1165.76,294.75,71.18,0.1257,1185.33,291.84,76.02,0.1283,0,normal
2025-01-01T00:28:25,1185.98,281.33,71.88,0.1153,1211.48,277.98,75.12,0.1166,0,normal
2025-01-01T00:28:25.500000,1158.19,290.99,72.26,0.1201,1252.53,292.45,69.81,0.1173,0,normal
2025-01-01T00:28:26,1173.29,278.74,72.83,0.1214,1236.52,295.96,74.23,0.1252,0,normal
2025-01-01T00:28:26.500000,1150.13,283.69,73.39,0.1158,1204.4,289.44,73.28,0.1222,0,normal
2025-01-01T00:28:27,1214.37,285.77,69.89,0.1218,1213.67,272.6,75.97,0.1232,0,normal
2025-01-01T00:28:27.500000,1166.87,281.51,71.19,0.118,1214.07,276.65,75.25,0.1263,0,normal
2025-01-01T00:28:28,1214.86,285.19,73.35,0.119,1165.22,295.18,72.91,0.1159,0,normal
2025-01-01T00:28:28.500000,1189.97,281.85,74.91,0.12,1207.57,291.17,68.5,0.1266,0,normal
2025-01-01T00:28:29,1185.41,292.82,71.55,0.1237,1080.15,274.95,71.15,0.1078,0,normal
2025-01-01T00:28:29.500000,1214.42,286.34,70.57,0.1199,1238.71,267.02,68.33,0.118,0,normal
2025-01-01T00:28:30,1200.57,284.75,73.28,0.1217,1233.44,273.12,72.42,0.1182,0,normal
2025-01-01T00:28:30.500000,1235.09,285.75,71.04,0.1231,1227.04,277.98,71.0,0.118,0,normal
2025-01-01T00:28:31,1229.46,285.87,73.05,0.1182,1216.07,296.14,70.96,0.1207,0,normal
2025-01-01T00:28:31.500000,1167.28,281.73,71.52,0.1162,1263.45,277.84,74.27,0.1211,0,normal
2025-01-01T00:28:32,1200.74,291.35,68.74,0.1193,1148.14,268.23,68.56,0.1201,0,normal
2025-01-01T00:28:32.500000,1182.59,288.83,71.69,0.1188,1184.63,284.16,70.79,0.1149,0,normal
2025-01-01T00:28:33,1223.74,282.33,71.45,0.1215,1215.3,277.36,74.17,0.1232,0,normal
2025-01-01T00:28:33.500000,1204.27,283.16,71.41,0.1193,1140.87,284.66,74.57,0.1253,0,normal
2025-01-01T00:28:34,1190.86,289.55,74.74,0.1189,1233.19,265.65,68.38,0.1205,0,normal
2025-01-01T00:28:34.500000,1175.84,293.72,72.86,0.1235,1198.61,276.42,70.51,0.1215,0,normal
2025-01-01T00:28:35,1184.69,287.87,73.02,0.12,1112.37,299.66,71.39,0.1363,0,normal
2025-01-01T00:28:35.500000,1215.66,284.1,72.64,0.1127,1249.25,306.95,65.98,0.1183,0,normal
2025-01-01T00:28:36,1197.47,288.74,75.03,0.1214,1302.81,286.46,73.3,0.122,0,normal
2025-01-01T00:28:36.500000,1229.29,283.19,73.18,0.1156,1186.34,279.56,72.25,0.1181,0,normal
2025-01-01T00:28:37,1227.17,281.24,69.51,0.1151,1247.72,276.71,73.15,0.1182,0,normal
2025-01-01T00:28:37.500000,1219.78,284.01,75.98,0.1268,1184.87,281.13,81.02,0.1135,0,normal
2025-01-01T00:28:38,1198.68,285.1,72.0,0.1137,1223.84,276.7,76.14,0.1113,0,normal
2025-01-01T00:28:38.500000,1201.43,275.53,68.9,0.117,1166.49,297.53,71.88,0.1278,0,normal
2025-01-01T00:28:39,1190.89,287.59,70.96,0.1171,1112.6,287.87,72.75,0.1247,0,normal
2025-01-01T00:28:39.500000,1205.16,293.66,72.25,0.1236,1184.44,277.23,74.07,0.1195,0,normal
2025-01-01T00:28:40,1219.97,286.51,70.86,0.1239,1158.18,290.35,75.69,0.1177,0,normal
2025-01-01T00:28:40.500000,1227.74,286.7,73.23,0.117,1210.29,272.96,76.93,0.1079,0,normal
2025-01-01T00:28:41,1191.49,281.02,72.97,0.1269,1231.44,310.32,68.03,0.1122,0,normal
2025-01-01T00:28:41.500000,1178.57,285.52,70.52,0.1173,1229.78,274.41,68.74,0.1176,0,normal
2025-01-01T00:28:42,1192.69,289.32,70.7,0.1174,1227.92,291.85,76.11,0.1228,0,normal
2025-01-01T00:28:42.500000,1203.13,287.46,71.61,0.119,1114.84,292.64,72.61,0.1247,0,normal
2025-01-01T00:28:43,1132.42,284.8,70.77,0.1254,1229.48,287.0,70.76,0.1224,0,normal
2025-01-01T00:28:43.500000,1177.72,284.57,71.17,0.1282,1270.56,294.09,67.71,0.1252,0,normal
2025-01-01T00:28:44,1204.5,290.23,72.46,0.12,1211.22,269.56,69.79,0.1222,0,normal
2025-01-01T00:28:44.500000,1227.35,282.65,71.94,0.1142,1270.05,294.52,73.88,0.1224,0,normal
2025-01-01T00:28:45,1237.26,281.56,70.69,0.1238,1247.73,274.8,70.47,0.1301,0,normal
2025-01-01T00:28:45.500000,1209.88,288.37,70.33,0.1224,1131.86,268.07,74.09,0.1286,0,normal
2025-01-01T00:28:46,1193.91,282.66,74.46,0.1193,1196.84,299.48,70.98,0.1161,0,normal
2025-01-01T00:28:46.500000,1219.57,281.96,71.79,0.1153,1208.9,285.58,74.79,0.1251,0,normal
2025-01-01T00:28:47,1213.24,286.69,71.89,0.1222,1146.61,264.92,75.35,0.124,0,normal
2025-01-01T00:28:47.500000,1196.95,289.59,70.95,0.1175,1159.48,289.85,67.44,0.1154,0,normal
2025-01-01T00:28:48,1206.95,279.85,71.05,0.112,1229.08,279.12,68.83,0.1122,0,normal
2025-01-01T00:28:48.500000,1189.96,278.24,74.8,0.1114,1178.37,285.91,69.77,0.1213,0,normal
2025-01-01T00:28:49,1180.81,291.54,70.39,0.1115,1137.67,288.3,71.66,0.1245,0,normal
2025-01-01T00:28:49.500000,1212.04,282.28,71.3,0.1186,1290.45,290.91,77.45,0.125,0,normal
2025-01-01T00:28:50,1198.47,280.64,72.29,0.1198,1195.5,283.21,66.09,0.1276,0,normal
2025-01-01T00:28:50.500000,1198.79,278.95,72.69,0.1169,1226.98,292.54,74.94,0.119,0,normal
2025-01-01T00:28:51,1190.07,282.33,70.96,0.1199,1189.95,277.94,68.71,0.1193,0,normal
2025-01-01T00:28:51.500000,1189.58,280.12,73.2,0.1264,1246.2,278.84,71.86,0.1292,0,normal
2025-01-01T00:28:52,1171.83,288.35,69.91,0.1261,1179.34,304.06,76.98,0.1194,0,normal
2025-01-01T00:28:52.500000,1182.73,285.83,71.74,0.1186,1120.41,280.6,68.8,0.1233,0,normal
2025-01-01T00:28:53,1223.79,288.17,72.49,0.1169,1209.86,291.78,70.31,0.1207,0,normal
2025-01-01T00:28:53.500000,1196.51,292.11,73.23,0.1222,1117.6,286.48,71.55,0.119,0,normal
2025-01-01T00:28:54,1162.48,280.35,71.9,0.124,1171.65,281.58,77.13,0.1182,0,normal
2025-01-01T00:28:54.500000,1196.91,284.51,70.06,0.1221,1168.66,284.74,73.28,0.1317,0,normal
2025-01-01T00:28:55,1168.37,288.7,73.25,0.1177,1228.78,299.05,69.8,0.1214,0,normal
2025-01-01T00:28:55.500000,1209.72,287.28,73.11,0.1206,1224.64,277.21,72.47,0.1171,0,normal
2025-01-01T00:28:56,1170.48,282.82,72.39,0.1216,1139.11,276.98,74.09,0.123,0,normal
2025-01-01T00:28:56.500000,1221.29,290.85,72.77,0.1185,1205.51,299.19,79.96,0.1228,0,normal
2025-01-01T00:28:57,1212.85,288.1,72.03,0.1242,1248.39,288.03,71.08,0.1109,0,normal
2025-01-01T00:28:57.500000,1217.58,285.91,70.94,0.1159,1231.75,271.31,72.86,0.1251,0,normal
2025-01-01T00:28:58,1213.2,283.33,70.2,0.1221,1257.63,280.1,73.46,0.1295,0,normal
2025-01-01T00:28:58.500000,1208.13,283.3,73.5,0.1173,1137.69,291.95,70.83,0.1181,0,normal
2025-01-01T00:28:59,1184.95,282.98,74.02,0.126,1286.16,294.32,73.34,0.1114,0,normal
2025-01-01T00:28:59.500000,1195.5,294.22,71.37,0.1255,1202.64,262.1,73.84,0.1276,0,normal
2025-01-01T00:29:00,1198.82,290.27,69.6,0.115,1209.83,289.08,75.91,0.1238,0,normal
2025-01-01T00:29:00.500000,1171.35,285.91,72.87,0.1133,1197.91,282.13,70.11,0.123,0,normal
2025-01-01T00:29:01,1172.41,286.78,72.81,0.1239,1146.08,272.13,72.8,0.1183,0,normal
2025-01-01T00:29:01.500000,1269.66,286.96,72.08,0.1194,1141.53,289.82,71.77,0.1195,0,normal
2025-01-01T00:29:02,1202.27,285.95,69.5,0.123,1159.37,283.82,75.7,0.1307,0,normal
2025-01-01T00:29:02.500000,1159.19,285.13,72.39,0.1146,1238.52,285.99,72.56,0.1145,0,normal
2025-01-01T00:29:03,1209.91,288.58,72.18,0.1181,1179.07,286.88,72.14,0.1254,0,normal
2025-01-01T00:29:03.500000,1188.47,279.79,72.52,0.1183,1237.62,285.06,73.89,0.1139,0,normal
2025-01-01T00:29:04,1203.44,282.01,70.24,0.1169,1173.87,295.64,70.36,0.1124,0,normal
2025-01-01T00:29:04.500000,1203.16,285.12,71.29,0.1194,1246.86,290.73,73.68,0.1129,0,normal
2025-01-01T00:29:05,1269.28,289.49,72.74,0.1158,1245.49,280.72,71.44,0.1099,0,normal
2025-01-01T00:29:05.500000,1170.2,286.87,73.45,0.1225,1231.24,284.45,70.83,0.1217,0,normal
2025-01-01T00:29:06,1219.71,285.02,73.74,0.1192,1152.95,284.91,72.31,0.1195,0,normal
2025-01-01T00:29:06.500000,1230.74,288.44,69.94,0.1255,1068.41,303.39,71.17,0.1189,0,normal
2025-01-01T00:29:07,1198.56,286.65,72.0,0.1195,1262.83,289.84,69.24,0.1244,0,normal
2025-01-01T00:29:07.500000,1212.58,282.67,73.14,0.1194,1189.36,282.87,65.01,0.1168,0,normal
2025-01-01T00:29:08,1217.12,284.9,70.15,0.1235,1185.67,274.56,78.35,0.1137,0,normal
2025-01-01T00:29:08.500000,1221.11,281.71,72.2,0.1168,1140.51,289.46,73.17,0.1269,0,normal
2025-01-01T00:29:09,1199.17,294.49,72.39,0.122,1134.8,279.75,73.5,0.1195,0,normal
2025-01-01T00:29:09.500000,1204.5,281.51,72.18,0.1204,1143.34,290.49,67.1,0.1211,0,normal
2025-01-01T00:29:10,1242.37,287.91,72.97,0.1168,1284.91,296.77,69.57,0.1172,0,normal
2025-01-01T00:29:10.500000,1230.11,292.68,70.18,0.1164,1193.1,266.44,72.05,0.1271,0,normal
2025-01-01T00:29:11,1165.47,285.54,71.16,0.1259,1172.65,297.99,70.28,0.1246,0,normal
2025-01-01T00:29:11.500000,1206.05,284.41,70.86,0.1212,1178.85,279.1,76.24,0.1233,0,normal
2025-01-01T00:29:12,1215.45,283.33,71.73,0.1191,1216.19,290.49,71.91,0.1152,0,normal
2025-01-01T00:29:12.500000,1218.25,285.14,69.93,0.1123,1214.3,277.91,73.24,0.1153,0,normal
2025-01-01T00:29:13,1203.2,283.38,74.52,0.1234,1264.67,285.21,74.37,0.1205,0,normal
2025-01-01T00:29:13.500000,1235.27,284.69,69.99,0.1128,1280.08,289.09,73.57,0.1289,0,normal
2025-01-01T00:29:14,1160.36,283.47,71.66,0.1227,1166.75,274.73,68.51,0.1269,0,normal
2025-01-01T00:29:14.500000,1182.18,282.64,72.91,0.1175,1118.16,271.48,71.84,0.123,0,normal
2025-01-01T00:29:15,1195.15,286.84,69.68,0.1144,1308.19,295.54,74.21,0.116,0,normal
2025-01-01T00:29:15.500000,1194.29,284.99,73.89,0.1215,1225.24,283.57,74.28,0.1218,0,normal
2025-01-01T00:29:16,1201.06,281.82,71.84,0.1161,1198.07,285.76,65.07,0.1186,0,normal
2025-01-01T00:29:16.500000,1171.78,287.13,72.92,0.1185,1226.35,290.05,71.34,0.1292,0,normal
2025-01-01T00:29:17,1182.6,291.29,71.68,0.117,1183.13,275.6,74.26,0.1104,0,normal
2025-01-01T00:29:17.500000,1233.35,281.0,73.2,0.1201,1213.0,279.96,73.02,0.1208,0,normal
2025-01-01T00:29:18,1165.01,280.89,71.22,0.1173,1260.13,285.06,69.76,0.1171,0,normal
2025-01-01T00:29:18.500000,1187.89,283.77,70.45,0.1171,1236.8,286.58,71.56,0.12,0,normal
2025-01-01T00:29:19,1198.91,284.11,72.74,0.1216,1124.56,283.88,67.66,0.1238,0,normal
2025-01-01T00:29:19.500000,1218.42,282.39,71.83,0.1124,1246.69,291.07,75.31,0.1289,0,normal
2025-01-01T00:29:20,1170.62,288.8,74.13,0.1146,1191.78,281.89,74.46,0.1056,0,normal
2025-01-01T00:29:20.500000,1243.58,284.52,73.32,0.1198,1223.62,265.15,70.89,0.1251,0,normal
2025-01-01T00:29:21,1206.93,278.0,72.09,0.1171,1156.54,272.0,73.78,0.1267,0,normal
2025-01-01T00:29:21.500000,1250.88,278.7,73.11,0.123,1172.14,277.15,68.87,0.1168,0,normal
2025-01-01T00:29:22,1204.86,290.81,73.59,0.1142,1162.14,296.11,69.89,0.1197,0,normal
2025-01-01T00:29:22.500000,1159.07,289.93,69.25,0.1141,1250.44,301.42,71.16,0.1197,0,normal
2025-01-01T00:29:23,1221.8,286.24,71.46,0.1183,1124.79,286.99,71.74,0.1174,0,normal
2025-01-01T00:29:23.500000,1175.96,281.15,72.89,0.1232,1184.3,281.3,69.54,0.1256,0,normal
2025-01-01T00:29:24,1200.74,286.57,72.52,0.1189,1144.06,276.48,75.25,0.1156,0,normal
2025-01-01T00:29:24.500000,1190.15,280.15,70.25,0.1172,1281.04,290.63,70.48,0.1265,0,normal
2025-01-01T00:29:25,1196.34,290.79,75.18,0.1237,1204.54,290.98,72.04,0.109,0,normal
2025-01-01T00:29:25.500000,1184.29,280.93,71.03,0.1265,1253.86,288.77,74.34,0.1086,0,normal
2025-01-01T00:29:26,1217.48,289.02,68.77,0.1228,1131.64,268.16,75.82,0.114,0,normal
2025-01-01T00:29:26.500000,1182.82,289.23,71.56,0.1194,1190.3,287.97,71.35,0.1207,0,normal
2025-01-01T00:29:27,1187.91,286.5,72.45,0.1268,1181.7,283.43,72.69,0.1258,0,normal
2025-01-01T00:29:27.500000,1173.8,285.44,68.39,0.119,1251.49,278.79,72.51,0.1168,0,normal
2025-01-01T00:29:28,1179.37,289.15,70.49,0.1211,1214.8,277.72,72.45,0.1144,0,normal
2025-01-01T00:29:28.500000,1212.52,279.38,71.51,0.1191,1253.42,286.2,74.75,0.1233,0,normal
2025-01-01T00:29:29,1213.16,283.58,73.47,0.1187,1116.97,283.16,73.31,0.1104,0,normal
2025-01-01T00:29:29.500000,1178.76,279.74,73.13,0.126,1189.93,289.54,73.46,0.1293,0,normal
2025-01-01T00:29:30,1184.34,284.06,71.51,0.1203,1320.21,285.26,69.54,0.1131,0,normal
2025-01-01T00:29:30.500000,1230.06,281.33,72.96,0.1176,1139.2,290.17,70.18,0.1226,0,normal
2025-01-01T00:29:31,1211.98,287.34,71.61,0.1225,1155.72,264.02,74.04,0.121,0,normal
2025-01-01T00:29:31.500000,1185.36,278.71,69.07,0.1202,1279.14,283.82,70.96,0.1199,0,normal
2025-01-01T00:29:32,1252.3,288.21,70.66,0.1201,1215.96,275.97,74.19,0.1151,0,normal
2025-01-01T00:29:32.500000,1163.74,285.33,71.88,0.12,1163.3,279.66,75.25,0.1226,0,normal
2025-01-01T00:29:33,1177.04,276.66,70.68,0.1206,1169.67,278.93,70.3,0.1196,0,normal
2025-01-01T00:29:33.500000,1218.83,285.0,72.09,0.1192,1176.03,292.65,74.14,0.1323,0,normal
2025-01-01T00:29:34,1214.65,282.87,70.7,0.1234,1160.88,291.92,69.81,0.1221,0,normal
2025-01-01T00:29:34.500000,1174.57,288.33,70.22,0.121,1190.5,285.87,70.86,0.1175,0,normal
2025-01-01T00:29:35,1203.71,280.72,70.55,0.1187,1180.92,276.4,74.66,0.118,0,normal
2025-01-01T00:29:35.500000,1194.56,279.32,74.98,0.1287,1162.54,295.48,71.74,0.1296,0,normal
2025-01-01T00:29:36,1208.07,285.43,68.4,0.1168,1200.98,286.7,68.5,0.1156,0,normal
2025-01-01T00:29:36.500000,1213.28,279.09,72.19,0.1245,1218.5,287.87,66.18,0.1151,0,normal
2025-01-01T00:29:37,1249.3,282.44,73.82,0.1178,1186.66,289.41,72.29,0.1223,0,normal
2025-01-01T00:29:37.500000,1180.36,280.14,70.72,0.1181,1188.99,293.87,72.25,0.1229,0,normal
2025-01-01T00:29:38,1203.4,280.23,72.02,0.1205,1236.48,275.86,66.12,0.1211,0,normal
2025-01-01T00:29:38.500000,1208.49,284.23,72.04,0.1232,1177.98,282.62,72.23,0.1127,0,normal
2025-01-01T00:29:39,1196.35,284.73,74.36,0.1189,1209.6,292.85,69.59,0.1283,0,normal
2025-01-01T00:29:39.500000,1242.33,284.88,71.22,0.1259,1238.19,285.7,76.11,0.1279,0,normal
2025-01-01T00:29:40,1191.93,286.06,72.83,0.1201,1133.24,276.98,68.09,0.123,0,normal
2025-01-01T00:29:40.500000,1171.58,285.82,74.64,0.1251,1111.8,274.07,69.76,0.113,0,normal
2025-01-01T00:29:41,1160.31,284.95,73.02,0.1234,1177.23,282.68,73.02,0.1193,0,normal
2025-01-01T00:29:41.500000,1219.45,286.84,71.46,0.1133,1271.95,279.13,73.03,0.1085,0,normal
2025-01-01T00:29:42,1199.73,285.43,72.21,0.1308,1169.71,292.02,73.51,0.1159,0,normal
2025-01-01T00:29:42.500000,1219.34,284.3,73.26,0.1271,1207.24,282.6,75.03,0.1284,0,normal
2025-01-01T00:29:43,1178.8,283.06,72.97,0.1195,1154.19,289.62,73.93,0.118,0,normal
2025-01-01T00:29:43.500000,1201.47,282.54,70.42,0.1182,1203.55,272.39,70.78,0.1205,0,normal
2025-01-01T00:29:44,1228.67,283.66,70.21,0.1192,1172.8,289.72,71.03,0.1037,0,normal
2025-01-01T00:29:44.500000,1288.6,285.61,72.13,0.1145,1129.7,284.21,72.97,0.1242,0,normal
2025-01-01T00:29:45,1205.7,279.93,68.39,0.1196,1174.37,274.21,74.38,0.1105,0,normal
2025-01-01T00:29:45.500000,1214.81,278.97,72.19,0.1234,1183.78,299.45,77.52,0.1214,0,normal
2025-01-01T00:29:46,1212.99,289.53,72.78,0.1216,1174.84,270.57,68.0,0.1343,0,normal
2025-01-01T00:29:46.500000,1207.74,283.95,73.82,0.1173,1227.99,285.66,73.32,0.118,0,normal
2025-01-01T00:29:47,1176.85,281.48,70.87,0.12,1125.31,274.33,72.39,0.1192,0,normal
2025-01-01T00:29:47.500000,1204.57,284.81,75.63,0.1205,1181.8,285.86,74.94,0.1197,0,normal
2025-01-01T00:29:48,1216.43,286.69,71.58,0.1204,1276.75,287.08,69.16,0.1181,0,normal
2025-01-01T00:29:48.500000,1149.26,285.59,73.89,0.1152,1207.19,293.43,75.14,0.1277,0,normal
2025-01-01T00:29:49,1155.16,287.16,69.83,0.1164,1239.41,286.35,74.09,0.1144,0,normal
2025-01-01T00:29:49.500000,1235.37,287.94,73.28,0.1161,1256.23,282.3,70.24,0.1238,0,normal
2025-01-01T00:29:50,1214.0,281.38,74.96,0.1265,1229.04,288.68,72.95,0.1107,0,normal
2025-01-01T00:29:50.500000,1202.71,285.43,71.17,0.1189,1085.7,275.62,74.65,0.1304,0,normal
2025-01-01T00:29:51,1177.36,285.78,73.58,0.1181,1232.46,284.71,75.43,0.1123,0,normal
2025-01-01T00:29:51.500000,1173.49,286.2,72.14,0.1198,1227.64,277.04,68.06,0.117,0,normal
2025-01-01T00:29:52,1190.68,283.79,73.83,0.1228,1225.6,286.9,70.75,0.1149,0,normal
2025-01-01T00:29:52.500000,1171.27,282.03,71.94,0.1158,1208.14,283.34,70.86,0.127,0,normal
2025-01-01T00:29:53,1140.95,283.36,68.61,0.1209,1236.58,273.45,68.48,0.1098,0,normal
2025-01-01T00:29:53.500000,1201.53,283.54,71.6,0.1187,1153.27,294.68,72.78,0.1129,0,normal
2025-01-01T00:29:54,1183.19,281.27,74.02,0.1226,1193.93,299.6,76.18,0.1186,0,normal
2025-01-01T00:29:54.500000,1190.15,283.45,70.63,0.1262,1151.69,292.42,73.99,0.1182,0,normal
2025-01-01T00:29:55,1243.44,278.33,71.89,0.1182,1246.11,288.02,67.03,0.1274,0,normal
2025-01-01T00:29:55.500000,1211.65,280.57,71.5,0.1153,1191.8,286.28,71.04,0.1173,0,normal
2025-01-01T00:29:56,1161.29,286.44,69.23,0.1201,1113.64,285.43,71.98,0.1224,0,normal
2025-01-01T00:29:56.500000,1220.69,289.48,69.68,0.1198,1296.53,286.02,69.61,0.1195,0,normal
2025-01-01T00:29:57,1190.79,279.97,73.25,0.1221,1135.94,284.2,70.37,0.1104,0,normal
2025-01-01T00:29:57.500000,1166.04,279.59,71.92,0.1184,1153.96,281.65,74.15,0.1221,0,normal
2025-01-01T00:29:58,1224.04,284.02,74.31,0.1213,1176.53,285.79,68.41,0.1182,0,normal
2025-01-01T00:29:58.500000,1210.32,287.61,71.41,0.1298,1191.73,270.65,75.49,0.1236,0,normal
2025-01-01T00:29:59,1205.56,283.01,72.57,0.1258,1209.68,272.43,62.05,0.1223,0,normal
2025-01-01T00:29:59.500000,1176.34,284.57,70.83,0.1168,1163.27,279.23,74.24,0.1234,0,normal
2025-01-01T00:30:00,1171.01,280.42,72.55,0.1238,1249.78,276.43,74.85,0.1093,0,normal
2025-01-01T00:30:00.500000,1195.13,287.08,69.01,0.1275,1263.68,290.53,69.22,0.1196,0,normal
2025-01-01T00:30:01,1218.97,280.2,71.74,0.1233,1128.26,287.84,66.95,0.1143,0,normal
2025-01-01T00:30:01.500000,1187.89,287.2,70.99,0.1205,1167.01,280.46,75.6,0.1131,0,normal
2025-01-01T00:30:02,1218.22,285.0,71.17,0.1156,1144.98,278.68,71.57,0.1236,0,normal
2025-01-01T00:30:02.500000,1192.79,284.0,71.88,0.1217,1230.95,273.14,71.19,0.1274,0,normal
2025-01-01T00:30:03,1168.41,285.32,71.75,0.118,1276.36,285.31,76.35,0.12,0,normal
2025-01-01T00:30:03.500000,1211.05,282.53,71.18,0.1215,1220.53,290.11,73.08,0.112,0,normal
2025-01-01T00:30:04,1180.65,288.63,69.18,0.1211,1194.63,292.26,73.2,0.116,0,normal
2025-01-01T00:30:04.500000,1182.98,282.77,72.84,0.1117,1207.55,277.45,72.55,0.1221,0,normal
2025-01-01T00:30:05,1160.1,284.03,72.22,0.1203,1194.13,274.56,68.92,0.1117,0,normal
2025-01-01T00:30:05.500000,1213.3,284.51,71.93,0.1139,1198.39,290.42,66.7,0.1168,0,normal
2025-01-01T00:30:06,1162.31,283.2,70.7,0.1214,1208.12,296.04,71.84,0.122,0,normal
2025-01-01T00:30:06.500000,1186.62,280.28,73.2,0.1245,1233.87,286.12,69.19,0.1268,0,normal
2025-01-01T00:30:07,1213.91,293.66,70.34,0.1231,1226.36,282.08,75.93,0.1224,0,normal
2025-01-01T00:30:07.500000,1177.51,284.49,70.63,0.1183,1233.78,293.46,72.64,0.1155,0,normal
2025-01-01T00:30:08,1209.16,288.09,69.16,0.1204,1190.87,293.15,73.11,0.1229,0,normal
2025-01-01T00:30:08.500000,1188.43,285.01,73.36,0.1198,1208.38,271.87,71.8,0.1079,0,normal
2025-01-01T00:30:09,1187.61,285.27,73.1,0.1164,1217.94,297.56,70.15,0.1107,0,normal
2025-01-01T00:30:09.500000,1206.96,279.9,70.82,0.1233,1290.09,276.44,69.88,0.1174,0,normal
2025-01-01T00:30:10,1186.85,293.26,71.24,0.1186,1277.58,289.93,74.84,0.1146,0,normal
2025-01-01T00:30:10.500000,1187.28,280.56,73.15,0.1244,1171.21,281.89,71.08,0.1107,0,normal
2025-01-01T00:30:11,1183.83,288.31,70.74,0.1203,1137.22,283.77,70.38,0.1127,0,normal
2025-01-01T00:30:11.500000,1218.97,288.62,70.6,0.1192,1202.13,269.48,67.98,0.1277,0,normal
2025-01-01T00:30:12,1174.44,290.38,70.06,0.1224,1185.06,283.54,77.35,0.1125,0,normal
2025-01-01T00:30:12.500000,1214.28,287.37,76.83,0.1161,1169.95,291.98,71.42,0.1172,0,normal
2025-01-01T00:30:13,1222.98,283.86,70.72,0.1226,1218.01,282.33,70.96,0.1145,0,normal
2025-01-01T00:30:13.500000,1217.4,283.46,70.89,0.1154,1218.82,280.65,66.2,0.1128,0,normal
2025-01-01T00:30:14,1194.39,284.12,71.65,0.1186,1129.16,277.52,75.41,0.1262,0,normal
2025-01-01T00:30:14.500000,1213.87,287.09,73.3,0.116,1201.58,275.42,68.82,0.1222,0,normal
2025-01-01T00:30:15,1222.72,284.17,74.37,0.1208,1162.71,275.71,74.93,0.1208,0,normal
2025-01-01T00:30:15.500000,1216.23,273.64,72.35,0.1182,1133.1,284.46,75.14,0.1336,0,normal
2025-01-01T00:30:16,1205.81,281.97,70.89,0.1235,1152.15,290.32,72.85,0.1211,0,normal
2025-01-01T00:30:16.500000,1162.37,283.47,69.9,0.1179,1244.02,295.53,72.62,0.1166,0,normal
2025-01-01T00:30:17,1238.11,282.51,70.36,0.1225,1221.97,280.36,72.29,0.1227,0,normal
2025-01-01T00:30:17.500000,1204.89,286.96,71.27,0.1219,1200.84,280.97,71.29,0.1194,0,normal
2025-01-01T00:30:18,1165.31,282.28,72.09,0.1151,1170.24,305.39,68.75,0.1177,0,normal
2025-01-01T00:30:18.500000,1179.99,284.5,70.83,0.1191,1165.51,294.02,72.24,0.114,0,normal
2025-01-01T00:30:19,1220.18,280.9,69.75,0.12,1291.55,269.37,68.17,0.1245,0,normal
2025-01-01T00:30:19.500000,1184.58,287.62,70.79,0.1205,1283.73,274.79,74.95,0.1241,0,normal
2025-01-01T00:30:20,1164.26,287.39,72.1,0.1203,1216.15,282.0,72.2,0.1214,0,normal
2025-01-01T00:30:20.500000,1217.91,278.47,73.86,0.1158,1236.56,285.68,68.31,0.1232,0,normal
2025-01-01T00:30:21,1177.31,289.57,70.98,0.1146,1273.62,286.55,74.5,0.1149,0,normal
2025-01-01T00:30:21.500000,1154.6,292.16,71.99,0.1218,1231.52,282.13,72.65,0.1296,0,normal
2025-01-01T00:30:22,1199.22,289.03,69.13,0.124,1126.94,293.63,73.13,0.1194,0,normal
2025-01-01T00:30:22.500000,1197.61,283.92,70.82,0.1193,1305.99,296.13,69.49,0.1216,0,normal
2025-01-01T00:30:23,1202.3,284.39,70.56,0.1216,1240.61,277.87,77.63,0.1291,0,normal
2025-01-01T00:30:23.500000,1213.16,279.73,72.58,0.121,1224.63,298.6,71.49,0.1323,0,normal
2025-01-01T00:30:24,1209.76,283.76,75.46,0.123,1178.17,285.72,73.83,0.1191,0,normal
2025-01-01T00:30:24.500000,1203.21,281.51,69.57,0.1204,1206.72,289.51,70.34,0.112,0,normal
2025-01-01T00:30:25,1176.83,289.51,71.04,0.1184,1185.0,279.71,70.0,0.1148,0,normal
2025-01-01T00:30:25.500000,1233.62,287.91,73.8,0.1252,1087.21,287.94,70.31,0.1267,0,normal
2025-01-01T00:30:26,1182.2,280.49,69.93,0.1189,1243.92,287.19,68.54,0.1329,0,normal
2025-01-01T00:30:26.500000,1215.59,288.32,73.85,0.1141,1156.25,292.04,69.67,0.1183,0,normal
2025-01-01T00:30:27,1198.13,279.54,71.48,0.1233,1235.01,294.52,74.91,0.1224,0,normal
2025-01-01T00:30:27.500000,1207.84,286.08,71.1,0.1163,1166.9,282.21,70.11,0.1225,0,normal
2025-01-01T00:30:28,1204.85,286.32,72.51,0.1243,1199.59,293.62,73.49,0.1268,0,normal
2025-01-01T00:30:28.500000,1238.75,287.47,72.15,0.1204,1177.43,280.69,74.6,0.1142,0,normal
2025-01-01T00:30:29,1238.75,284.35,76.12,0.1175,1212.01,281.99,69.72,0.1264,0,normal
2025-01-01T00:30:29.500000,1173.47,282.11,72.84,0.1227,1133.19,289.97,72.37,0.1145,0,normal
2025-01-01T00:30:30,1181.07,276.31,74.47,0.1237,1138.12,291.83,70.35,0.1255,0,normal
2025-01-01T00:30:30.500000,1188.09,283.45,71.58,0.1176,1267.17,292.68,72.32,0.1261,0,normal
2025-01-01T00:30:31,1160.95,279.75,72.68,0.1226,1213.41,268.9,68.94,0.1225,0,normal
2025-01-01T00:30:31.500000,1258.24,290.21,74.27,0.1212,1215.96,276.16,74.74,0.1196,0,normal
2025-01-01T00:30:32,1216.63,285.13,72.4,0.1197,1210.78,293.55,68.35,0.111,0,normal
2025-01-01T00:30:32.500000,1210.22,291.16,74.44,0.1156,1180.66,272.35,70.41,0.1267,0,normal
2025-01-01T00:30:33,1199.69,283.4,72.78,0.1171,1276.46,285.06,70.84,0.1235,0,normal
2025-01-01T00:30:33.500000,1222.54,291.82,71.7,0.1239,1204.86,279.77,69.76,0.1134,0,normal
2025-01-01T00:30:34,1182.2,289.77,73.02,0.1155,1116.17,275.49,69.76,0.1182,0,normal
2025-01-01T00:30:34.500000,1228.15,282.66,74.42,0.114,1183.27,291.72,74.44,0.118,0,normal
2025-01-01T00:30:35,1224.04,288.47,71.02,0.1211,1233.77,279.78,76.88,0.115,0,normal
2025-01-01T00:30:35.500000,1203.46,279.66,72.15,0.1162,1185.88,271.43,74.3,0.1221,0,normal
2025-01-01T00:30:36,1226.1,283.51,73.63,0.1201,1205.43,303.08,70.6,0.1274,0,normal
2025-01-01T00:30:36.500000,1211.51,282.56,70.11,0.1163,1254.27,299.83,72.26,0.1209,0,normal
2025-01-01T00:30:37,1218.63,285.31,73.58,0.121,1206.51,279.02,69.28,0.101,0,normal
2025-01-01T00:30:37.500000,1229.62,284.37,71.42,0.113,1169.27,278.4,69.71,0.122,0,normal
2025-01-01T00:30:38,1202.93,279.18,70.13,0.1153,1286.91,297.76,69.55,0.1081,0,normal
2025-01-01T00:30:38.500000,1203.07,285.2,72.46,0.1227,1221.68,275.45,72.85,0.1251,0,normal
2025-01-01T00:30:39,1182.62,286.28,71.2,0.1272,1136.31,294.88,67.19,0.1308,0,normal
2025-01-01T00:30:39.500000,1172.6,285.81,69.65,0.1151,1243.09,293.79,72.69,0.1244,0,normal
2025-01-01T00:30:40,1225.08,282.08,69.99,0.12,1172.29,288.32,73.58,0.1159,0,normal
2025-01-01T00:30:40.500000,1216.9,287.8,73.04,0.1185,1237.44,289.45,73.84,0.1301,0,normal
2025-01-01T00:30:41,1207.87,282.41,70.4,0.1241,1217.15,299.28,66.15,0.1255,0,normal
2025-01-01T00:30:41.500000,1193.73,283.49,70.9,0.1232,1229.45,275.23,72.47,0.1242,0,normal
2025-01-01T00:30:42,1204.27,289.74,71.58,0.1119,1208.96,286.54,72.9,0.1266,0,normal
2025-01-01T00:30:42.500000,1153.14,283.98,70.67,0.1157,1196.53,291.0,72.87,0.1159,0,normal
2025-01-01T00:30:43,1196.51,288.98,72.98,0.118,1170.36,270.32,70.76,0.1096,0,normal
2025-01-01T00:30:43.500000,1249.61,281.34,73.6,0.1265,1210.38,284.14,68.19,0.117,0,normal
2025-01-01T00:30:44,1238.5,286.5,72.04,0.1247,1233.42,283.74,72.62,0.1154,0,normal
2025-01-01T00:30:44.500000,1186.54,284.12,72.8,0.1155,1203.66,281.67,69.41,0.1177,0,normal
2025-01-01T00:30:45,1144.29,281.76,70.42,0.119,1090.57,286.63,74.62,0.1193,0,normal
2025-01-01T00:30:45.500000,1211.97,282.81,69.76,0.12,1232.66,273.68,70.66,0.1185,0,normal
2025-01-01T00:30:46,1268.43,285.95,69.26,0.1122,1235.06,306.25,71.19,0.118,0,normal
2025-01-01T00:30:46.500000,1210.34,281.59,68.34,0.1237,1170.57,293.98,69.81,0.1207,0,normal
2025-01-01T00:30:47,1220.52,289.58,72.34,0.1207,1229.75,288.97,68.28,0.1124,0,normal
2025-01-01T00:30:47.500000,1149.38,288.28,71.43,0.123,1219.38,276.43,71.65,0.1173,0,normal
2025-01-01T00:30:48,1185.38,288.91,75.62,0.124,1198.71,295.77,76.93,0.1116,0,normal
2025-01-01T00:30:48.500000,1229.4,288.29,73.71,0.1229,1189.07,302.38,72.98,0.1174,0,normal
2025-01-01T00:30:49,1212.14,289.16,72.14,0.1214,1204.24,279.36,69.63,0.1116,0,normal
2025-01-01T00:30:49.500000,1236.43,284.04,67.06,0.1214,1218.04,269.04,69.6,0.1147,0,normal
2025-01-01T00:30:50,1182.19,290.18,71.79,0.1185,1253.87,289.24,66.99,0.1163,0,normal
2025-01-01T00:30:50.500000,1207.73,281.01,74.92,0.1204,1163.84,275.4,74.67,0.1161,0,normal
2025-01-01T00:30:51,1209.12,280.08,72.1,0.1177,1184.86,278.19,74.95,0.1171,0,normal
2025-01-01T00:30:51.500000,1196.56,284.59,74.32,0.1232,1237.95,271.51,70.11,0.1271,0,normal
2025-01-01T00:30:52,1171.9,285.36,70.47,0.1165,1280.68,291.15,74.83,0.1247,0,normal
2025-01-01T00:30:52.500000,1196.66,282.04,71.42,0.1193,1285.26,273.57,70.41,0.1145,0,normal
2025-01-01T00:30:53,1225.36,292.92,72.44,0.1214,1204.38,288.74,74.23,0.1226,0,normal
2025-01-01T00:30:53.500000,1211.97,288.31,69.44,0.12,1214.65,288.56,71.51,0.121,0,normal
2025-01-01T00:30:54,1182.72,277.41,73.42,0.1159,1192.3,278.59,76.57,0.1195,0,normal
2025-01-01T00:30:54.500000,1192.55,288.2,75.11,0.1215,1181.88,290.96,67.47,0.1203,0,normal
2025-01-01T00:30:55,1247.85,285.67,72.16,0.1201,1181.02,287.69,74.23,0.118,0,normal
2025-01-01T00:30:55.500000,1140.22,286.99,75.07,0.1186,1129.38,290.79,77.02,0.1232,0,normal
2025-01-01T00:30:56,1241.39,288.39,73.02,0.1181,1213.7,284.75,71.82,0.1185,0,normal
2025-01-01T00:30:56.500000,1205.41,279.46,73.17,0.1168,1187.99,287.83,69.33,0.1082,0,normal
2025-01-01T00:30:57,1190.81,278.88,73.03,0.1158,1271.29,284.95,72.17,0.1081,0,normal
2025-01-01T00:30:57.500000,1203.48,284.66,70.13,0.1203,1180.9,283.15,72.07,0.1172,0,normal
2025-01-01T00:30:58,1205.91,284.63,72.68,0.1181,1148.88,278.94,76.15,0.1257,0,normal
2025-01-01T00:30:58.500000,1229.12,290.48,71.33,0.1211,1203.64,290.64,71.17,0.1206,0,normal
2025-01-01T00:30:59,1201.73,287.28,72.94,0.1203,1205.95,286.93,76.74,0.1096,0,normal
2025-01-01T00:30:59.500000,1176.73,287.88,72.39,0.1209,1232.04,286.83,70.39,0.1238,0,normal
2025-01-01T00:31:00,1200.5,283.09,72.99,0.1223,1210.31,299.68,75.82,0.126,0,normal
2025-01-01T00:31:00.500000,1261.59,284.37,71.33,0.1231,1187.87,285.1,69.16,0.1236,0,normal
2025-01-01T00:31:01,1164.7,284.59,71.98,0.1184,1115.65,269.91,69.85,0.1232,0,normal
2025-01-01T00:31:01.500000,1206.93,284.93,70.73,0.1212,1113.65,264.51,71.3,0.1167,0,normal
2025-01-01T00:31:02,1224.32,285.68,74.38,0.118,1223.37,282.84,75.98,0.1188,0,normal
2025-01-01T00:31:02.500000,1220.51,280.39,71.4,0.1197,1260.64,266.21,71.04,0.1178,0,normal
2025-01-01T00:31:03,1150.15,283.02,69.78,0.1116,1187.41,282.47,71.29,0.1215,0,normal
2025-01-01T00:31:03.500000,1178.89,292.66,71.95,0.1246,1119.36,277.86,73.98,0.1186,0,normal
2025-01-01T00:31:04,1174.24,277.14,73.06,0.1223,1211.68,280.76,68.79,0.1197,0,normal
2025-01-01T00:31:04.500000,1168.43,281.79,73.82,0.1133,1232.52,297.78,74.35,0.1224,0,normal
2025-01-01T00:31:05,1188.87,282.24,68.76,0.1201,1180.69,279.03,71.94,0.1204,0,normal
2025-01-01T00:31:05.500000,1184.75,291.9,73.05,0.1232,1195.04,289.37,69.42,0.124,0,normal
2025-01-01T00:31:06,1195.09,280.63,71.97,0.1189,1311.51,288.72,76.55,0.1268,0,normal
2025-01-01T00:31:06.500000,1200.91,283.1,69.49,0.1169,1231.81,282.42,73.08,0.1078,0,normal
2025-01-01T00:31:07,1210.88,289.69,69.44,0.1213,1264.49,299.36,70.55,0.1247,0,normal
2025-01-01T00:31:07.500000,1234.31,286.72,73.85,0.1199,1218.93,279.69,71.53,0.1226,0,normal
2025-01-01T00:31:08,1183.28,284.04,73.1,0.1274,1101.63,301.9,71.25,0.1258,0,normal
2025-01-01T00:31:08.500000,1227.87,291.69,70.95,0.1192,1197.43,281.94,75.8,0.1195,0,normal
2025-01-01T00:31:09,1161.15,282.29,69.73,0.1192,1232.28,279.4,70.84,0.1184,0,normal
2025-01-01T00:31:09.500000,1203.38,287.21,73.16,0.1281,1205.93,291.29,67.43,0.1177,0,normal
2025-01-01T00:31:10,1193.51,280.65,71.23,0.1196,1175.78,307.25,73.48,0.132,0,normal
2025-01-01T00:31:10.500000,1235.82,282.27,72.05,0.1184,1192.23,276.65,70.73,0.1222,0,normal
2025-01-01T00:31:11,1207.99,286.08,71.91,0.1231,1187.66,296.9,66.68,0.1239,0,normal
2025-01-01T00:31:11.500000,1211.72,282.12,71.49,0.1217,1243.96,270.04,73.81,0.1173,0,normal
2025-01-01T00:31:12,1227.01,277.14,75.52,0.1168,1268.64,284.41,69.64,0.1216,0,normal
2025-01-01T00:31:12.500000,1224.7,278.36,73.01,0.12,1227.7,285.09,70.35,0.1133,0,normal
2025-01-01T00:31:13,1216.14,287.85,72.95,0.1215,1245.35,297.02,66.6,0.1059,0,normal
2025-01-01T00:31:13.500000,1241.23,279.27,70.44,0.119,1120.61,281.74,69.27,0.1186,0,normal
2025-01-01T00:31:14,1206.72,283.53,71.43,0.1209,1250.13,298.71,71.37,0.1309,0,normal
2025-01-01T00:31:14.500000,1221.04,279.73,70.18,0.1179,1269.34,280.71,66.55,0.1186,0,normal
2025-01-01T00:31:15,1152.47,280.49,71.15,0.1205,1249.16,290.93,68.6,0.1178,0,normal
2025-01-01T00:31:15.500000,1201.83,283.88,71.61,0.1138,1144.67,281.55,63.09,0.1238,0,normal
2025-01-01T00:31:16,1167.06,287.94,72.86,0.118,1248.03,291.35,71.11,0.1175,0,normal
2025-01-01T00:31:16.500000,1226.33,285.99,73.5,0.1114,1204.73,271.51,71.93,0.1243,0,normal
2025-01-01T00:31:17,1241.74,280.99,71.24,0.1197,1153.22,293.37,71.8,0.1207,0,normal
2025-01-01T00:31:17.500000,1214.88,284.69,70.82,0.1198,1158.9,285.92,74.87,0.113,0,normal
2025-01-01T00:31:18,1163.22,285.21,70.89,0.1201,1215.38,266.67,73.99,0.113,0,normal
2025-01-01T00:31:18.500000,1199.46,282.18,71.21,0.1261,1215.32,292.74,72.43,0.1237,0,normal
2025-01-01T00:31:19,1210.02,286.09,73.59,0.1206,1309.69,293.21,68.72,0.1189,0,normal
2025-01-01T00:31:19.500000,1209.53,285.19,72.99,0.1229,1134.74,295.95,70.57,0.1164,0,normal
2025-01-01T00:31:20,1185.62,288.46,71.62,0.1176,1179.65,269.66,69.57,0.1126,0,normal
2025-01-01T00:31:20.500000,1193.54,287.84,72.8,0.1245,1249.63,280.48,72.05,0.1198,0,normal
2025-01-01T00:31:21,1148.37,279.8,71.76,0.1194,1224.59,288.96,66.9,0.1231,0,normal
2025-01-01T00:31:21.500000,1204.29,287.66,73.54,0.1195,1259.79,277.4,69.28,0.1226,0,normal
2025-01-01T00:31:22,1191.15,286.12,74.87,0.1214,1210.18,277.57,67.1,0.1196,0,normal
2025-01-01T00:31:22.500000,1225.6,283.62,72.58,0.1251,1267.27,288.67,72.49,0.1109,0,normal
2025-01-01T00:31:23,1184.88,283.8,70.77,0.1209,1291.76,297.98,72.7,0.1247,0,normal
2025-01-01T00:31:23.500000,1182.51,291.26,69.75,0.1233,1223.79,278.54,71.4,0.1132,0,normal
2025-01-01T00:31:24,1173.8,278.2,73.11,0.1243,1096.23,300.72,71.97,0.1217,0,normal
2025-01-01T00:31:24.500000,1164.66,290.65,72.29,0.1241,1258.6,296.41,70.13,0.1188,0,normal
2025-01-01T00:31:25,1185.32,288.83,72.48,0.1238,1253.41,270.23,75.89,0.1257,0,normal
2025-01-01T00:31:25.500000,1191.14,286.5,71.82,0.1222,1182.17,289.09,72.19,0.1174,0,normal
2025-01-01T00:31:26,1204.56,296.57,71.01,0.1191,1167.93,280.18,74.35,0.1243,0,normal
2025-01-01T00:31:26.500000,1199.86,289.39,73.14,0.1194,1126.37,292.09,72.49,0.1201,0,normal
2025-01-01T00:31:27,1188.81,288.18,72.5,0.1191,1141.18,294.13,73.74,0.1215,0,normal
2025-01-01T00:31:27.500000,1136.24,284.84,71.65,0.1178,1236.2,291.11,73.26,0.1262,0,normal
2025-01-01T00:31:28,1175.46,283.06,72.11,0.1178,1234.9,280.54,75.74,0.1144,0,normal
2025-01-01T00:31:28.500000,1251.17,293.68,71.86,0.1241,1180.78,293.66,71.49,0.1123,0,normal
2025-01-01T00:31:29,1115.21,283.85,72.4,0.1248,1201.76,293.57,70.69,0.118,0,normal
2025-01-01T00:31:29.500000,1225.3,274.46,72.02,0.1186,1265.31,280.48,73.49,0.1255,0,normal
2025-01-01T00:31:30,1164.18,284.4,71.38,0.1234,1232.4,283.01,68.98,0.1262,0,normal
2025-01-01T00:31:30.500000,1198.38,278.08,69.79,0.1216,1138.76,300.9,69.3,0.12,0,normal
2025-01-01T00:31:31,1203.82,281.88,68.77,0.1207,1163.84,286.0,71.65,0.1216,0,normal
2025-01-01T00:31:31.500000,1237.48,282.67,71.32,0.114,1190.63,288.5,70.61,0.1225,0,normal
2025-01-01T00:31:32,1195.74,279.43,72.45,0.1193,1205.89,280.15,70.11,0.1209,0,normal
2025-01-01T00:31:32.500000,1194.47,292.37,73.15,0.122,1191.48,267.68,69.67,0.1161,0,normal
2025-01-01T00:31:33,1193.4,284.86,72.94,0.121,1255.64,282.33,72.74,0.1221,0,normal
2025-01-01T00:31:33.500000,1205.9,290.48,73.16,0.1153,1194.51,284.88,78.2,0.118,0,normal
2025-01-01T00:31:34,1176.42,286.87,72.72,0.1197,1189.43,293.11,69.54,0.118,0,normal
2025-01-01T00:31:34.500000,1187.47,289.68,72.41,0.1162,1153.7,301.02,75.12,0.125,0,normal
2025-01-01T00:31:35,1200.29,291.45,70.41,0.1227,1178.72,282.87,74.09,0.1191,0,normal
2025-01-01T00:31:35.500000,1189.57,282.88,69.14,0.1227,1151.68,300.89,71.17,0.1279,0,normal
2025-01-01T00:31:36,1156.58,288.13,73.42,0.1247,1126.65,278.99,73.66,0.1209,0,normal
2025-01-01T00:31:36.500000,1207.04,283.46,74.23,0.1294,1204.99,288.88,72.16,0.1277,0,normal
2025-01-01T00:31:37,1219.9,280.44,71.12,0.1164,1329.35,290.43,70.28,0.1159,0,normal
2025-01-01T00:31:37.500000,1219.33,288.87,73.15,0.1185,1214.68,285.95,69.3,0.1144,0,normal
2025-01-01T00:31:38,1209.89,285.84,72.8,0.1228,1271.97,278.37,73.82,0.1245,0,normal
2025-01-01T00:31:38.500000,1192.51,285.52,71.59,0.1276,1205.03,288.86,71.24,0.1171,0,normal
2025-01-01T00:31:39,1168.75,289.7,73.11,0.1189,1156.78,286.54,70.57,0.1187,0,normal
2025-01-01T00:31:39.500000,1169.67,285.93,72.34,0.1239,1192.76,282.15,67.52,0.1266,0,normal
2025-01-01T00:31:40,1221.43,285.12,70.09,0.1156,1173.74,293.25,72.84,0.111,0,normal
2025-01-01T00:31:40.500000,1209.7,281.41,71.25,0.1235,1236.74,294.35,71.93,0.1253,0,normal
2025-01-01T00:31:41,1185.93,283.9,71.53,0.1201,1138.25,283.08,76.18,0.1134,0,normal
2025-01-01T00:31:41.500000,1168.1,279.66,75.83,0.1217,1187.03,285.58,72.66,0.1162,0,normal
2025-01-01T00:31:42,1187.59,284.33,70.96,0.1186,1216.95,276.47,79.52,0.1245,0,normal
2025-01-01T00:31:42.500000,1169.52,274.41,71.01,0.1225,1223.54,284.05,70.27,0.1146,0,normal
2025-01-01T00:31:43,1190.34,280.67,71.43,0.1248,1162.98,290.22,74.2,0.1135,0,normal
2025-01-01T00:31:43.500000,1179.76,289.57,70.67,0.1198,1297.92,293.38,72.25,0.125,0,normal
2025-01-01T00:31:44,1198.66,289.35,69.05,0.1195,1099.86,286.38,71.32,0.1282,0,normal
2025-01-01T00:31:44.500000,1217.08,282.75,71.42,0.1214,1172.52,284.72,75.79,0.115,0,normal
2025-01-01T00:31:45,1189.26,283.69,76.55,0.1222,1254.34,291.57,74.41,0.1228,0,normal
2025-01-01T00:31:45.500000,1208.77,278.8,72.52,0.1196,1226.18,284.39,74.2,0.1256,0,normal
2025-01-01T00:31:46,1130.11,283.15,69.33,0.1209,1185.57,296.59,72.6,0.1171,0,normal
2025-01-01T00:31:46.500000,1222.53,283.64,71.28,0.1214,1277.42,292.3,73.63,0.1365,0,normal
2025-01-01T00:31:47,1182.42,281.77,72.21,0.1255,1154.8,300.0,67.86,0.1193,0,normal
2025-01-01T00:31:47.500000,1204.16,281.23,71.11,0.1229,1269.19,266.92,72.52,0.1193,0,normal
2025-01-01T00:31:48,1202.58,283.65,70.14,0.1256,1255.65,284.11,70.59,0.1163,0,normal
2025-01-01T00:31:48.500000,1137.94,286.51,73.12,0.1205,1195.86,286.14,69.54,0.117,0,normal
2025-01-01T00:31:49,1196.01,287.98,73.99,0.1192,1149.85,285.3,77.79,0.1143,0,normal
2025-01-01T00:31:49.500000,1221.26,290.71,71.48,0.1175,1227.6,288.02,74.0,0.1324,0,normal
2025-01-01T00:31:50,1204.01,279.9,72.1,0.1209,1260.82,283.32,70.82,0.1118,0,normal
2025-01-01T00:31:50.500000,1213.14,299.31,71.68,0.1216,1173.7,274.05,73.25,0.1202,0,normal
2025-01-01T00:31:51,1142.75,291.88,72.6,0.1203,1179.75,288.47,73.3,0.1224,0,normal
2025-01-01T00:31:51.500000,1225.63,290.54,74.89,0.117,1172.48,288.09,69.76,0.1163,0,normal
2025-01-01T00:31:52,1211.41,288.85,73.84,0.1193,1222.23,287.08,72.05,0.1151,0,normal
2025-01-01T00:31:52.500000,1177.36,287.85,70.8,0.1136,1198.48,297.44,63.95,0.1183,0,normal
2025-01-01T00:31:53,1216.21,277.2,71.69,0.1159,1151.66,281.56,68.77,0.1128,0,normal
2025-01-01T00:31:53.500000,1198.58,294.52,73.09,0.1236,1238.27,279.04,72.9,0.1266,0,normal
2025-01-01T00:31:54,1219.88,285.83,72.75,0.1289,1240.29,282.31,71.79,0.1137,0,normal
2025-01-01T00:31:54.500000,1256.33,291.86,72.12,0.1279,1230.36,281.32,74.61,0.1224,0,normal
2025-01-01T00:31:55,1220.11,279.15,70.83,0.1254,1281.27,297.1,78.39,0.1235,0,normal
2025-01-01T00:31:55.500000,1212.17,281.1,71.16,0.1128,1184.57,267.4,75.11,0.1223,0,normal
2025-01-01T00:31:56,1151.37,284.19,74.83,0.1195,1152.08,269.73,66.94,0.1232,0,normal
2025-01-01T00:31:56.500000,1189.59,283.5,71.38,0.1195,1141.1,287.7,67.9,0.1155,0,normal
2025-01-01T00:31:57,1224.26,286.61,72.99,0.1277,1197.14,285.18,71.24,0.1173,0,normal
2025-01-01T00:31:57.500000,1175.75,285.36,72.51,0.1215,1203.09,292.92,72.08,0.1175,0,normal
2025-01-01T00:31:58,1177.75,278.38,74.1,0.1175,1155.57,281.43,71.2,0.1298,0,normal
2025-01-01T00:31:58.500000,1192.12,296.26,72.09,0.1274,1242.91,288.09,76.54,0.1267,0,normal
2025-01-01T00:31:59,1215.23,294.91,71.28,0.1164,1167.54,299.98,76.18,0.1168,0,normal
2025-01-01T00:31:59.500000,1143.49,284.12,70.54,0.1182,1149.39,271.24,77.42,0.1159,0,normal
2025-01-01T00:32:00,1233.9,284.05,70.37,0.1218,1181.23,283.23,72.42,0.1151,0,normal
2025-01-01T00:32:00.500000,1161.09,284.78,73.39,0.1168,1207.39,297.87,71.74,0.1205,0,normal
2025-01-01T00:32:01,1201.33,282.08,70.57,0.1164,1217.67,291.48,74.32,0.1177,0,normal
2025-01-01T00:32:01.500000,1226.24,286.31,72.1,0.108,1160.76,271.99,73.81,0.1206,0,normal
2025-01-01T00:32:02,1174.27,286.3,69.95,0.1162,1165.91,289.62,76.03,0.1165,0,normal
2025-01-01T00:32:02.500000,1231.74,285.2,72.34,0.1198,1190.53,288.76,74.13,0.1147,0,normal
2025-01-01T00:32:03,1195.46,292.14,72.26,0.121,1256.03,280.71,71.9,0.1249,0,normal
2025-01-01T00:32:03.500000,1229.73,274.89,70.94,0.1164,1194.06,277.11,73.91,0.121,0,normal
2025-01-01T00:32:04,1221.34,289.07,72.98,0.1188,1205.01,281.06,68.07,0.1257,0,normal
2025-01-01T00:32:04.500000,1197.98,278.58,72.77,0.1192,1101.13,273.25,69.98,0.1213,0,normal
2025-01-01T00:32:05,1218.91,288.22,72.87,0.1199,1282.67,290.98,72.64,0.1234,0,normal
2025-01-01T00:32:05.500000,1190.42,284.76,69.0,0.1186,1284.47,286.27,72.31,0.126,0,normal
2025-01-01T00:32:06,1208.59,281.64,72.03,0.1159,1208.81,277.84,74.67,0.1169,0,normal
2025-01-01T00:32:06.500000,1180.21,284.52,72.53,0.1157,1174.98,285.9,75.85,0.1048,0,normal
2025-01-01T00:32:07,1214.76,283.36,71.29,0.1175,1182.53,290.31,70.45,0.13,0,normal
2025-01-01T00:32:07.500000,1214.97,285.85,71.76,0.1243,1264.13,275.07,69.98,0.1238,0,normal
2025-01-01T00:32:08,1222.48,283.72,70.93,0.1203,1270.88,285.35,68.36,0.1207,0,normal
2025-01-01T00:32:08.500000,1218.79,284.57,73.81,0.1231,1197.04,285.37,66.7,0.1273,0,normal
2025-01-01T00:32:09,1192.09,283.29,71.21,0.1216,1145.82,276.59,71.85,0.1162,0,normal
2025-01-01T00:32:09.500000,1208.05,282.48,74.3,0.1225,1232.68,279.83,78.93,0.1174,0,normal
2025-01-01T00:32:10,1182.87,288.02,72.28,0.1171,1305.4,293.34,72.01,0.1344,0,normal
2025-01-01T00:32:10.500000,1219.46,284.95,75.29,0.1224,1229.53,281.7,72.14,0.1175,0,normal
2025-01-01T00:32:11,1234.55,278.12,73.97,0.1168,1197.22,282.48,70.5,0.1241,0,normal
2025-01-01T00:32:11.500000,1199.88,282.15,72.22,0.1175,1174.19,272.2,70.7,0.123,0,normal
2025-01-01T00:32:12,1200.89,292.76,75.76,0.1183,1160.0,294.66,72.97,0.1268,0,normal
2025-01-01T00:32:12.500000,1209.57,284.17,71.73,0.1216,1189.87,295.43,68.25,0.1273,0,normal
2025-01-01T00:32:13,1155.04,285.62,71.52,0.1145,1101.12,275.62,72.13,0.1164,0,normal
2025-01-01T00:32:13.500000,1175.02,290.78,70.23,0.1224,1157.33,275.4,70.26,0.1237,0,normal
2025-01-01T00:32:14,1167.08,286.23,70.62,0.1172,1219.23,303.58,69.38,0.1243,0,normal
2025-01-01T00:32:14.500000,1192.49,282.97,73.54,0.117,1144.6,288.93,76.59,0.1245,0,normal
2025-01-01T00:32:15,1166.23,282.37,73.41,0.1257,1210.98,280.05,76.74,0.1196,0,normal
2025-01-01T00:32:15.500000,1185.46,281.69,70.28,0.1302,1268.21,279.39,76.99,0.1232,0,normal
2025-01-01T00:32:16,1211.38,281.93,71.26,0.1198,1105.65,280.84,72.01,0.1279,0,normal
2025-01-01T00:32:16.500000,1185.2,288.47,69.03,0.1242,1156.78,286.11,73.17,0.1213,0,normal
2025-01-01T00:32:17,1197.44,279.69,70.72,0.1236,1171.33,284.12,67.7,0.1252,0,normal
2025-01-01T00:32:17.500000,1168.33,288.92,70.47,0.1237,1200.49,280.22,76.61,0.1196,0,normal
2025-01-01T00:32:18,1191.32,288.89,69.87,0.1109,1255.58,277.85,74.49,0.1203,0,normal
2025-01-01T00:32:18.500000,1172.06,287.6,71.41,0.1161,1149.54,270.18,73.16,0.1144,0,normal
2025-01-01T00:32:19,1199.17,284.22,70.64,0.1145,1321.62,284.59,77.25,0.127,0,normal
2025-01-01T00:32:19.500000,1192.29,285.77,72.22,0.1266,1239.83,278.1,73.01,0.1248,0,normal
2025-01-01T00:32:20,1171.79,287.11,73.94,0.1169,1165.47,294.92,70.98,0.1141,0,normal
2025-01-01T00:32:20.500000,1221.17,287.47,72.14,0.124,1257.39,284.29,77.69,0.1295,0,normal
2025-01-01T00:32:21,1152.38,280.6,68.75,0.1188,1141.86,278.04,75.14,0.1095,0,normal
2025-01-01T00:32:21.500000,1203.11,285.53,71.88,0.1205,1092.85,278.08,76.44,0.1128,0,normal
2025-01-01T00:32:22,1240.0,278.99,69.8,0.1166,1254.2,280.33,72.99,0.1204,0,normal
2025-01-01T00:32:22.500000,1198.69,290.45,73.11,0.1159,1186.77,299.91,72.92,0.111,0,normal
2025-01-01T00:32:23,1165.51,288.81,73.01,0.1167,1235.89,298.67,76.2,0.1296,0,normal
2025-01-01T00:32:23.500000,1213.33,284.24,71.42,0.1199,1157.95,281.93,75.67,0.1103,0,normal
2025-01-01T00:32:24,1163.02,288.55,71.5,0.1131,1197.06,283.25,70.76,0.1241,0,normal
2025-01-01T00:32:24.500000,1168.0,285.06,71.7,0.1201,1116.86,280.53,72.06,0.1232,0,normal
2025-01-01T00:32:25,1244.31,288.45,72.66,0.1246,1185.42,298.29,75.22,0.1173,0,normal
2025-01-01T00:32:25.500000,1246.17,286.91,75.16,0.1211,1173.03,278.44,70.98,0.1166,0,normal
2025-01-01T00:32:26,1230.51,284.88,69.68,0.1208,1206.02,280.99,72.77,0.1197,0,normal
2025-01-01T00:32:26.500000,1215.21,287.46,72.53,0.1153,1301.71,271.7,71.63,0.1134,0,normal
2025-01-01T00:32:27,1209.51,285.59,71.76,0.1255,1253.21,282.2,74.32,0.1294,0,normal
2025-01-01T00:32:27.500000,1226.43,284.42,69.71,0.1212,1232.09,278.42,72.06,0.1195,0,normal
2025-01-01T00:32:28,1233.31,292.93,73.69,0.1197,1255.09,290.55,71.78,0.1326,0,normal
2025-01-01T00:32:28.500000,1182.29,287.58,73.21,0.119,1226.84,293.08,72.7,0.1228,0,normal
2025-01-01T00:32:29,1202.53,288.41,71.67,0.1189,1200.99,295.12,66.97,0.1145,0,normal
2025-01-01T00:32:29.500000,1254.62,286.18,71.41,0.1229,1162.32,267.02,73.02,0.1156,0,normal
2025-01-01T00:32:30,1202.43,286.41,72.2,0.1138,1201.26,288.8,67.97,0.1109,0,normal
2025-01-01T00:32:30.500000,1174.34,288.19,69.12,0.123,1218.82,282.8,67.74,0.1152,0,normal
2025-01-01T00:32:31,1218.77,290.37,70.51,0.1241,1232.92,284.94,69.87,0.1165,0,normal
2025-01-01T00:32:31.500000,1243.75,285.76,73.92,0.1209,1178.27,289.99,78.21,0.1161,0,normal
2025-01-01T00:32:32,1221.93,285.81,69.91,0.1147,1178.3,287.97,74.53,0.1106,0,normal
2025-01-01T00:32:32.500000,1215.66,284.49,72.0,0.1221,1283.81,287.6,68.09,0.1189,0,normal
2025-01-01T00:32:33,1220.45,288.78,72.96,0.1182,1134.34,290.04,68.5,0.1242,0,normal
2025-01-01T00:32:33.500000,1216.64,283.0,71.84,0.1207,1170.49,273.19,71.89,0.1204,0,normal
2025-01-01T00:32:34,1232.67,281.66,73.54,0.1159,1135.46,282.43,69.29,0.1118,0,normal
2025-01-01T00:32:34.500000,1246.66,283.07,75.33,0.1164,1117.99,296.04,69.91,0.1208,0,normal
2025-01-01T00:32:35,1167.46,284.84,70.02,0.1197,1177.25,286.97,73.8,0.1214,0,normal
2025-01-01T00:32:35.500000,1210.83,284.53,71.37,0.1217,1194.65,284.37,73.15,0.1138,0,normal
2025-01-01T00:32:36,1234.31,283.93,72.18,0.1198,1231.33,287.9,71.86,0.1287,0,normal
2025-01-01T00:32:36.500000,1123.12,290.31,73.33,0.1134,1244.61,294.05,73.62,0.1106,0,normal
2025-01-01T00:32:37,1216.38,289.31,71.18,0.1216,1183.05,292.57,71.1,0.1165,0,normal
2025-01-01T00:32:37.500000,1199.06,279.26,71.8,0.1213,1241.76,287.13,67.87,0.1281,0,normal
2025-01-01T00:32:38,1234.47,285.48,70.92,0.1181,1190.23,287.38,71.12,0.1148,0,normal
2025-01-01T00:32:38.500000,1224.55,286.1,70.48,0.121,1207.77,278.86,75.44,0.1208,0,normal
2025-01-01T00:32:39,1194.8,284.64,72.64,0.1197,1196.13,294.11,67.91,0.1125,0,normal
2025-01-01T00:32:39.500000,1218.65,295.33,73.26,0.1267,1179.15,279.55,73.31,0.1257,0,normal
2025-01-01T00:32:40,1168.52,284.09,71.96,0.1176,1173.01,292.21,73.35,0.1248,0,normal
2025-01-01T00:32:40.500000,1208.08,281.27,72.61,0.1166,1185.04,276.14,70.24,0.1205,0,normal
2025-01-01T00:32:41,1189.02,281.22,73.64,0.1196,1174.66,275.75,66.61,0.1187,0,normal
2025-01-01T00:32:41.500000,1166.92,288.04,72.04,0.1256,1210.71,278.79,66.59,0.1248,0,normal
2025-01-01T00:32:42,1168.83,283.26,74.41,0.1222,1218.71,293.07,74.61,0.1295,0,normal
2025-01-01T00:32:42.500000,1185.55,283.39,70.67,0.1199,1193.65,270.0,70.12,0.1286,0,normal
2025-01-01T00:32:43,1205.86,288.06,71.83,0.1132,1193.83,293.91,68.59,0.1245,0,normal
2025-01-01T00:32:43.500000,1159.16,285.09,72.78,0.1189,1318.68,280.78,70.33,0.1212,0,normal
2025-01-01T00:32:44,1181.88,278.84,70.42,0.1227,1185.36,299.55,70.73,0.1243,0,normal
2025-01-01T00:32:44.500000,1212.26,283.05,70.73,0.1138,1226.55,295.25,67.42,0.1178,0,normal
2025-01-01T00:32:45,1183.99,287.36,71.53,0.1248,1181.55,274.43,70.65,0.1178,0,normal
2025-01-01T00:32:45.500000,1212.63,283.4,72.63,0.1172,1185.86,278.29,69.56,0.1276,0,normal
2025-01-01T00:32:46,1182.84,283.51,73.5,0.1227,1278.78,289.13,70.27,0.1323,0,normal
2025-01-01T00:32:46.500000,1213.97,284.34,72.08,0.1206,1188.63,273.24,76.68,0.1199,0,normal
2025-01-01T00:32:47,1204.4,293.88,71.02,0.1224,1161.97,287.74,72.58,0.1247,0,normal
2025-01-01T00:32:47.500000,1229.0,282.52,74.04,0.1254,1188.0,284.94,70.58,0.1182,0,normal
2025-01-01T00:32:48,1171.12,288.32,69.05,0.1175,1197.78,296.11,70.43,0.1226,0,normal
2025-01-01T00:32:48.500000,1198.06,289.04,72.54,0.123,1173.57,276.33,73.06,0.1171,0,normal
2025-01-01T00:32:49,1200.73,286.36,73.79,0.1228,1167.31,275.21,76.92,0.1105,0,normal
2025-01-01T00:32:49.500000,1189.14,287.76,74.36,0.1193,1201.31,277.52,72.36,0.1131,0,normal
2025-01-01T00:32:50,1181.99,288.27,71.38,0.1233,1192.63,273.3,75.36,0.1121,0,normal
2025-01-01T00:32:50.500000,1185.56,284.15,73.45,0.1181,1155.52,286.39,71.38,0.1172,0,normal
2025-01-01T00:32:51,1205.2,279.85,69.52,0.1277,1205.0,286.49,69.75,0.1254,0,normal
2025-01-01T00:32:51.500000,1187.2,273.09,71.18,0.119,1191.84,283.3,70.14,0.1156,0,normal
2025-01-01T00:32:52,1192.85,277.97,69.18,0.1204,1205.51,292.52,71.26,0.1128,0,normal
2025-01-01T00:32:52.500000,1153.45,281.19,72.61,0.1252,1202.6,274.62,69.47,0.1149,0,normal
2025-01-01T00:32:53,1190.26,289.79,73.73,0.1194,1208.79,278.18,67.08,0.1307,0,normal
2025-01-01T00:32:53.500000,1144.26,277.15,74.59,0.1201,1145.96,290.84,74.23,0.112,0,normal
2025-01-01T00:32:54,1187.21,288.75,70.82,0.121,1268.39,264.54,71.02,0.1216,0,normal
2025-01-01T00:32:54.500000,1156.99,282.74,73.5,0.1175,1128.75,294.67,73.28,0.1196,0,normal
2025-01-01T00:32:55,1197.64,289.4,72.42,0.1223,1166.76,268.61,73.79,0.1266,0,normal
2025-01-01T00:32:55.500000,1194.61,288.8,71.52,0.1197,1284.12,282.51,70.99,0.1088,0,normal
2025-01-01T00:32:56,1216.56,281.97,72.21,0.1189,1178.6,283.99,71.88,0.1271,0,normal
2025-01-01T00:32:56.500000,1236.49,287.78,73.83,0.1231,1223.74,297.44,68.23,0.1159,0,normal
2025-01-01T00:32:57,1180.3,283.71,72.99,0.116,1224.13,279.98,71.0,0.1212,0,normal
2025-01-01T00:32:57.500000,1240.35,281.95,71.88,0.1161,1165.35,275.7,72.7,0.1226,0,normal
2025-01-01T00:32:58,1216.49,281.78,72.73,0.1204,1197.23,274.39,72.44,0.1211,0,normal
2025-01-01T00:32:58.500000,1202.44,286.71,73.0,0.116,1189.6,289.41,71.23,0.1258,0,normal
2025-01-01T00:32:59,1202.16,276.64,73.21,0.1196,1115.05,282.84,68.35,0.1245,0,normal
2025-01-01T00:32:59.500000,1199.14,281.05,73.17,0.1217,1188.68,274.35,69.57,0.1149,0,normal
2025-01-01T00:33:00,1217.92,277.81,71.93,0.1191,1249.71,286.99,73.54,0.1168,0,normal
2025-01-01T00:33:00.500000,1170.46,283.61,73.12,0.1228,1179.33,277.64,68.96,0.1192,0,normal
2025-01-01T00:33:01,1203.28,291.3,72.18,0.1222,1162.54,285.36,72.4,0.1192,0,normal
2025-01-01T00:33:01.500000,1199.48,285.54,72.69,0.1242,1091.25,294.52,67.07,0.1219,0,normal
2025-01-01T00:33:02,1256.54,284.82,72.26,0.1189,1232.03,288.1,70.05,0.1193,0,normal
2025-01-01T00:33:02.500000,1173.16,284.49,71.4,0.1205,1165.92,283.17,72.03,0.1205,0,normal
2025-01-01T00:33:03,1206.58,284.26,70.87,0.1203,1191.41,293.76,75.31,0.1118,0,normal
2025-01-01T00:33:03.500000,1214.81,288.5,70.06,0.1221,1243.01,276.88,71.32,0.1211,0,normal
2025-01-01T00:33:04,1213.69,280.77,73.67,0.1127,1263.54,289.7,70.21,0.1252,0,normal
2025-01-01T00:33:04.500000,1174.85,285.49,72.34,0.1209,1159.69,280.76,72.37,0.1156,0,normal
2025-01-01T00:33:05,1206.51,282.37,73.44,0.1256,1185.72,292.87,71.39,0.1144,0,normal
2025-01-01T00:33:05.500000,1189.78,285.37,69.43,0.1223,1204.13,293.55,73.75,0.1207,0,normal
2025-01-01T00:33:06,1191.46,291.51,75.12,0.1188,1250.03,278.96,70.31,0.1177,0,normal
2025-01-01T00:33:06.500000,1216.43,280.4,74.23,0.1234,1231.75,282.49,74.39,0.1025,0,normal
2025-01-01T00:33:07,1210.58,285.68,69.28,0.1215,1228.36,269.15,68.58,0.1324,0,normal
2025-01-01T00:33:07.500000,1195.53,289.17,73.62,0.1214,1248.83,266.93,71.34,0.1015,0,normal
2025-01-01T00:33:08,1158.09,282.67,71.04,0.1201,1199.01,286.14,72.5,0.122,0,normal
2025-01-01T00:33:08.500000,1176.98,281.9,71.95,0.1199,1148.07,294.25,74.09,0.1148,0,normal
2025-01-01T00:33:09,1195.0,293.59,72.23,0.1214,1170.77,282.32,76.35,0.1207,0,normal
2025-01-01T00:33:09.500000,1198.3,285.03,75.67,0.1201,1160.16,279.4,74.25,0.1114,0,normal
2025-01-01T00:33:10,1210.81,281.91,69.32,0.1165,1201.32,296.93,74.63,0.1182,0,normal
2025-01-01T00:33:10.500000,1223.33,283.47,69.89,0.1201,1127.72,291.77,74.32,0.1147,0,normal
2025-01-01T00:33:11,1203.49,285.58,73.26,0.1155,1228.78,273.74,74.24,0.1264,0,normal
2025-01-01T00:33:11.500000,1183.93,290.21,69.73,0.124,1269.05,287.96,71.44,0.1219,0,normal
2025-01-01T00:33:12,1185.51,296.22,71.16,0.1247,1164.42,298.65,77.8,0.1223,0,normal
2025-01-01T00:33:12.500000,1206.88,280.91,70.45,0.1211,1269.99,280.31,78.36,0.1163,0,normal
2025-01-01T00:33:13,1205.51,285.99,71.85,0.1126,1170.28,286.71,71.72,0.1238,0,normal
2025-01-01T00:33:13.500000,1218.16,283.97,70.61,0.1256,1134.94,279.91,69.55,0.1245,0,normal
2025-01-01T00:33:14,1231.61,284.26,72.33,0.1215,1286.59,269.84,74.14,0.1223,0,normal
2025-01-01T00:33:14.500000,1191.1,286.39,73.07,0.1221,1303.61,286.09,72.08,0.1189,0,normal
2025-01-01T00:33:15,1213.27,284.86,72.02,0.1201,1193.54,279.8,73.2,0.1183,0,normal
2025-01-01T00:33:15.500000,1214.73,285.47,71.44,0.1256,1195.09,290.33,69.98,0.1078,0,normal
2025-01-01T00:33:16,1186.39,275.86,71.66,0.1253,1156.55,266.99,76.32,0.1171,0,normal
2025-01-01T00:33:16.500000,1199.62,288.37,72.75,0.1227,1243.22,270.07,67.93,0.127,0,normal
2025-01-01T00:33:17,1181.24,282.12,70.18,0.1185,1183.23,276.98,68.97,0.1219,0,normal
2025-01-01T00:33:17.500000,1180.62,282.41,68.85,0.127,1245.21,280.77,69.41,0.1201,0,normal
2025-01-01T00:33:18,1199.6,279.55,68.33,0.1181,1124.96,286.47,72.51,0.1142,0,normal
2025-01-01T00:33:18.500000,1187.17,292.54,73.12,0.1184,1310.01,274.77,69.66,0.1193,0,normal
2025-01-01T00:33:19,1163.26,292.65,72.26,0.1172,1221.49,286.25,71.12,0.1127,0,normal
2025-01-01T00:33:19.500000,1165.53,294.35,70.05,0.1261,1159.45,291.75,73.34,0.124,0,normal
2025-01-01T00:33:20,1217.57,278.11,71.03,0.1151,1209.09,273.69,66.29,0.1186,0,normal
2025-01-01T00:33:20.500000,1146.98,286.11,70.19,0.117,1090.54,299.11,67.79,0.1178,0,normal
2025-01-01T00:33:21,1157.0,281.43,74.52,0.1211,1165.27,284.71,70.39,0.1194,0,normal
2025-01-01T00:33:21.500000,1217.85,283.58,72.32,0.1209,1184.35,278.71,70.49,0.1242,0,normal
2025-01-01T00:33:22,1218.78,280.14,71.62,0.1173,1238.4,280.97,78.34,0.1213,0,normal
2025-01-01T00:33:22.500000,1228.37,280.66,72.02,0.1222,1150.4,285.17,75.03,0.118,0,normal
2025-01-01T00:33:23,1179.56,292.71,70.31,0.1206,1166.0,276.99,74.14,0.1188,0,normal
2025-01-01T00:33:23.500000,1209.74,275.36,72.72,0.1174,1109.82,301.11,73.73,0.1214,0,normal
2025-01-01T00:33:24,1229.99,286.06,70.85,0.1194,1167.44,280.72,68.38,0.1142,0,normal
2025-01-01T00:33:24.500000,1221.47,286.42,71.28,0.1163,1180.54,270.6,72.36,0.1257,0,normal
2025-01-01T00:33:25,1256.81,280.28,73.3,0.1175,1145.83,275.35,72.41,0.1144,0,normal
2025-01-01T00:33:25.500000,1185.44,283.12,70.93,0.1171,1083.4,285.74,72.19,0.1152,0,normal
2025-01-01T00:33:26,1208.65,290.97,72.03,0.1248,1307.43,306.64,68.58,0.1129,0,normal
2025-01-01T00:33:26.500000,1189.33,285.55,74.28,0.1223,1142.24,279.77,71.88,0.1111,0,normal
2025-01-01T00:33:27,1200.33,279.92,69.62,0.1166,1219.73,288.46,72.28,0.1259,0,normal
2025-01-01T00:33:27.500000,1221.25,285.87,72.1,0.1205,1192.91,266.41,75.27,0.1224,0,normal
2025-01-01T00:33:28,1170.81,291.1,71.15,0.1196,1249.13,286.88,75.85,0.1179,0,normal
2025-01-01T00:33:28.500000,1240.59,281.67,73.9,0.1118,1147.19,287.55,70.85,0.1196,0,normal
2025-01-01T00:33:29,1201.0,279.91,70.39,0.1208,1168.02,296.47,71.45,0.1243,0,normal
2025-01-01T00:33:29.500000,1210.63,282.43,69.15,0.1243,1153.01,281.55,71.57,0.1197,0,normal
2025-01-01T00:33:30,1223.09,285.02,71.82,0.1237,1228.83,278.71,68.7,0.1151,0,normal
2025-01-01T00:33:30.500000,1198.82,279.67,72.13,0.1195,1077.96,272.98,63.69,0.1179,0,normal
2025-01-01T00:33:31,1225.78,276.92,70.1,0.1194,1148.94,275.86,73.56,0.117,0,normal
2025-01-01T00:33:31.500000,1164.32,276.08,75.18,0.1241,1178.32,285.75,70.59,0.1231,0,normal
2025-01-01T00:33:32,1179.5,282.68,72.66,0.1252,1235.59,295.55,71.1,0.1163,0,normal
2025-01-01T00:33:32.500000,1153.48,285.31,72.55,0.1189,1162.72,295.63,73.82,0.1279,0,normal
2025-01-01T00:33:33,1177.11,281.97,73.73,0.1198,1172.68,280.73,71.97,0.126,0,normal
2025-01-01T00:33:33.500000,1196.15,288.38,72.67,0.1168,1157.8,281.15,68.15,0.1169,0,normal
2025-01-01T00:33:34,1236.32,284.87,70.9,0.1269,1155.33,276.78,75.54,0.124,0,normal
2025-01-01T00:33:34.500000,1196.88,288.56,72.43,0.1157,1084.92,280.15,75.12,0.1174,0,normal
2025-01-01T00:33:35,1211.04,285.79,69.56,0.1185,1217.23,278.27,70.96,0.1224,0,normal
2025-01-01T00:33:35.500000,1201.74,289.48,72.55,0.1166,1177.08,285.17,75.85,0.1172,0,normal
2025-01-01T00:33:36,1158.42,286.88,70.91,0.1154,1200.9,293.32,70.35,0.123,0,normal
2025-01-01T00:33:36.500000,1216.37,288.38,70.95,0.116,1152.73,291.76,73.92,0.1143,0,normal
2025-01-01T00:33:37,1251.18,280.4,73.44,0.1255,1205.27,278.42,69.85,0.1184,0,normal
2025-01-01T00:33:37.500000,1225.94,279.87,69.35,0.1213,1227.92,301.83,68.02,0.1192,0,normal
2025-01-01T00:33:38,1227.88,285.52,71.72,0.1228,1171.23,292.28,68.39,0.1109,0,normal
2025-01-01T00:33:38.500000,1193.43,274.04,72.12,0.1138,1213.56,286.59,71.8,0.1226,0,normal
2025-01-01T00:33:39,1204.9,283.75,74.64,0.1214,1237.05,294.17,73.92,0.1324,0,normal
2025-01-01T00:33:39.500000,1203.98,284.97,71.06,0.1191,1164.9,290.79,69.37,0.1204,0,normal
2025-01-01T00:33:40,1213.43,285.64,70.71,0.1225,1195.9,260.44,69.17,0.1284,0,normal
2025-01-01T00:33:40.500000,1235.62,287.25,73.13,0.1172,1187.51,295.56,73.23,0.1204,0,normal
2025-01-01T00:33:41,1195.52,290.02,73.62,0.1223,1203.18,281.95,74.0,0.1134,0,normal
2025-01-01T00:33:41.500000,1178.53,278.8,73.78,0.1174,1219.39,283.93,80.34,0.1227,0,normal
2025-01-01T00:33:42,1155.31,290.02,71.44,0.1193,1167.72,286.67,72.53,0.1161,0,normal
2025-01-01T00:33:42.500000,1187.8,285.43,68.63,0.1148,1280.16,287.8,70.49,0.1098,0,normal
2025-01-01T00:33:43,1198.65,289.21,75.8,0.1268,1157.43,280.76,67.76,0.115,0,normal
2025-01-01T00:33:43.500000,1194.89,283.43,74.96,0.1153,1197.84,267.36,72.95,0.1119,0,normal
2025-01-01T00:33:44,1226.46,283.76,69.98,0.1124,1153.03,287.05,73.21,0.117,0,normal
2025-01-01T00:33:44.500000,1222.22,280.14,67.79,0.121,1261.92,296.11,68.26,0.1167,0,normal
2025-01-01T00:33:45,1217.37,282.32,72.15,0.1174,1147.71,277.34,74.75,0.1201,0,normal
2025-01-01T00:33:45.500000,1230.53,287.22,74.31,0.1229,1236.45,283.97,80.67,0.1207,0,normal
2025-01-01T00:33:46,1152.64,286.15,70.59,0.1237,1234.84,283.36,69.44,0.1209,0,normal
2025-01-01T00:33:46.500000,1184.61,288.37,72.8,0.1306,1178.63,282.41,71.55,0.1193,0,normal
2025-01-01T00:33:47,1224.65,283.82,74.84,0.1221,1176.68,278.66,75.0,0.1202,0,normal
2025-01-01T00:33:47.500000,1200.22,282.44,71.91,0.1177,1265.36,291.13,71.5,0.1189,0,normal
2025-01-01T00:33:48,1202.21,284.98,70.62,0.1132,1161.71,283.9,69.88,0.1249,0,normal
2025-01-01T00:33:48.500000,1194.5,293.01,71.19,0.1205,1186.13,288.76,75.07,0.1236,0,normal
2025-01-01T00:33:49,1151.26,287.14,70.54,0.1189,1233.09,275.43,75.33,0.1179,0,normal
2025-01-01T00:33:49.500000,1252.1,285.29,74.46,0.1243,1170.67,273.87,72.33,0.1165,0,normal
2025-01-01T00:33:50,1237.91,283.94,71.57,0.115,1220.12,274.96,73.27,0.1235,0,normal
2025-01-01T00:33:50.500000,1182.01,289.09,71.6,0.1147,1274.17,277.1,73.46,0.1226,0,normal
2025-01-01T00:33:51,1209.34,286.59,70.6,0.1261,1245.9,289.06,68.16,0.1141,0,normal
2025-01-01T00:33:51.500000,1215.78,276.43,72.49,0.1152,1158.33,272.94,72.71,0.1267,0,normal
2025-01-01T00:33:52,1208.35,286.96,72.24,0.1225,1222.42,261.79,74.61,0.1248,0,normal
2025-01-01T00:33:52.500000,1191.3,276.56,72.35,0.1212,1178.86,286.6,75.09,0.1344,0,normal
2025-01-01T00:33:53,1203.53,286.43,70.81,0.1182,1193.47,295.07,74.36,0.1316,0,normal
2025-01-01T00:33:53.500000,1164.23,279.34,73.59,0.1252,1201.59,246.82,69.86,0.122,0,normal
2025-01-01T00:33:54,1178.41,285.79,74.73,0.1251,1238.83,284.45,70.58,0.1245,0,normal
2025-01-01T00:33:54.500000,1200.61,285.26,69.77,0.1174,1236.09,275.59,72.77,0.1225,0,normal
2025-01-01T00:33:55,1211.3,287.4,72.9,0.1178,1129.55,277.53,74.1,0.1128,0,normal
2025-01-01T00:33:55.500000,1175.03,280.53,69.34,0.1159,1248.02,278.87,66.96,0.1169,0,normal
2025-01-01T00:33:56,1212.25,277.17,73.37,0.1148,1181.02,281.51,70.38,0.1196,0,normal
2025-01-01T00:33:56.500000,1218.69,284.83,71.13,0.1216,1209.95,279.28,72.12,0.1155,0,normal
2025-01-01T00:33:57,1179.22,288.44,72.64,0.1228,1230.49,277.41,74.88,0.1182,0,normal
2025-01-01T00:33:57.500000,1222.3,284.47,72.45,0.1212,1239.03,271.02,67.46,0.124,0,normal
2025-01-01T00:33:58,1208.55,281.68,72.52,0.1149,1356.69,296.21,73.79,0.1205,0,normal
2025-01-01T00:33:58.500000,1185.15,279.4,71.84,0.1169,1161.53,272.89,72.72,0.1177,0,normal
2025-01-01T00:33:59,1212.84,286.95,72.33,0.1296,1239.54,274.22,73.32,0.1197,0,normal
2025-01-01T00:33:59.500000,1167.8,278.92,72.65,0.1225,1149.78,293.29,72.82,0.1272,0,normal
2025-01-01T00:34:00,1226.15,284.32,74.36,0.116,1314.73,277.49,71.86,0.1166,0,normal
2025-01-01T00:34:00.500000,1190.96,297.5,71.33,0.1231,1188.7,293.01,70.43,0.1215,0,normal
2025-01-01T00:34:01,1215.09,281.91,75.97,0.1225,1189.15,279.04,72.26,0.1127,0,normal
2025-01-01T00:34:01.500000,1242.78,286.84,71.87,0.1238,1165.37,275.12,71.63,0.1208,0,normal
2025-01-01T00:34:02,1212.73,278.69,71.34,0.1089,1143.25,291.12,74.77,0.1131,0,normal
2025-01-01T00:34:02.500000,1192.21,285.11,73.55,0.1255,1207.35,282.77,67.84,0.1206,0,normal
2025-01-01T00:34:03,1249.8,290.52,72.25,0.1211,1166.95,281.95,72.43,0.1209,0,normal
2025-01-01T00:34:03.500000,1224.26,289.11,72.75,0.1164,1153.85,277.41,72.68,0.1078,0,normal
2025-01-01T00:34:04,1199.85,291.02,72.96,0.1187,1166.48,291.89,72.88,0.1185,0,normal
2025-01-01T00:34:04.500000,1185.86,285.33,71.56,0.1228,1259.58,273.31,68.47,0.1281,0,normal
2025-01-01T00:34:05,1203.98,280.16,73.42,0.1212,1305.76,282.99,75.19,0.1113,0,normal
2025-01-01T00:34:05.500000,1233.5,289.04,74.31,0.124,1195.25,274.99,70.27,0.1094,0,normal
2025-01-01T00:34:06,1177.9,286.82,71.93,0.1192,1161.93,269.85,72.52,0.1223,0,normal
2025-01-01T00:34:06.500000,1176.2,282.72,74.22,0.1242,1128.75,284.28,76.19,0.1187,0,normal
2025-01-01T00:34:07,1193.55,289.67,73.42,0.1234,1187.42,290.67,76.3,0.1197,0,normal
2025-01-01T00:34:07.500000,1190.32,290.26,74.95,0.1276,1182.02,282.66,69.04,0.1207,0,normal
2025-01-01T00:34:08,1174.22,282.75,73.01,0.1214,1113.09,298.43,68.87,0.1142,0,normal
2025-01-01T00:34:08.500000,1170.27,282.17,70.71,0.1169,1081.71,286.11,72.67,0.1335,0,normal
2025-01-01T00:34:09,1211.67,282.88,70.27,0.1197,1221.54,280.7,72.18,0.1314,0,normal
2025-01-01T00:34:09.500000,1190.78,276.93,73.26,0.1211,1117.97,288.66,69.13,0.1226,0,normal
2025-01-01T00:34:10,1245.77,284.24,73.56,0.1156,1127.07,302.25,72.89,0.1238,0,normal
2025-01-01T00:34:10.500000,1227.65,282.74,73.19,0.1224,1137.85,297.94,75.76,0.1123,0,normal
2025-01-01T00:34:11,1204.81,284.01,74.04,0.1149,1372.92,283.51,74.13,0.1283,0,normal
2025-01-01T00:34:11.500000,1195.3,284.51,71.28,0.1168,1213.05,283.84,70.53,0.1173,0,normal
2025-01-01T00:34:12,1213.83,281.59,71.64,0.1232,1211.87,276.03,71.93,0.1226,0,normal
2025-01-01T00:34:12.500000,1223.74,281.77,71.2,0.1175,1169.02,288.46,73.71,0.1263,0,normal
2025-01-01T00:34:13,1197.81,278.99,72.96,0.1206,1202.88,274.03,71.44,0.1128,0,normal
2025-01-01T00:34:13.500000,1211.57,283.16,71.25,0.1145,1249.3,282.79,72.25,0.1156,0,normal
2025-01-01T00:34:14,1160.39,282.73,71.46,0.1211,1182.96,278.86,67.67,0.1203,0,normal
2025-01-01T00:34:14.500000,1180.88,290.65,72.22,0.122,1188.06,286.72,69.43,0.1129,0,normal
2025-01-01T00:34:15,1200.36,287.44,69.2,0.1182,1288.42,289.1,76.43,0.1162,0,normal
2025-01-01T00:34:15.500000,1189.01,289.13,72.9,0.1197,1139.4,294.89,79.23,0.1106,0,normal
2025-01-01T00:34:16,1233.69,283.0,71.52,0.121,1142.13,284.68,67.36,0.1229,0,normal
2025-01-01T00:34:16.500000,1253.61,282.27,71.76,0.1196,1247.35,288.47,74.65,0.117,0,normal
2025-01-01T00:34:17,1210.41,270.6,72.96,0.1156,1184.28,291.37,67.58,0.1265,0,normal
2025-01-01T00:34:17.500000,1197.02,291.21,70.7,0.1135,1198.61,290.02,73.93,0.1132,0,normal
2025-01-01T00:34:18,1161.01,283.66,72.74,0.1217,1275.46,281.81,66.69,0.1272,0,normal
2025-01-01T00:34:18.500000,1204.68,286.21,73.1,0.1245,1198.9,295.06,73.59,0.1161,0,normal
2025-01-01T00:34:19,1194.4,287.64,70.98,0.1232,1207.59,288.26,76.15,0.1221,0,normal
2025-01-01T00:34:19.500000,1201.71,284.65,71.81,0.1211,1265.44,279.77,70.02,0.1277,0,normal
2025-01-01T00:34:20,1186.41,285.92,71.15,0.114,1209.51,294.53,71.82,0.1111,0,normal
2025-01-01T00:34:20.500000,1202.62,281.77,68.23,0.1197,1224.85,295.07,77.06,0.1239,0,normal
2025-01-01T00:34:21,1222.41,279.51,74.34,0.1246,1182.38,290.83,73.67,0.1288,0,normal
2025-01-01T00:34:21.500000,1196.37,281.81,71.29,0.1232,1107.85,259.38,74.58,0.1216,0,normal
2025-01-01T00:34:22,1200.44,279.42,69.54,0.1177,1217.36,279.99,74.59,0.1143,0,normal
2025-01-01T00:34:22.500000,1187.54,288.01,71.46,0.1188,1169.11,277.91,73.02,0.1229,0,normal
2025-01-01T00:34:23,1205.45,282.37,71.71,0.1257,1131.79,301.12,72.29,0.1189,0,normal
2025-01-01T00:34:23.500000,1222.88,276.16,73.99,0.1267,1252.22,267.03,74.2,0.1299,0,normal
2025-01-01T00:34:24,1237.03,278.98,73.46,0.1265,1201.41,272.58,74.39,0.1263,0,normal
2025-01-01T00:34:24.500000,1196.66,279.91,73.41,0.1172,1219.07,298.32,67.22,0.1254,0,normal
2025-01-01T00:34:25,1195.04,284.23,72.74,0.1172,1143.6,269.75,75.55,0.1178,0,normal
2025-01-01T00:34:25.500000,1213.68,282.93,70.33,0.1223,1215.74,282.97,72.87,0.1142,0,normal
2025-01-01T00:34:26,1225.45,290.52,73.09,0.1187,1202.85,298.41,75.69,0.132,0,normal
2025-01-01T00:34:26.500000,1181.27,281.28,72.19,0.1215,1193.17,281.67,75.65,0.1195,0,normal
2025-01-01T00:34:27,1170.83,280.3,72.36,0.1308,1153.15,282.31,78.93,0.1171,0,normal
2025-01-01T00:34:27.500000,1210.93,293.02,70.63,0.1189,1176.75,272.02,76.52,0.1165,0,normal
2025-01-01T00:34:28,1178.97,283.1,73.34,0.1204,1162.0,288.5,74.34,0.1199,0,normal
2025-01-01T00:34:28.500000,1194.37,289.34,71.74,0.1258,1163.63,278.32,69.4,0.1186,0,normal
2025-01-01T00:34:29,1200.06,279.33,72.14,0.122,1129.66,280.54,73.63,0.1135,0,normal
2025-01-01T00:34:29.500000,1192.42,289.65,74.59,0.1216,1191.88,280.71,74.62,0.1268,0,normal
2025-01-01T00:34:30,1172.25,288.89,71.13,0.1169,1192.63,293.48,72.89,0.1217,0,normal
2025-01-01T00:34:30.500000,1208.46,287.0,71.84,0.1223,1168.34,290.57,74.47,0.1242,0,normal
2025-01-01T00:34:31,1218.02,286.99,73.69,0.1118,1240.98,301.89,70.21,0.1156,0,normal
2025-01-01T00:34:31.500000,1230.87,281.04,71.04,0.1206,1161.65,292.48,69.72,0.1222,0,normal
2025-01-01T00:34:32,1206.83,292.11,73.68,0.1181,1139.3,292.16,70.12,0.118,0,normal
2025-01-01T00:34:32.500000,1174.56,287.9,71.07,0.1199,1199.06,286.57,73.91,0.1185,0,normal
2025-01-01T00:34:33,1182.21,277.05,72.15,0.1194,1165.9,285.53,74.47,0.1267,0,normal
2025-01-01T00:34:33.500000,1163.16,283.46,73.38,0.1257,1160.77,296.78,68.11,0.1269,0,normal
2025-01-01T00:34:34,1193.24,291.68,71.33,0.1189,1193.6,271.86,66.92,0.1231,0,normal
2025-01-01T00:34:34.500000,1223.72,287.6,70.19,0.1217,1152.47,288.49,75.26,0.1222,0,normal
2025-01-01T00:34:35,1235.24,284.36,71.69,0.1202,1135.55,281.55,71.09,0.1183,0,normal
2025-01-01T00:34:35.500000,1206.44,278.67,70.35,0.1241,1103.65,290.27,70.92,0.121,0,normal
2025-01-01T00:34:36,1237.39,284.44,72.9,0.1202,1194.75,283.01,74.02,0.1156,0,normal
2025-01-01T00:34:36.500000,1172.83,285.32,72.28,0.1134,1199.5,274.51,73.81,0.1092,0,normal
2025-01-01T00:34:37,1246.2,283.55,70.75,0.119,1226.7,292.61,71.21,0.1114,0,normal
2025-01-01T00:34:37.500000,1170.9,286.22,73.42,0.124,1208.07,293.27,77.51,0.1271,0,normal
2025-01-01T00:34:38,1222.13,281.55,73.39,0.1217,1231.23,295.78,73.03,0.1194,0,normal
2025-01-01T00:34:38.500000,1174.32,283.73,72.31,0.121,1211.71,293.2,74.49,0.1196,0,normal
2025-01-01T00:34:39,1179.67,286.64,75.23,0.1212,1185.8,289.58,73.72,0.1235,0,normal
2025-01-01T00:34:39.500000,1232.95,286.65,73.91,0.1208,1272.6,295.32,74.65,0.1247,0,normal
2025-01-01T00:34:40,1255.24,289.6,70.78,0.1209,1187.29,302.65,75.6,0.1322,0,normal
2025-01-01T00:34:40.500000,1181.76,289.71,70.04,0.1143,1180.95,297.93,69.14,0.1199,0,normal
2025-01-01T00:34:41,1228.53,288.62,75.19,0.12,1178.8,275.64,70.94,0.1134,0,normal
2025-01-01T00:34:41.500000,1156.89,293.39,72.07,0.1293,1159.71,281.33,69.77,0.1162,0,normal
2025-01-01T00:34:42,1220.97,287.42,73.26,0.1248,1253.15,276.38,70.49,0.1207,0,normal
2025-01-01T00:34:42.500000,1289.47,288.3,72.15,0.1224,1171.05,287.24,74.75,0.1198,0,normal
2025-01-01T00:34:43,1181.84,284.67,71.54,0.1151,1172.57,273.09,68.44,0.1132,0,normal
2025-01-01T00:34:43.500000,1222.88,291.37,69.79,0.1257,1145.92,291.39,72.74,0.1238,0,normal
2025-01-01T00:34:44,1172.02,277.25,70.84,0.1215,1293.93,276.2,71.72,0.1155,0,normal
2025-01-01T00:34:44.500000,1199.59,276.75,74.16,0.1201,1244.02,283.01,72.55,0.1268,0,normal
2025-01-01T00:34:45,1203.16,285.72,70.86,0.1181,1151.38,278.69,75.6,0.1309,0,normal
2025-01-01T00:34:45.500000,1170.07,286.69,71.54,0.125,1206.47,284.94,69.86,0.1108,0,normal
2025-01-01T00:34:46,1218.26,286.51,72.54,0.1178,1193.0,291.76,74.83,0.1129,0,normal
2025-01-01T00:34:46.500000,1184.8,279.06,72.29,0.1232,1186.62,279.33,71.03,0.1338,0,normal
2025-01-01T00:34:47,1228.61,288.13,72.46,0.12,1156.48,275.92,70.36,0.1143,0,normal
2025-01-01T00:34:47.500000,1185.41,284.56,71.96,0.1178,1223.77,283.38,72.62,0.1155,0,normal
2025-01-01T00:34:48,1216.63,282.71,74.32,0.1192,1195.46,290.08,74.34,0.1255,0,normal
2025-01-01T00:34:48.500000,1242.61,287.83,71.9,0.1181,1193.58,297.69,68.01,0.1151,0,normal
2025-01-01T00:34:49,1194.74,281.44,71.41,0.1265,1185.69,288.52,67.22,0.1134,0,normal
2025-01-01T00:34:49.500000,1222.38,292.13,72.32,0.1189,1223.82,262.79,72.66,0.1137,0,normal
2025-01-01T00:34:50,1219.06,275.63,71.1,0.1199,1163.43,281.79,74.6,0.1199,0,normal
2025-01-01T00:34:50.500000,1177.67,289.02,72.36,0.1211,1157.16,263.22,69.39,0.114,0,normal
2025-01-01T00:34:51,1185.28,281.4,72.16,0.1232,1251.66,292.16,69.41,0.1204,0,normal
2025-01-01T00:34:51.500000,1237.56,278.23,73.94,0.1164,1214.1,288.53,72.55,0.1334,0,normal
2025-01-01T00:34:52,1192.78,277.99,72.51,0.1194,1226.63,292.54,71.9,0.1226,0,normal
2025-01-01T00:34:52.500000,1203.46,292.66,71.47,0.1175,1242.28,277.06,73.13,0.119,0,normal
2025-01-01T00:34:53,1197.57,295.42,73.78,0.1237,1225.47,279.09,72.75,0.1235,0,normal
2025-01-01T00:34:53.500000,1204.78,285.41,71.43,0.121,1174.77,291.01,66.19,0.1282,0,normal
2025-01-01T00:34:54,1168.52,280.44,72.59,0.1219,1299.76,287.53,71.88,0.1211,0,normal
2025-01-01T00:34:54.500000,1238.17,295.36,71.73,0.122,1196.43,284.19,77.41,0.1144,0,normal
2025-01-01T00:34:55,1143.98,286.36,73.73,0.1208,1224.11,291.43,72.32,0.1233,0,normal
2025-01-01T00:34:55.500000,1212.95,276.63,72.16,0.1143,1198.17,280.77,74.98,0.1215,0,normal
2025-01-01T00:34:56,1211.36,284.18,73.52,0.1142,1157.02,296.0,70.75,0.1071,0,normal
2025-01-01T00:34:56.500000,1234.86,289.6,73.02,0.1203,1279.72,295.76,76.46,0.1242,0,normal
2025-01-01T00:34:57,1202.95,283.29,70.17,0.1218,1228.1,282.01,73.77,0.118,0,normal
2025-01-01T00:34:57.500000,1220.82,281.23,70.48,0.1191,1239.78,275.09,75.02,0.1101,0,normal
2025-01-01T00:34:58,1194.08,278.96,68.24,0.1213,1191.47,273.05,70.51,0.1227,0,normal
2025-01-01T00:34:58.500000,1191.16,284.15,71.43,0.1179,1171.42,279.66,69.83,0.1139,0,normal
2025-01-01T00:34:59,1190.89,282.26,70.46,0.1228,1259.17,285.0,72.19,0.1158,0,normal
2025-01-01T00:34:59.500000,1225.61,292.43,71.76,0.1181,1216.39,286.1,70.56,0.1228,0,normal
2025-01-01T00:35:00,1222.52,281.64,75.66,0.1145,1159.12,287.0,78.47,0.1166,0,normal
2025-01-01T00:35:00.500000,1174.42,287.35,71.64,0.1224,1196.6,277.67,78.76,0.1023,0,normal
2025-01-01T00:35:01,1243.69,288.99,70.93,0.1267,1134.17,293.62,66.0,0.1131,0,normal
2025-01-01T00:35:01.500000,1172.44,281.79,72.02,0.117,1102.25,288.96,72.14,0.1225,0,normal
2025-01-01T00:35:02,1204.13,289.08,71.89,0.1236,1162.77,278.86,75.96,0.1281,0,normal
2025-01-01T00:35:02.500000,1213.77,281.2,70.6,0.1248,1261.09,284.46,78.74,0.1228,0,normal
2025-01-01T00:35:03,1173.43,283.82,72.01,0.1203,1260.0,276.82,68.17,0.1236,0,normal
2025-01-01T00:35:03.500000,1187.83,295.36,73.36,0.1181,1258.22,291.25,73.83,0.1193,0,normal
2025-01-01T00:35:04,1210.09,276.01,73.9,0.1076,1178.78,271.36,70.56,0.1196,0,normal
2025-01-01T00:35:04.500000,1171.28,273.14,72.3,0.1275,1183.14,293.2,76.33,0.1086,0,normal
2025-01-01T00:35:05,1189.03,279.54,70.84,0.1261,1210.74,291.74,71.87,0.1127,0,normal
2025-01-01T00:35:05.500000,1216.27,290.35,72.46,0.1218,1140.73,291.04,75.88,0.1224,0,normal
2025-01-01T00:35:06,1156.88,291.99,70.64,0.1214,1245.74,294.23,66.82,0.1207,0,normal
2025-01-01T00:35:06.500000,1201.22,291.15,72.66,0.1252,1225.92,284.37,72.56,0.1291,0,normal
2025-01-01T00:35:07,1168.87,288.87,71.1,0.117,1249.12,277.45,73.09,0.1171,0,normal
2025-01-01T00:35:07.500000,1143.43,287.04,72.18,0.1131,1166.47,269.55,74.11,0.1283,0,normal
2025-01-01T00:35:08,1220.39,289.23,71.25,0.122,1199.56,286.58,74.76,0.1271,0,normal
2025-01-01T00:35:08.500000,1190.65,278.98,71.73,0.1192,1213.66,292.12,66.49,0.116,0,normal
2025-01-01T00:35:09,1176.87,290.35,71.7,0.1182,1225.84,279.93,71.96,0.1309,0,normal
2025-01-01T00:35:09.500000,1242.87,283.26,71.74,0.1178,1107.56,293.86,78.97,0.1173,0,normal
2025-01-01T00:35:10,1180.4,283.83,72.12,0.1159,1177.99,293.68,72.37,0.1276,0,normal
2025-01-01T00:35:10.500000,1208.75,280.34,71.17,0.1209,1146.12,274.29,68.57,0.1231,0,normal
2025-01-01T00:35:11,1191.21,290.05,70.71,0.1112,1193.73,299.09,72.1,0.1118,0,normal
2025-01-01T00:35:11.500000,1161.02,290.12,70.84,0.1256,1231.4,278.42,75.36,0.1145,0,normal
2025-01-01T00:35:12,1165.26,281.29,73.11,0.1241,1180.99,269.03,67.52,0.1136,0,normal
2025-01-01T00:35:12.500000,1168.94,286.13,74.79,0.1229,1145.84,279.06,70.56,0.1223,0,normal
2025-01-01T00:35:13,1237.71,283.0,74.22,0.1276,1183.2,281.79,70.96,0.1204,0,normal
2025-01-01T00:35:13.500000,1191.4,288.78,69.77,0.1181,1215.8,292.44,78.32,0.1123,0,normal
2025-01-01T00:35:14,1184.35,275.31,70.4,0.1136,1174.98,283.05,73.35,0.1182,0,normal
2025-01-01T00:35:14.500000,1211.28,285.49,70.51,0.1139,1228.02,299.08,79.3,0.1256,0,normal
2025-01-01T00:35:15,1234.98,286.97,72.43,0.1204,1194.92,290.19,70.5,0.1191,0,normal
2025-01-01T00:35:15.500000,1171.73,287.03,70.62,0.1201,1224.02,290.01,74.22,0.1187,0,normal
2025-01-01T00:35:16,1211.67,282.92,69.16,0.1219,1214.33,293.66,71.93,0.1104,0,normal
2025-01-01T00:35:16.500000,1197.8,288.79,72.69,0.1195,1120.15,276.23,73.37,0.11,0,normal
2025-01-01T00:35:17,1192.36,285.16,73.66,0.1222,1246.21,287.58,69.57,0.1163,0,normal
2025-01-01T00:35:17.500000,1177.62,287.53,71.0,0.1186,1201.08,299.03,73.89,0.1154,0,normal
2025-01-01T00:35:18,1203.64,292.06,72.89,0.1142,1156.07,276.52,76.15,0.1275,0,normal
2025-01-01T00:35:18.500000,1185.0,282.24,72.06,0.1203,1153.81,282.87,67.81,0.1276,0,normal
2025-01-01T00:35:19,1157.75,277.43,72.63,0.1155,1175.95,285.54,73.94,0.1187,0,normal
2025-01-01T00:35:19.500000,1242.7,285.0,73.71,0.121,1302.3,294.05,72.13,0.1238,0,normal
2025-01-01T00:35:20,1193.74,283.84,70.12,0.1171,1298.93,274.71,70.11,0.1194,0,normal
2025-01-01T00:35:20.500000,1198.55,286.64,71.32,0.1216,1254.83,295.83,71.23,0.1237,0,normal
2025-01-01T00:35:21,1172.49,281.91,70.31,0.1198,1158.76,272.0,70.89,0.1096,0,normal
2025-01-01T00:35:21.500000,1231.85,282.62,73.42,0.1182,1142.64,295.05,72.26,0.1313,0,normal
2025-01-01T00:35:22,1188.8,283.1,73.45,0.1236,1207.36,313.52,71.19,0.1124,0,normal
2025-01-01T00:35:22.500000,1175.94,283.83,74.19,0.1193,1275.17,288.71,75.12,0.1223,0,normal
2025-01-01T00:35:23,1209.1,288.22,71.18,0.118,1216.78,301.6,67.56,0.1078,0,normal
2025-01-01T00:35:23.500000,1193.67,289.41,72.07,0.1158,1203.8,270.18,73.81,0.1181,0,normal
2025-01-01T00:35:24,1198.03,286.83,72.3,0.1181,1249.61,291.81,66.89,0.1186,0,normal
2025-01-01T00:35:24.500000,1174.07,279.58,72.77,0.1185,1193.15,279.27,73.07,0.1241,0,normal
2025-01-01T00:35:25,1252.09,284.23,69.91,0.1182,1240.66,278.39,67.73,0.1155,0,normal
2025-01-01T00:35:25.500000,1187.2,280.37,72.31,0.1197,1237.91,281.19,73.61,0.117,0,normal
2025-01-01T00:35:26,1172.89,282.68,69.67,0.1264,1206.84,278.2,70.91,0.1053,0,normal
2025-01-01T00:35:26.500000,1234.42,290.71,72.15,0.1212,1139.15,274.78,67.11,0.119,0,normal
2025-01-01T00:35:27,1225.46,283.36,72.5,0.1235,1122.04,300.78,75.33,0.1231,0,normal
2025-01-01T00:35:27.500000,1222.18,289.15,72.42,0.1251,1178.27,288.95,75.81,0.1039,0,normal
2025-01-01T00:35:28,1210.51,288.1,69.54,0.121,1161.9,288.39,71.73,0.1143,0,normal
2025-01-01T00:35:28.500000,1226.63,283.21,72.39,0.1247,1156.0,285.07,70.57,0.1184,0,normal
2025-01-01T00:35:29,1251.75,286.95,72.45,0.1219,1220.65,269.39,78.61,0.1112,0,normal
2025-01-01T00:35:29.500000,1241.58,287.64,72.26,0.1189,1325.05,290.17,72.05,0.1168,0,normal
2025-01-01T00:35:30,1184.28,285.22,70.66,0.1224,1169.01,293.59,74.83,0.1197,0,normal
2025-01-01T00:35:30.500000,1213.93,287.69,69.89,0.1262,1187.72,290.95,74.08,0.1051,0,normal
2025-01-01T00:35:31,1184.23,288.59,72.09,0.1225,1204.43,295.51,72.33,0.1285,0,normal
2025-01-01T00:35:31.500000,1176.48,284.45,71.15,0.1214,1186.62,283.04,69.97,0.1172,0,normal
2025-01-01T00:35:32,1199.75,276.36,68.69,0.1202,1067.08,283.35,70.91,0.1233,0,normal
2025-01-01T00:35:32.500000,1183.87,291.71,73.22,0.1146,1186.35,298.06,69.99,0.1197,0,normal
2025-01-01T00:35:33,1233.7,282.69,73.62,0.1167,1061.39,295.5,73.26,0.123,0,normal
2025-01-01T00:35:33.500000,1173.77,280.67,73.66,0.1209,1194.36,286.89,76.34,0.1243,0,normal
2025-01-01T00:35:34,1188.61,279.0,72.85,0.1167,1143.25,296.25,74.51,0.1223,0,normal
2025-01-01T00:35:34.500000,1170.28,292.65,73.48,0.1189,1175.27,285.67,70.62,0.1333,0,normal
2025-01-01T00:35:35,1190.75,280.43,74.29,0.118,1237.75,290.77,71.83,0.1142,0,normal
2025-01-01T00:35:35.500000,1198.84,280.0,71.97,0.1228,1282.45,275.7,71.28,0.1169,0,normal
2025-01-01T00:35:36,1206.57,278.49,70.66,0.1139,1130.96,279.35,76.81,0.1221,0,normal
2025-01-01T00:35:36.500000,1201.56,290.76,72.55,0.1217,1177.29,279.55,68.22,0.1164,0,normal
2025-01-01T00:35:37,1193.27,286.47,71.95,0.1187,1156.24,288.41,70.57,0.1221,0,normal
2025-01-01T00:35:37.500000,1154.08,286.44,73.08,0.1222,1190.56,292.83,68.33,0.1195,0,normal
2025-01-01T00:35:38,1195.36,289.43,69.09,0.1162,1283.87,264.22,74.35,0.1158,0,normal
2025-01-01T00:35:38.500000,1206.11,291.04,72.42,0.1252,1176.37,281.92,74.27,0.1174,0,normal
2025-01-01T00:35:39,1214.34,290.06,73.25,0.1143,1183.61,287.41,71.3,0.1205,0,normal
2025-01-01T00:35:39.500000,1207.08,282.75,71.72,0.1157,1177.06,271.95,72.34,0.1188,0,normal
2025-01-01T00:35:40,1178.02,292.63,71.65,0.121,1169.35,281.46,72.93,0.118,0,normal
2025-01-01T00:35:40.500000,1200.08,288.45,71.25,0.1152,1126.74,297.3,74.68,0.1239,0,normal
2025-01-01T00:35:41,1189.53,279.3,71.59,0.1197,1145.69,272.43,67.02,0.1239,0,normal
2025-01-01T00:35:41.500000,1171.07,286.32,71.43,0.1221,1216.12,283.02,72.38,0.1193,0,normal
2025-01-01T00:35:42,1185.23,289.19,71.39,0.1197,1132.07,287.34,70.24,0.1171,0,normal
2025-01-01T00:35:42.500000,1179.85,284.47,69.11,0.1225,1198.14,281.0,67.54,0.1226,0,normal
2025-01-01T00:35:43,1184.78,290.58,72.7,0.1255,1206.57,294.22,73.33,0.1173,0,normal
2025-01-01T00:35:43.500000,1204.49,281.43,74.98,0.1196,1201.26,288.33,68.87,0.1279,0,normal
2025-01-01T00:35:44,1175.39,279.65,71.76,0.1154,1274.97,283.03,62.72,0.1212,0,normal
2025-01-01T00:35:44.500000,1213.28,283.2,70.05,0.1196,1176.88,276.66,68.94,0.1209,0,normal
2025-01-01T00:35:45,1221.67,286.97,69.51,0.1222,1237.08,296.92,69.26,0.1197,0,normal
2025-01-01T00:35:45.500000,1213.62,282.74,72.79,0.1199,1159.37,278.49,75.6,0.114,0,normal
2025-01-01T00:35:46,1171.97,286.47,71.96,0.1153,1175.07,278.02,70.15,0.1351,0,normal
2025-01-01T00:35:46.500000,1192.74,281.23,74.91,0.1232,1234.79,277.88,75.43,0.1249,0,normal
2025-01-01T00:35:47,1203.53,277.66,71.97,0.1262,1210.58,281.78,71.34,0.119,0,normal
2025-01-01T00:35:47.500000,1180.81,284.82,74.08,0.1248,1163.79,295.91,74.19,0.1238,0,normal
2025-01-01T00:35:48,1210.37,281.02,71.42,0.123,1142.07,276.1,72.88,0.1153,0,normal
2025-01-01T00:35:48.500000,1219.77,281.78,72.35,0.1212,1176.86,282.95,70.04,0.1199,0,normal
2025-01-01T00:35:49,1176.92,284.04,73.08,0.1159,1176.62,289.43,66.02,0.1311,0,normal
2025-01-01T00:35:49.500000,1225.09,278.42,68.97,0.1201,1146.23,293.22,73.13,0.1207,0,normal
2025-01-01T00:35:50,1186.31,291.84,73.08,0.1222,1257.6,276.29,75.7,0.1184,0,normal
2025-01-01T00:35:50.500000,1208.03,284.33,69.3,0.1234,1112.42,276.74,70.7,0.1083,0,normal
2025-01-01T00:35:51,1173.59,286.05,71.5,0.119,1156.08,285.39,71.06,0.1102,0,normal
2025-01-01T00:35:51.500000,1195.18,279.69,73.29,0.1186,1321.03,293.27,71.62,0.1235,0,normal
2025-01-01T00:35:52,1149.84,289.11,70.82,0.1203,1165.07,279.69,71.48,0.1205,0,normal
2025-01-01T00:35:52.500000,1199.35,284.99,69.66,0.1284,1211.14,288.74,71.02,0.1148,0,normal
2025-01-01T00:35:53,1203.62,286.24,73.87,0.1275,1270.9,269.9,70.67,0.122,0,normal
2025-01-01T00:35:53.500000,1190.39,284.81,68.91,0.1233,1109.98,271.56,69.08,0.1194,0,normal
2025-01-01T00:35:54,1161.05,280.47,73.65,0.1196,1220.81,274.43,71.84,0.1192,0,normal
2025-01-01T00:35:54.500000,1180.91,284.78,69.28,0.1216,1180.82,282.8,74.45,0.1226,0,normal
2025-01-01T00:35:55,1192.36,280.23,73.91,0.1152,1230.21,271.34,74.64,0.1261,0,normal
2025-01-01T00:35:55.500000,1154.1,286.92,72.53,0.1225,1217.53,276.77,71.37,0.13,0,normal
2025-01-01T00:35:56,1173.41,286.38,73.66,0.1164,1131.99,274.17,73.14,0.1124,0,normal
2025-01-01T00:35:56.500000,1196.75,290.86,71.93,0.1172,1206.02,284.41,73.3,0.1297,0,normal
2025-01-01T00:35:57,1209.52,293.69,72.66,0.1172,1309.84,283.93,68.96,0.1339,0,normal
2025-01-01T00:35:57.500000,1182.41,281.7,71.21,0.1206,1244.68,262.35,74.67,0.1167,0,normal
2025-01-01T00:35:58,1190.09,292.33,72.31,0.1216,1197.67,291.53,76.66,0.1051,0,normal
2025-01-01T00:35:58.500000,1226.03,291.61,72.72,0.1176,1144.69,305.19,69.39,0.1291,0,normal
2025-01-01T00:35:59,1209.37,293.75,71.54,0.1142,1200.1,272.29,79.71,0.1238,0,normal
2025-01-01T00:35:59.500000,1218.68,288.33,71.0,0.1195,1205.3,301.62,68.67,0.1156,0,normal
2025-01-01T00:36:00,1191.29,282.12,69.9,0.1103,1112.31,294.4,71.98,0.125,0,normal
2025-01-01T00:36:00.500000,1186.02,284.58,74.32,0.1256,1245.21,286.73,73.49,0.1222,0,normal
2025-01-01T00:36:01,1195.99,283.27,73.62,0.1153,1271.39,282.64,68.22,0.1167,0,normal
2025-01-01T00:36:01.500000,1179.01,282.54,71.14,0.1177,1185.22,284.45,74.2,0.1185,0,normal
2025-01-01T00:36:02,1207.82,285.03,72.78,0.1202,1168.95,277.15,72.61,0.1276,0,normal
2025-01-01T00:36:02.500000,1194.5,282.0,71.63,0.118,1167.98,272.66,71.3,0.1214,0,normal
2025-01-01T00:36:03,1174.03,281.25,70.63,0.115,1154.13,283.31,68.13,0.1192,0,normal
2025-01-01T00:36:03.500000,1183.12,281.03,72.54,0.1177,1177.44,296.1,69.35,0.1294,0,normal
2025-01-01T00:36:04,1191.65,280.14,71.2,0.1202,1260.22,291.83,72.18,0.1276,0,normal
2025-01-01T00:36:04.500000,1154.86,286.07,72.45,0.1212,1122.71,276.31,71.52,0.1267,0,normal
2025-01-01T00:36:05,1245.97,282.16,70.11,0.1229,1325.49,294.46,69.84,0.1372,0,normal
2025-01-01T00:36:05.500000,1216.48,281.62,74.79,0.1169,1170.19,291.21,71.93,0.1202,0,normal
2025-01-01T00:36:06,1200.93,289.76,68.65,0.121,1186.07,278.57,69.83,0.1042,0,normal
2025-01-01T00:36:06.500000,1180.84,290.52,73.2,0.1193,1132.26,292.03,75.77,0.1262,0,normal
2025-01-01T00:36:07,1176.75,281.3,74.38,0.1156,1222.95,269.8,71.14,0.1235,0,normal
2025-01-01T00:36:07.500000,1199.28,287.24,70.23,0.117,1223.13,290.96,72.63,0.1257,0,normal
2025-01-01T00:36:08,1160.23,283.01,74.62,0.1246,1230.41,283.67,74.98,0.1226,0,normal
2025-01-01T00:36:08.500000,1163.58,289.26,70.75,0.1227,1122.43,298.67,71.21,0.1133,0,normal
2025-01-01T00:36:09,1183.48,283.56,71.99,0.1247,1203.37,266.44,68.46,0.1365,0,normal
2025-01-01T00:36:09.500000,1203.25,289.06,71.56,0.1164,1176.9,286.1,70.67,0.1315,0,normal
2025-01-01T00:36:10,1185.21,280.49,73.16,0.1234,1201.44,279.85,66.53,0.1273,0,normal
2025-01-01T00:36:10.500000,1220.85,283.12,72.09,0.1192,1278.18,276.13,70.21,0.1157,0,normal
2025-01-01T00:36:11,1207.44,285.24,72.29,0.1168,1271.28,281.12,75.42,0.1388,0,normal
2025-01-01T00:36:11.500000,1179.04,286.46,71.81,0.1273,1186.53,287.13,72.65,0.1194,0,normal
2025-01-01T00:36:12,1218.13,285.4,72.69,0.1208,1170.98,282.7,73.6,0.1233,0,normal
2025-01-01T00:36:12.500000,1229.88,292.95,71.25,0.1205,1190.72,275.53,73.63,0.1247,0,normal
2025-01-01T00:36:13,1174.15,283.4,71.32,0.1146,1198.25,275.21,72.46,0.1216,0,normal
2025-01-01T00:36:13.500000,1209.43,286.89,74.2,0.1171,1163.59,290.6,71.62,0.1268,0,normal
2025-01-01T00:36:14,1213.48,293.2,71.87,0.1147,1216.35,284.39,73.54,0.124,0,normal
2025-01-01T00:36:14.500000,1187.17,280.69,71.79,0.1114,1203.87,281.52,74.48,0.1081,0,normal
2025-01-01T00:36:15,1200.15,291.74,72.97,0.1235,1216.31,270.79,72.48,0.1225,0,normal
2025-01-01T00:36:15.500000,1174.12,284.46,67.82,0.1188,1179.05,296.99,70.26,0.1184,0,normal
2025-01-01T00:36:16,1198.1,282.48,73.04,0.1128,1254.56,284.9,75.75,0.1035,0,normal
2025-01-01T00:36:16.500000,1141.53,283.75,72.73,0.118,1228.02,293.39,73.92,0.1206,0,normal
2025-01-01T00:36:17,1202.29,282.37,71.92,0.1163,1162.33,289.4,70.67,0.1156,0,normal
2025-01-01T00:36:17.500000,1210.78,286.62,71.69,0.1195,1219.97,293.28,72.58,0.1128,0,normal
2025-01-01T00:36:18,1194.69,283.26,70.48,0.1218,1227.59,291.21,69.15,0.1209,0,normal
2025-01-01T00:36:18.500000,1199.85,286.31,72.19,0.12,1193.63,294.46,69.52,0.119,0,normal
2025-01-01T00:36:19,1225.95,281.53,70.91,0.1226,1131.65,290.65,70.59,0.1225,0,normal
2025-01-01T00:36:19.500000,1170.7,290.07,70.25,0.1226,1143.58,300.46,71.79,0.1317,0,normal
2025-01-01T00:36:20,1180.35,283.11,73.74,0.1149,1166.44,289.23,69.07,0.1231,0,normal
2025-01-01T00:36:20.500000,1204.09,278.53,73.39,0.1155,1237.02,286.1,70.69,0.1134,0,normal
2025-01-01T00:36:21,1207.9,281.27,73.74,0.1245,1278.82,287.4,70.84,0.1182,0,normal
2025-01-01T00:36:21.500000,1191.12,286.06,72.63,0.1244,1200.97,273.0,70.83,0.1293,0,normal
2025-01-01T00:36:22,1162.64,288.16,71.44,0.1168,1218.99,298.35,72.98,0.1184,0,normal
2025-01-01T00:36:22.500000,1168.89,284.58,70.08,0.1189,1196.97,264.82,76.0,0.1126,0,normal
2025-01-01T00:36:23,1195.54,287.28,73.88,0.1171,1079.56,294.22,68.4,0.1222,0,normal
2025-01-01T00:36:23.500000,1210.12,271.1,69.67,0.1183,1075.96,273.56,72.35,0.1195,0,normal
2025-01-01T00:36:24,1207.26,286.92,69.58,0.1154,1236.55,298.03,69.21,0.1216,0,normal
2025-01-01T00:36:24.500000,1219.37,286.02,71.64,0.1177,1295.29,285.82,73.12,0.1219,0,normal
2025-01-01T00:36:25,1180.5,285.22,71.54,0.1188,1215.21,277.17,68.53,0.123,0,normal
2025-01-01T00:36:25.500000,1187.24,283.53,69.22,0.1235,1225.15,291.05,73.12,0.1109,0,normal
2025-01-01T00:36:26,1205.5,282.4,70.61,0.1218,1279.61,297.77,73.79,0.1198,0,normal
2025-01-01T00:36:26.500000,1194.83,281.13,71.61,0.1233,1287.51,278.02,66.25,0.1168,0,normal
2025-01-01T00:36:27,1221.69,293.86,73.89,0.1246,1159.22,277.98,68.19,0.116,0,normal
2025-01-01T00:36:27.500000,1221.94,291.94,72.5,0.1191,1148.8,284.04,72.59,0.1112,0,normal
2025-01-01T00:36:28,1222.12,283.19,73.24,0.12,1214.27,279.0,71.01,0.1239,0,normal
2025-01-01T00:36:28.500000,1196.84,280.28,72.16,0.1214,1265.9,294.85,71.81,0.1167,0,normal
2025-01-01T00:36:29,1194.52,282.76,72.73,0.1237,1259.51,281.48,70.53,0.1175,0,normal
2025-01-01T00:36:29.500000,1153.63,279.86,71.95,0.1214,1223.58,278.33,70.59,0.1184,0,normal
2025-01-01T00:36:30,1190.85,287.94,70.12,0.1159,1185.68,273.32,66.53,0.111,0,normal
2025-01-01T00:36:30.500000,1194.17,287.7,72.94,0.1257,1204.88,287.02,71.28,0.1188,0,normal
2025-01-01T00:36:31,1249.93,286.12,72.5,0.1159,1219.7,290.63,75.2,0.1238,0,normal
2025-01-01T00:36:31.500000,1196.96,284.28,71.9,0.1204,1260.85,294.17,74.17,0.1322,0,normal
2025-01-01T00:36:32,1136.25,283.03,71.98,0.1176,1155.37,270.32,71.1,0.1254,0,normal
2025-01-01T00:36:32.500000,1218.57,281.78,72.32,0.1249,1127.04,283.64,72.83,0.1201,0,normal
2025-01-01T00:36:33,1220.42,278.6,70.55,0.1225,1118.29,291.94,73.3,0.1245,0,normal
2025-01-01T00:36:33.500000,1188.74,287.18,70.31,0.1185,1201.74,277.32,72.63,0.1131,0,normal
2025-01-01T00:36:34,1206.45,292.45,70.19,0.1199,1122.34,277.88,74.02,0.1174,0,normal
2025-01-01T00:36:34.500000,1217.82,286.52,71.91,0.1163,1232.9,287.6,67.6,0.1142,0,normal
2025-01-01T00:36:35,1133.54,279.16,71.55,0.1162,1160.08,296.89,74.96,0.1158,0,normal
2025-01-01T00:36:35.500000,1219.04,290.19,72.89,0.1211,1252.72,291.58,68.51,0.1189,0,normal
2025-01-01T00:36:36,1186.75,289.93,71.16,0.1173,1249.28,287.22,78.08,0.1148,0,normal
2025-01-01T00:36:36.500000,1187.55,289.8,70.16,0.1248,1142.04,290.22,66.69,0.1203,0,normal
2025-01-01T00:36:37,1167.13,293.23,70.46,0.117,1225.7,279.86,74.02,0.1157,0,normal
2025-01-01T00:36:37.500000,1181.09,284.88,70.25,0.1214,1242.11,289.73,73.85,0.1085,0,normal
2025-01-01T00:36:38,1188.92,284.03,74.09,0.1179,1089.52,276.42,70.1,0.1071,0,normal
2025-01-01T00:36:38.500000,1223.25,278.29,72.64,0.1161,1272.34,282.64,70.62,0.1232,0,normal
2025-01-01T00:36:39,1175.82,287.46,71.31,0.1179,1195.8,275.68,71.45,0.122,0,normal
2025-01-01T00:36:39.500000,1144.59,289.67,73.18,0.1133,1103.5,292.2,74.2,0.1237,0,normal
2025-01-01T00:36:40,1165.75,292.82,70.91,0.1209,1212.09,298.62,72.36,0.1225,0,normal
2025-01-01T00:36:40.500000,1198.15,279.88,68.66,0.1201,1132.21,287.99,72.43,0.1207,0,normal
2025-01-01T00:36:41,1174.73,289.43,72.68,0.1157,1299.29,283.2,68.16,0.1154,0,normal
2025-01-01T00:36:41.500000,1163.79,290.81,73.56,0.1227,1226.45,295.67,71.3,0.1225,0,normal
2025-01-01T00:36:42,1180.51,284.34,72.65,0.1089,1170.25,286.41,71.78,0.1173,0,normal
2025-01-01T00:36:42.500000,1214.14,281.97,70.24,0.1243,1250.05,279.88,71.8,0.1251,0,normal
2025-01-01T00:36:43,1201.06,287.27,72.68,0.1189,1224.76,276.75,73.14,0.1196,0,normal
2025-01-01T00:36:43.500000,1191.34,279.67,72.19,0.1201,1159.7,271.35,67.26,0.1185,0,normal
2025-01-01T00:36:44,1207.36,292.91,71.93,0.1141,1190.07,295.7,70.03,0.1267,0,normal
2025-01-01T00:36:44.500000,1204.22,287.77,74.68,0.1134,1243.03,284.19,69.27,0.1194,0,normal
2025-01-01T00:36:45,1240.58,290.71,69.12,0.1172,1245.26,284.81,71.95,0.1106,0,normal
2025-01-01T00:36:45.500000,1182.11,279.19,69.62,0.1155,1155.45,278.49,69.57,0.1261,0,normal
2025-01-01T00:36:46,1178.23,291.1,71.3,0.1216,1222.61,277.32,71.06,0.117,0,normal
2025-01-01T00:36:46.500000,1208.94,284.45,70.92,0.1204,1216.3,300.82,72.2,0.1201,0,normal
2025-01-01T00:36:47,1210.28,280.94,69.52,0.1189,1251.46,295.55,66.59,0.124,0,normal
2025-01-01T00:36:47.500000,1147.56,286.96,72.58,0.1138,1248.0,299.91,71.82,0.1208,0,normal
2025-01-01T00:36:48,1235.5,280.18,70.41,0.117,1201.78,285.29,70.41,0.1182,0,normal
2025-01-01T00:36:48.500000,1187.05,282.9,70.89,0.1173,1103.95,283.09,66.37,0.1245,0,normal
2025-01-01T00:36:49,1186.56,284.49,71.46,0.1191,1260.64,273.44,67.32,0.1207,0,normal
2025-01-01T00:36:49.500000,1188.1,286.54,73.03,0.116,1228.96,276.26,72.21,0.1126,0,normal
2025-01-01T00:36:50,1203.17,284.91,70.41,0.1151,1236.03,281.13,74.91,0.1167,0,normal
2025-01-01T00:36:50.500000,1231.25,280.95,74.12,0.1206,1219.19,276.42,74.1,0.1246,0,normal
2025-01-01T00:36:51,1192.21,275.88,70.4,0.116,1221.57,281.02,70.72,0.1166,0,normal
2025-01-01T00:36:51.500000,1235.26,285.19,72.28,0.1178,1198.58,276.66,72.99,0.1131,0,normal
2025-01-01T00:36:52,1217.86,281.86,73.37,0.1269,1200.05,296.21,74.16,0.1114,0,normal
2025-01-01T00:36:52.500000,1202.66,287.14,72.86,0.1206,1207.93,285.04,72.38,0.1127,0,normal
2025-01-01T00:36:53,1194.33,278.79,71.28,0.1179,1168.58,276.01,72.78,0.1181,0,normal
2025-01-01T00:36:53.500000,1189.91,278.98,71.57,0.1241,1255.72,288.19,71.15,0.1234,0,normal
2025-01-01T00:36:54,1183.98,283.72,70.93,0.1233,1237.44,284.7,76.99,0.1225,0,normal
2025-01-01T00:36:54.500000,1208.55,286.06,70.18,0.1168,1197.38,284.6,73.7,0.116,0,normal
2025-01-01T00:36:55,1201.7,285.38,72.18,0.1201,1132.62,265.67,69.29,0.1168,0,normal
2025-01-01T00:36:55.500000,1171.72,284.76,73.57,0.1226,1222.38,293.42,69.34,0.1173,0,normal
2025-01-01T00:36:56,1214.76,282.97,71.4,0.1267,1204.58,300.08,66.75,0.1162,0,normal
2025-01-01T00:36:56.500000,1209.81,285.4,69.04,0.1192,1318.7,287.11,73.74,0.1161,0,normal
2025-01-01T00:36:57,1205.84,284.95,73.61,0.1239,1219.56,285.61,67.16,0.1097,0,normal
2025-01-01T00:36:57.500000,1201.97,288.74,73.92,0.1168,1127.56,292.98,69.65,0.1105,0,normal
2025-01-01T00:36:58,1188.15,282.82,73.9,0.1231,1164.61,296.95,72.36,0.1264,0,normal
2025-01-01T00:36:58.500000,1231.85,283.88,72.82,0.1185,1244.64,285.77,74.77,0.1291,0,normal
2025-01-01T00:36:59,1213.13,284.6,71.89,0.1094,1165.79,292.97,74.79,0.1156,0,normal
2025-01-01T00:36:59.500000,1203.95,284.19,72.99,0.128,1234.01,279.27,71.77,0.1284,0,normal
2025-01-01T00:37:00,1166.19,282.37,73.02,0.1247,1229.23,279.81,73.55,0.1225,0,normal
2025-01-01T00:37:00.500000,1208.42,284.59,72.08,0.1167,1319.05,286.34,73.58,0.1187,0,normal
2025-01-01T00:37:01,1220.29,279.45,69.49,0.1199,1298.59,295.33,69.67,0.1231,0,normal
2025-01-01T00:37:01.500000,1184.74,286.82,72.73,0.1233,1124.85,274.18,71.78,0.1138,0,normal
2025-01-01T00:37:02,1173.37,286.16,70.68,0.1281,1174.41,282.69,72.86,0.111,0,normal
2025-01-01T00:37:02.500000,1212.2,286.46,71.5,0.121,1220.56,297.27,79.2,0.1136,0,normal
2025-01-01T00:37:03,1168.86,285.44,69.01,0.1223,1205.43,288.14,71.13,0.1215,0,normal
2025-01-01T00:37:03.500000,1211.33,285.86,70.06,0.1206,1288.99,287.06,72.39,0.1294,0,normal
2025-01-01T00:37:04,1182.11,288.8,71.24,0.1239,1238.31,281.48,71.23,0.1259,0,normal
2025-01-01T00:37:04.500000,1155.47,283.11,72.89,0.1189,1206.47,267.55,69.54,0.1241,0,normal
2025-01-01T00:37:05,1181.98,279.43,73.53,0.1219,1147.75,286.18,68.96,0.1191,0,normal
2025-01-01T00:37:05.500000,1204.22,281.54,73.07,0.1232,1212.65,288.54,67.82,0.1282,0,normal
2025-01-01T00:37:06,1197.81,281.0,72.21,0.1227,1224.59,275.73,74.18,0.1196,0,normal
2025-01-01T00:37:06.500000,1212.03,281.57,73.51,0.1207,1257.06,271.88,67.96,0.1186,0,normal
2025-01-01T00:37:07,1235.22,293.39,70.72,0.1202,1207.45,291.14,74.55,0.1133,0,normal
2025-01-01T00:37:07.500000,1201.55,276.41,73.17,0.1188,1142.14,287.84,70.93,0.1276,0,normal
2025-01-01T00:37:08,1178.58,294.5,73.23,0.1246,1150.62,300.29,68.51,0.1187,0,normal
2025-01-01T00:37:08.500000,1231.31,287.17,70.22,0.1241,1216.32,281.44,67.56,0.1226,0,normal
2025-01-01T00:37:09,1196.08,285.67,69.72,0.1185,1223.05,301.04,71.41,0.1287,0,normal
2025-01-01T00:37:09.500000,1218.9,286.0,70.54,0.1165,1229.64,280.5,70.23,0.1189,0,normal
2025-01-01T00:37:10,1196.07,288.85,71.27,0.1229,1221.11,270.69,72.85,0.104,0,normal
2025-01-01T00:37:10.500000,1178.51,286.98,71.98,0.1136,1146.28,262.69,68.13,0.1235,0,normal
2025-01-01T00:37:11,1186.62,285.73,72.02,0.1201,1249.11,283.27,74.62,0.1051,0,normal
2025-01-01T00:37:11.500000,1226.67,279.48,70.45,0.1175,1252.03,277.4,70.11,0.1142,0,normal
2025-01-01T00:37:12,1206.13,288.18,74.45,0.1286,1231.21,288.13,68.49,0.1315,0,normal
2025-01-01T00:37:12.500000,1205.17,283.76,72.56,0.1177,1087.79,289.89,75.87,0.1233,0,normal
2025-01-01T00:37:13,1199.83,285.06,72.25,0.1205,1197.09,285.22,76.48,0.1228,0,normal
2025-01-01T00:37:13.500000,1202.52,287.82,72.95,0.1234,1163.67,280.89,69.66,0.1246,0,normal
2025-01-01T00:37:14,1217.23,279.56,72.56,0.1249,1188.7,287.68,74.1,0.1121,0,normal
2025-01-01T00:37:14.500000,1203.65,290.44,71.15,0.123,1201.3,279.23,71.72,0.1168,0,normal
2025-01-01T00:37:15,1178.68,283.91,72.1,0.1194,1187.26,286.93,73.53,0.1131,0,normal
2025-01-01T00:37:15.500000,1193.94,276.56,71.77,0.1205,1227.35,286.32,73.58,0.1204,0,normal
2025-01-01T00:37:16,1183.79,280.23,71.62,0.1172,1194.25,280.79,73.21,0.1203,0,normal
2025-01-01T00:37:16.500000,1210.74,286.89,71.74,0.1196,1224.08,305.91,69.15,0.1203,0,normal
2025-01-01T00:37:17,1171.3,284.91,71.03,0.1196,1207.45,280.82,66.86,0.1286,0,normal
2025-01-01T00:37:17.500000,1220.14,284.44,70.71,0.1203,1217.33,291.58,74.48,0.1263,0,normal
2025-01-01T00:37:18,1158.22,283.7,73.43,0.1167,1258.52,300.48,75.43,0.124,0,normal
2025-01-01T00:37:18.500000,1189.26,286.2,70.06,0.1172,1165.88,285.53,70.87,0.1216,0,normal
2025-01-01T00:37:19,1221.07,281.97,72.21,0.1185,1209.13,290.87,74.65,0.124,0,normal
2025-01-01T00:37:19.500000,1209.94,278.93,70.44,0.117,1217.21,273.96,72.97,0.1216,0,normal
2025-01-01T00:37:20,1153.54,280.35,73.5,0.1225,1159.18,276.15,64.94,0.1288,0,normal
2025-01-01T00:37:20.500000,1200.99,293.05,71.72,0.121,1242.78,299.01,73.44,0.12,0,normal
2025-01-01T00:37:21,1200.67,280.53,71.45,0.1202,1266.33,281.32,75.06,0.1195,0,normal
2025-01-01T00:37:21.500000,1229.85,287.89,72.88,0.1235,1239.99,294.1,78.14,0.1297,0,normal
2025-01-01T00:37:22,1211.19,283.11,72.53,0.1131,1239.79,275.94,75.23,0.1319,0,normal
2025-01-01T00:37:22.500000,1165.18,284.78,70.47,0.1138,1194.9,290.43,74.17,0.1209,0,normal
2025-01-01T00:37:23,1160.06,285.53,69.85,0.1149,1152.15,293.98,73.57,0.1219,0,normal
2025-01-01T00:37:23.500000,1179.3,283.34,70.03,0.1249,1305.47,289.76,74.11,0.119,0,normal
2025-01-01T00:37:24,1161.13,281.39,71.33,0.1186,1170.46,285.41,69.55,0.133,0,normal
2025-01-01T00:37:24.500000,1167.23,288.79,71.62,0.1217,1224.39,286.34,68.74,0.118,0,normal
2025-01-01T00:37:25,1204.06,285.46,70.53,0.1246,1080.31,282.86,69.35,0.1211,0,normal
2025-01-01T00:37:25.500000,1224.4,278.99,75.39,0.1207,1218.32,272.69,71.87,0.1258,0,normal
2025-01-01T00:37:26,1205.04,285.6,71.93,0.115,1133.58,295.0,74.54,0.1262,0,normal
2025-01-01T00:37:26.500000,1180.25,284.33,73.77,0.1156,1254.23,279.99,69.54,0.1198,0,normal
2025-01-01T00:37:27,1173.19,276.89,72.11,0.1219,1258.33,290.19,77.66,0.1282,0,normal
2025-01-01T00:37:27.500000,1217.71,287.0,73.77,0.112,1176.96,269.11,73.91,0.1155,0,normal
2025-01-01T00:37:28,1272.47,282.79,72.15,0.1186,1176.54,274.34,68.31,0.1069,0,normal
2025-01-01T00:37:28.500000,1213.09,283.18,74.78,0.1155,1270.86,298.44,75.68,0.1214,0,normal
2025-01-01T00:37:29,1191.88,290.46,70.86,0.121,1197.9,277.38,72.8,0.1245,0,normal
2025-01-01T00:37:29.500000,1177.66,286.97,68.79,0.1162,1178.05,288.06,74.5,0.1205,0,normal
2025-01-01T00:37:30,1213.6,284.31,72.58,0.1213,1175.57,281.96,73.73,0.1309,0,normal
2025-01-01T00:37:30.500000,1228.96,280.17,70.38,0.1181,1204.75,285.41,75.57,0.1278,0,normal
2025-01-01T00:37:31,1200.14,284.03,72.74,0.1238,1226.52,281.31,70.24,0.1133,0,normal
2025-01-01T00:37:31.500000,1204.64,287.66,73.06,0.1241,1271.05,273.24,73.17,0.1226,0,normal
2025-01-01T00:37:32,1198.23,281.46,74.08,0.1179,1094.76,285.17,71.31,0.1311,0,normal
2025-01-01T00:37:32.500000,1211.75,283.7,71.72,0.1192,1306.42,290.78,67.95,0.1185,0,normal
2025-01-01T00:37:33,1199.43,280.27,69.43,0.1221,1161.38,295.68,72.02,0.1172,0,normal
2025-01-01T00:37:33.500000,1142.0,290.23,72.42,0.1184,1157.27,298.67,68.94,0.1178,0,normal
2025-01-01T00:37:34,1213.67,291.2,71.69,0.1174,1194.88,292.73,75.25,0.1117,0,normal
2025-01-01T00:37:34.500000,1202.76,278.87,73.27,0.1215,1155.78,298.12,72.96,0.1214,0,normal
2025-01-01T00:37:35,1195.7,284.97,71.45,0.1173,1259.0,280.79,70.48,0.1192,0,normal
2025-01-01T00:37:35.500000,1234.19,289.84,71.43,0.1244,1205.19,277.79,70.63,0.1282,0,normal
2025-01-01T00:37:36,1249.99,286.37,71.18,0.1196,1163.4,279.73,69.94,0.1195,0,normal
2025-01-01T00:37:36.500000,1202.9,284.37,71.68,0.1227,1189.0,283.59,71.49,0.1293,0,normal
2025-01-01T00:37:37,1188.21,287.55,70.92,0.1213,1226.22,294.27,70.89,0.1133,0,normal
2025-01-01T00:37:37.500000,1181.18,289.12,75.0,0.123,1139.42,291.85,69.28,0.1179,0,normal
2025-01-01T00:37:38,1204.49,286.52,72.09,0.1178,1250.88,280.49,75.61,0.1118,0,normal
2025-01-01T00:37:38.500000,1205.17,279.76,70.8,0.1182,1272.99,296.18,74.52,0.1202,0,normal
2025-01-01T00:37:39,1204.51,290.41,73.01,0.1201,1271.36,291.96,72.7,0.1172,0,normal
2025-01-01T00:37:39.500000,1186.82,283.56,72.66,0.123,1130.67,268.36,69.26,0.1176,0,normal
2025-01-01T00:37:40,1228.7,283.8,72.37,0.1215,1150.87,297.48,70.09,0.1294,0,normal
2025-01-01T00:37:40.500000,1196.97,283.56,70.4,0.1207,1308.21,288.54,72.78,0.116,0,normal
2025-01-01T00:37:41,1214.21,285.67,71.91,0.1218,1112.84,284.14,68.55,0.1202,0,normal
2025-01-01T00:37:41.500000,1182.62,282.2,70.08,0.124,1167.47,279.66,76.41,0.1234,0,normal
2025-01-01T00:37:42,1151.17,290.92,74.37,0.1256,1232.07,275.58,71.86,0.1113,0,normal
2025-01-01T00:37:42.500000,1179.22,280.25,71.1,0.1206,1178.64,280.83,71.16,0.129,0,normal
2025-01-01T00:37:43,1251.93,283.07,72.48,0.117,1236.85,280.93,69.95,0.132,0,normal
2025-01-01T00:37:43.500000,1167.45,274.51,73.06,0.1187,1168.99,308.36,74.1,0.1196,0,normal
2025-01-01T00:37:44,1183.01,286.91,69.5,0.1181,1198.22,286.83,71.59,0.1158,0,normal
2025-01-01T00:37:44.500000,1222.1,277.94,71.6,0.1181,1248.57,281.08,73.26,0.122,0,normal
2025-01-01T00:37:45,1155.96,284.72,69.49,0.1213,1164.94,295.15,71.48,0.1154,0,normal
2025-01-01T00:37:45.500000,1228.8,281.27,73.29,0.1217,1182.46,273.58,75.58,0.123,0,normal
2025-01-01T00:37:46,1181.47,286.05,73.45,0.1204,1211.44,293.82,76.43,0.1193,0,normal
2025-01-01T00:37:46.500000,1167.9,279.43,71.0,0.1166,1119.24,300.8,73.52,0.1169,0,normal
2025-01-01T00:37:47,1199.22,277.36,73.67,0.113,1224.48,269.28,70.81,0.1275,0,normal
2025-01-01T00:37:47.500000,1160.79,284.36,72.9,0.1217,1203.37,289.24,70.24,0.1316,0,normal
2025-01-01T00:37:48,1161.35,289.97,72.27,0.1222,1238.14,289.75,69.66,0.1183,0,normal
2025-01-01T00:37:48.500000,1165.16,283.72,72.46,0.1222,1218.79,269.99,70.38,0.116,0,normal
2025-01-01T00:37:49,1168.56,281.43,72.0,0.1251,1154.25,275.35,70.27,0.122,0,normal
2025-01-01T00:37:49.500000,1229.37,284.63,69.92,0.1156,1209.04,293.51,77.23,0.1129,0,normal
2025-01-01T00:37:50,1203.35,280.6,70.71,0.1165,1183.96,277.46,79.14,0.1172,0,normal
2025-01-01T00:37:50.500000,1223.71,282.18,75.22,0.1212,1240.17,279.95,74.81,0.122,0,normal
2025-01-01T00:37:51,1190.9,280.38,71.66,0.1188,1241.71,283.01,66.47,0.1239,0,normal
2025-01-01T00:37:51.500000,1231.04,277.88,74.6,0.125,1169.72,275.45,75.03,0.1118,0,normal
2025-01-01T00:37:52,1183.96,279.38,72.01,0.1253,1218.0,293.7,70.99,0.1206,0,normal
2025-01-01T00:37:52.500000,1170.57,284.59,70.93,0.1194,1189.01,282.31,78.07,0.1306,0,normal
2025-01-01T00:37:53,1233.99,292.67,74.04,0.1199,1194.0,287.01,71.39,0.1138,0,normal
2025-01-01T00:37:53.500000,1207.12,278.3,72.2,0.1164,1196.11,286.63,70.98,0.1102,0,normal
2025-01-01T00:37:54,1171.49,286.96,71.2,0.122,1200.47,283.31,73.0,0.116,0,normal
2025-01-01T00:37:54.500000,1209.61,283.21,75.65,0.1159,1182.85,282.29,68.11,0.1244,0,normal
2025-01-01T00:37:55,1189.71,274.83,73.0,0.1177,1194.96,290.79,70.95,0.1178,0,normal
2025-01-01T00:37:55.500000,1259.15,275.79,70.15,0.1161,1285.87,279.49,72.69,0.1172,0,normal
2025-01-01T00:37:56,1214.48,284.95,72.36,0.1246,1221.13,278.72,72.9,0.1345,0,normal
2025-01-01T00:37:56.500000,1213.56,285.65,70.03,0.1226,1241.87,287.67,72.33,0.137,0,normal
2025-01-01T00:37:57,1220.53,290.3,72.1,0.1195,1230.34,283.87,71.85,0.1228,0,normal
2025-01-01T00:37:57.500000,1187.69,285.94,72.12,0.1235,1170.66,267.9,71.11,0.1224,0,normal
2025-01-01T00:37:58,1223.14,282.04,72.78,0.1241,1236.06,278.24,70.03,0.1226,0,normal
2025-01-01T00:37:58.500000,1239.01,285.06,71.76,0.1151,1182.51,278.88,72.08,0.1109,0,normal
2025-01-01T00:37:59,1192.11,280.69,73.35,0.1169,1172.53,287.41,70.69,0.1342,0,normal
2025-01-01T00:37:59.500000,1222.33,285.07,72.53,0.1115,1259.12,289.38,71.79,0.1234,0,normal
2025-01-01T00:38:00,1216.51,283.22,72.55,0.1238,1221.84,282.84,72.85,0.1283,0,normal
2025-01-01T00:38:00.500000,1218.82,280.03,72.84,0.1216,1255.88,285.28,70.94,0.1118,0,normal
2025-01-01T00:38:01,1183.33,290.16,72.29,0.1196,1262.19,294.32,69.88,0.1272,0,normal
2025-01-01T00:38:01.500000,1160.19,286.96,72.49,0.1241,1218.29,282.91,71.52,0.1362,0,normal
2025-01-01T00:38:02,1201.98,287.55,69.09,0.117,1224.9,271.2,73.58,0.1156,0,normal
2025-01-01T00:38:02.500000,1175.19,281.88,74.2,0.1212,1156.3,291.63,74.39,0.1177,0,normal
2025-01-01T00:38:03,1223.02,289.3,73.23,0.1176,1143.41,270.53,70.11,0.1178,0,normal
2025-01-01T00:38:03.500000,1193.13,284.8,74.5,0.1188,1197.66,269.46,78.42,0.1121,0,normal
2025-01-01T00:38:04,1183.04,287.97,72.35,0.1259,1234.56,284.31,75.01,0.127,0,normal
2025-01-01T00:38:04.500000,1184.16,289.12,71.68,0.1196,1206.86,281.74,70.75,0.1259,0,normal
2025-01-01T00:38:05,1163.31,280.46,72.97,0.1197,1247.59,288.06,68.16,0.1204,0,normal
2025-01-01T00:38:05.500000,1212.83,286.0,71.33,0.119,1173.12,273.67,67.79,0.1223,0,normal
2025-01-01T00:38:06,1179.08,287.46,71.14,0.1153,1180.42,302.91,71.72,0.1239,0,normal
2025-01-01T00:38:06.500000,1204.05,278.99,74.09,0.1191,1137.1,280.62,71.41,0.1245,0,normal
2025-01-01T00:38:07,1183.66,296.2,70.65,0.1222,1105.25,283.94,73.06,0.1133,0,normal
2025-01-01T00:38:07.500000,1235.98,286.86,71.54,0.1215,1171.52,295.7,74.92,0.1222,0,normal
2025-01-01T00:38:08,1214.68,278.68,74.11,0.1196,1249.2,291.41,74.91,0.1137,0,normal
2025-01-01T00:38:08.500000,1177.91,294.61,69.81,0.116,1202.08,285.38,70.44,0.1237,0,normal
2025-01-01T00:38:09,1221.65,284.92,71.61,0.1199,1176.13,270.48,72.87,0.1246,0,normal
2025-01-01T00:38:09.500000,1196.31,275.32,71.18,0.1233,1130.96,290.95,70.72,0.1199,0,normal
2025-01-01T00:38:10,1183.54,280.15,74.07,0.1229,1230.95,292.77,73.45,0.1257,0,normal
2025-01-01T00:38:10.500000,1184.07,290.89,73.86,0.1214,1186.18,274.54,72.66,0.1301,0,normal
2025-01-01T00:38:11,1172.14,289.35,71.32,0.1186,1143.58,278.57,73.86,0.1246,0,normal
2025-01-01T00:38:11.500000,1205.66,282.86,70.41,0.1202,1182.48,286.81,71.07,0.1182,0,normal
2025-01-01T00:38:12,1203.82,286.51,73.76,0.1188,1226.18,300.42,73.65,0.127,0,normal
2025-01-01T00:38:12.500000,1185.1,281.92,71.77,0.1198,1251.4,278.76,71.74,0.1264,0,normal
2025-01-01T00:38:13,1205.17,284.95,72.34,0.1159,1145.1,271.42,72.6,0.1255,0,normal
2025-01-01T00:38:13.500000,1218.37,289.89,74.09,0.1205,1196.9,297.62,69.98,0.1129,0,normal
2025-01-01T00:38:14,1191.87,283.05,72.07,0.1169,1217.75,280.13,75.54,0.1128,0,normal
2025-01-01T00:38:14.500000,1196.65,283.57,72.33,0.1233,1212.78,283.9,73.99,0.1251,0,normal
2025-01-01T00:38:15,1206.46,286.66,72.93,0.1141,1183.16,288.22,71.16,0.1183,0,normal
2025-01-01T00:38:15.500000,1209.0,286.7,72.67,0.1171,1131.95,291.88,69.86,0.1151,0,normal
2025-01-01T00:38:16,1178.36,289.92,72.31,0.1212,1233.1,284.64,74.92,0.1128,0,normal
2025-01-01T00:38:16.500000,1173.95,280.12,72.61,0.1218,1177.32,283.01,75.65,0.1158,0,normal
2025-01-01T00:38:17,1207.09,282.07,73.58,0.1223,1132.85,282.77,66.01,0.1254,0,normal
2025-01-01T00:38:17.500000,1249.14,275.68,69.94,0.1206,1199.11,281.49,67.0,0.1219,0,normal
2025-01-01T00:38:18,1221.3,297.17,73.88,0.1153,1199.43,290.06,70.02,0.1247,0,normal
2025-01-01T00:38:18.500000,1216.88,290.29,73.16,0.121,1169.38,273.94,72.63,0.1176,0,normal
2025-01-01T00:38:19,1192.63,289.8,73.97,0.1156,1189.9,281.3,72.91,0.1064,0,normal
2025-01-01T00:38:19.500000,1164.94,284.5,73.13,0.1203,1232.23,286.69,75.68,0.1289,0,normal
2025-01-01T00:38:20,1181.75,288.78,72.73,0.129,1161.7,284.0,69.03,0.1142,0,normal
2025-01-01T00:38:20.500000,1209.25,285.88,72.78,0.1219,1188.69,282.93,69.2,0.1158,0,normal
2025-01-01T00:38:21,1198.64,285.84,73.02,0.1222,1274.74,276.68,71.33,0.1147,0,normal
2025-01-01T00:38:21.500000,1230.65,282.85,73.66,0.1252,1219.84,287.51,72.11,0.1181,0,normal
2025-01-01T00:38:22,1189.5,284.37,74.63,0.1162,1209.82,291.08,71.18,0.1225,0,normal
2025-01-01T00:38:22.500000,1163.89,290.66,73.63,0.1196,1157.77,291.78,68.69,0.114,0,normal
2025-01-01T00:38:23,1198.71,291.49,72.92,0.1177,1119.26,285.35,72.72,0.1196,0,normal
2025-01-01T00:38:23.500000,1243.35,284.44,68.71,0.1185,1221.82,288.31,71.49,0.1179,0,normal
2025-01-01T00:38:24,1152.01,285.37,71.51,0.1209,1223.58,295.61,69.25,0.1122,0,normal
2025-01-01T00:38:24.500000,1186.22,281.86,70.81,0.1252,1207.12,301.86,71.99,0.113,0,normal
2025-01-01T00:38:25,1180.6,289.38,70.37,0.122,1182.88,277.05,75.99,0.1165,0,normal
2025-01-01T00:38:25.500000,1180.14,284.66,71.27,0.128,1250.9,279.95,70.63,0.1079,0,normal
2025-01-01T00:38:26,1203.3,281.81,72.13,0.1129,1198.72,299.52,72.16,0.1154,0,normal
2025-01-01T00:38:26.500000,1199.51,284.73,75.16,0.1188,1142.24,285.18,72.56,0.1234,0,normal
2025-01-01T00:38:27,1218.14,293.36,71.14,0.1175,1111.0,290.66,69.44,0.1254,0,normal
2025-01-01T00:38:27.500000,1188.2,292.38,69.94,0.1237,1243.38,289.5,68.78,0.1232,0,normal
2025-01-01T00:38:28,1203.04,277.18,74.24,0.1188,1271.1,284.42,74.83,0.1148,0,normal
2025-01-01T00:38:28.500000,1205.15,285.62,71.53,0.1169,1052.79,277.77,74.02,0.1116,0,normal
2025-01-01T00:38:29,1171.48,278.87,72.3,0.1168,1258.58,291.28,72.58,0.1218,0,normal
2025-01-01T00:38:29.500000,1181.69,281.74,73.02,0.1233,1233.71,280.98,70.87,0.1144,0,normal
2025-01-01T00:38:30,1218.44,276.61,68.83,0.1128,1097.15,296.6,74.27,0.1128,0,normal
2025-01-01T00:38:30.500000,1197.46,291.27,72.72,0.1276,1194.52,279.4,68.89,0.1201,0,normal
2025-01-01T00:38:31,1222.47,285.42,71.48,0.1245,1225.39,284.03,69.79,0.1185,0,normal
2025-01-01T00:38:31.500000,1211.35,281.66,70.22,0.1183,1197.64,296.66,68.66,0.1214,0,normal
2025-01-01T00:38:32,1193.34,284.03,74.22,0.1203,1156.15,292.6,74.35,0.114,0,normal
2025-01-01T00:38:32.500000,1171.37,286.75,71.95,0.1183,1250.7,279.94,73.21,0.127,0,normal
2025-01-01T00:38:33,1191.86,277.18,71.42,0.1207,1248.14,280.54,76.96,0.1122,0,normal
2025-01-01T00:38:33.500000,1203.94,283.98,73.94,0.1147,1220.43,282.91,76.4,0.115,0,normal
2025-01-01T00:38:34,1209.97,281.42,72.27,0.1187,1181.51,268.01,73.19,0.1135,0,normal
2025-01-01T00:38:34.500000,1173.2,278.35,70.48,0.1218,1221.66,290.67,69.04,0.1213,0,normal
2025-01-01T00:38:35,1185.23,289.08,72.61,0.1176,1249.95,289.34,68.01,0.11,0,normal
2025-01-01T00:38:35.500000,1167.66,292.05,70.54,0.1268,1148.77,274.96,74.53,0.1256,0,normal
2025-01-01T00:38:36,1213.34,287.89,70.85,0.123,1211.52,281.88,72.27,0.1264,0,normal
2025-01-01T00:38:36.500000,1209.4,275.78,73.28,0.1229,1181.8,286.0,72.32,0.1081,0,normal
2025-01-01T00:38:37,1190.36,283.45,71.77,0.1181,1231.82,278.08,74.62,0.1237,0,normal
2025-01-01T00:38:37.500000,1232.65,292.41,74.51,0.1157,1216.52,278.86,81.45,0.1237,0,normal
2025-01-01T00:38:38,1233.99,286.86,68.2,0.1172,1167.09,281.66,73.04,0.123,0,normal
2025-01-01T00:38:38.500000,1136.94,283.99,71.3,0.125,1228.43,283.43,72.64,0.1099,0,normal
2025-01-01T00:38:39,1215.87,283.31,70.84,0.1247,1213.13,279.31,70.26,0.1222,0,normal
2025-01-01T00:38:39.500000,1206.92,285.13,70.27,0.1162,1164.08,283.32,71.88,0.119,0,normal
2025-01-01T00:38:40,1197.26,293.04,73.22,0.1243,1222.28,285.62,73.18,0.1214,0,normal
2025-01-01T00:38:40.500000,1219.39,280.83,73.04,0.1206,1113.26,285.73,68.24,0.1168,0,normal
2025-01-01T00:38:41,1196.18,278.56,71.92,0.1202,1236.24,281.12,72.79,0.1194,0,normal
2025-01-01T00:38:41.500000,1189.96,277.86,71.84,0.1227,1155.18,283.14,71.8,0.1266,0,normal
2025-01-01T00:38:42,1200.72,286.23,71.99,0.1182,1145.55,282.56,73.13,0.1207,0,normal
2025-01-01T00:38:42.500000,1235.51,289.04,73.79,0.1127,1275.81,287.28,73.18,0.1254,0,normal
2025-01-01T00:38:43,1200.51,280.42,74.08,0.1172,1152.69,283.0,70.89,0.12,0,normal
2025-01-01T00:38:43.500000,1197.64,290.76,72.66,0.1169,1165.42,281.68,70.89,0.1169,0,normal
2025-01-01T00:38:44,1173.56,286.24,71.34,0.1166,1223.3,292.25,71.29,0.1307,0,normal
2025-01-01T00:38:44.500000,1253.17,287.12,71.32,0.121,1141.23,277.55,67.15,0.1162,0,normal
2025-01-01T00:38:45,1170.42,287.67,70.92,0.121,1235.9,295.01,70.98,0.1219,0,normal
2025-01-01T00:38:45.500000,1208.22,290.44,73.13,0.1247,1120.1,279.32,74.97,0.1235,0,normal
2025-01-01T00:38:46,1197.0,282.97,73.14,0.1129,1238.03,285.78,70.59,0.123,0,normal
2025-01-01T00:38:46.500000,1190.73,285.12,71.93,0.1227,1207.64,268.68,67.99,0.1135,0,normal
2025-01-01T00:38:47,1210.96,287.38,74.41,0.1163,1262.84,268.43,72.05,0.1215,0,normal
2025-01-01T00:38:47.500000,1205.8,283.68,72.17,0.1156,1241.53,287.14,73.04,0.1183,0,normal
2025-01-01T00:38:48,1192.13,287.24,74.29,0.115,1130.68,287.28,71.04,0.1207,0,normal
2025-01-01T00:38:48.500000,1199.43,287.66,71.59,0.1157,1162.09,283.63,68.39,0.1198,0,normal
2025-01-01T00:38:49,1201.46,283.47,72.3,0.1142,1154.25,275.23,74.53,0.1338,0,normal
2025-01-01T00:38:49.500000,1178.86,283.99,71.0,0.1208,1170.8,287.42,73.92,0.1127,0,normal
2025-01-01T00:38:50,1206.52,277.33,71.63,0.1188,1189.0,282.33,70.57,0.1184,0,normal
2025-01-01T00:38:50.500000,1205.72,286.14,72.17,0.1179,1251.86,298.04,68.29,0.121,0,normal
2025-01-01T00:38:51,1188.76,288.96,71.98,0.1202,1223.76,282.46,76.83,0.1231,0,normal
2025-01-01T00:38:51.500000,1222.36,284.06,71.82,0.1229,1234.14,274.32,72.37,0.1228,0,normal
2025-01-01T00:38:52,1196.87,286.62,71.87,0.1119,1137.08,293.34,71.3,0.1211,0,normal
2025-01-01T00:38:52.500000,1199.91,281.47,71.33,0.1212,1220.69,303.71,70.62,0.13,0,normal
2025-01-01T00:38:53,1179.35,287.09,72.26,0.1195,1199.73,279.68,74.6,0.1149,0,normal
2025-01-01T00:38:53.500000,1207.62,288.23,73.99,0.1235,1227.48,279.55,69.74,0.1132,0,normal
2025-01-01T00:38:54,1170.38,284.99,70.95,0.1243,1172.21,285.81,71.24,0.1116,0,normal
2025-01-01T00:38:54.500000,1226.15,287.97,73.17,0.1221,1163.54,278.67,73.3,0.1293,0,normal
2025-01-01T00:38:55,1209.26,289.18,71.24,0.124,1179.87,287.05,70.95,0.1253,0,normal
2025-01-01T00:38:55.500000,1221.67,278.69,73.91,0.1286,1182.94,283.92,75.57,0.1204,0,normal
2025-01-01T00:38:56,1199.9,293.11,70.05,0.1172,1220.06,271.15,70.93,0.1177,0,normal
2025-01-01T00:38:56.500000,1223.08,287.96,69.58,0.1175,1166.88,283.15,68.84,0.1227,0,normal
2025-01-01T00:38:57,1183.34,287.52,72.0,0.1165,1266.64,297.12,72.84,0.1186,0,normal
2025-01-01T00:38:57.500000,1174.65,289.58,73.18,0.1171,1167.03,288.91,68.61,0.1162,0,normal
2025-01-01T00:38:58,1175.03,280.69,70.96,0.1233,1115.78,288.71,72.74,0.1258,0,normal
2025-01-01T00:38:58.500000,1206.17,283.38,70.83,0.1236,1223.85,280.78,74.62,0.1173,0,normal
2025-01-01T00:38:59,1199.98,282.42,72.77,0.1164,1185.67,279.4,72.76,0.1223,0,normal
2025-01-01T00:38:59.500000,1173.5,286.74,69.87,0.1279,1175.45,293.97,72.58,0.1215,0,normal
2025-01-01T00:39:00,1172.01,288.61,72.07,0.1217,1195.65,286.11,69.44,0.1191,0,normal
2025-01-01T00:39:00.500000,1189.92,281.98,72.19,0.1213,1212.04,284.13,73.18,0.1215,0,normal
2025-01-01T00:39:01,1202.34,285.71,73.7,0.1157,1184.71,287.89,67.44,0.1283,0,normal
2025-01-01T00:39:01.500000,1206.12,289.09,73.61,0.1215,1092.84,286.26,72.61,0.1135,0,normal
2025-01-01T00:39:02,1157.05,286.97,70.2,0.1274,1212.63,296.56,72.09,0.1245,0,normal
2025-01-01T00:39:02.500000,1201.28,289.3,69.06,0.1232,1232.1,283.68,70.82,0.1182,0,normal
2025-01-01T00:39:03,1206.79,290.19,71.23,0.1139,1319.26,290.74,70.87,0.1271,0,normal
2025-01-01T00:39:03.500000,1222.41,287.1,71.31,0.1224,1252.3,270.29,72.65,0.1218,0,normal
2025-01-01T00:39:04,1206.39,285.2,73.71,0.1192,1199.87,287.7,71.49,0.1117,0,normal
2025-01-01T00:39:04.500000,1205.14,285.96,71.47,0.1195,1047.37,295.33,74.59,0.112,0,normal
2025-01-01T00:39:05,1183.79,291.19,70.34,0.1217,1176.38,288.51,72.14,0.1183,0,normal
2025-01-01T00:39:05.500000,1209.32,282.89,69.43,0.1167,1149.7,271.28,73.06,0.119,0,normal
2025-01-01T00:39:06,1208.49,287.23,73.09,0.1215,1152.98,289.95,72.64,0.1331,0,normal
2025-01-01T00:39:06.500000,1200.19,286.64,71.86,0.1202,1199.11,281.28,72.51,0.1237,0,normal
2025-01-01T00:39:07,1189.93,288.57,73.03,0.1168,1153.74,288.83,70.31,0.1137,0,normal
2025-01-01T00:39:07.500000,1241.21,280.87,69.81,0.1172,1211.12,285.63,77.44,0.1154,0,normal
2025-01-01T00:39:08,1205.67,289.82,71.05,0.1225,1112.06,300.04,74.86,0.1159,0,normal
2025-01-01T00:39:08.500000,1219.92,290.61,70.14,0.1178,1264.61,285.58,73.26,0.1204,0,normal
2025-01-01T00:39:09,1221.4,287.19,72.15,0.1124,1230.72,291.24,68.43,0.113,0,normal
2025-01-01T00:39:09.500000,1212.42,285.83,69.16,0.117,1215.06,290.79,70.32,0.1191,0,normal
2025-01-01T00:39:10,1178.9,290.66,72.25,0.1176,1144.5,274.17,77.22,0.119,0,normal
2025-01-01T00:39:10.500000,1190.41,284.09,71.09,0.1196,1201.68,285.13,68.36,0.1254,0,normal
2025-01-01T00:39:11,1186.73,282.18,70.99,0.1162,1212.85,292.65,69.92,0.1089,0,normal
2025-01-01T00:39:11.500000,1175.35,283.08,70.23,0.1178,1173.53,284.87,67.81,0.1235,0,normal
2025-01-01T00:39:12,1239.86,291.11,71.16,0.1224,1226.41,284.63,72.51,0.1241,0,normal
2025-01-01T00:39:12.500000,1221.2,281.53,73.08,0.126,1242.34,298.14,64.56,0.1236,0,normal
2025-01-01T00:39:13,1206.34,289.39,70.38,0.1182,1243.23,275.94,72.7,0.1199,0,normal
2025-01-01T00:39:13.500000,1195.3,287.45,70.39,0.1172,1193.32,274.73,75.55,0.1152,0,normal
2025-01-01T00:39:14,1218.87,281.26,73.01,0.1142,1267.61,294.71,70.41,0.115,0,normal
2025-01-01T00:39:14.500000,1210.99,278.48,72.05,0.1171,1187.79,279.5,69.7,0.1302,0,normal
2025-01-01T00:39:15,1218.73,278.67,70.74,0.1231,1246.5,273.16,74.01,0.1216,0,normal
2025-01-01T00:39:15.500000,1153.4,283.28,71.8,0.1202,1136.61,278.48,70.21,0.1168,0,normal
2025-01-01T00:39:16,1187.54,284.43,72.45,0.1264,1241.8,296.26,70.62,0.114,0,normal
2025-01-01T00:39:16.500000,1219.23,284.93,73.05,0.1168,1231.13,283.5,70.67,0.1178,0,normal
2025-01-01T00:39:17,1211.77,288.31,71.47,0.1212,1216.36,291.31,74.84,0.1309,0,normal
2025-01-01T00:39:17.500000,1188.84,291.24,72.17,0.1161,1168.78,288.98,74.08,0.1139,0,normal
2025-01-01T00:39:18,1181.67,282.72,70.76,0.1132,1093.47,281.74,72.73,0.1239,0,normal
2025-01-01T00:39:18.500000,1167.3,279.25,71.24,0.12,1248.42,291.14,70.94,0.1222,0,normal
2025-01-01T00:39:19,1179.76,285.32,71.91,0.1251,1223.69,278.41,69.81,0.118,0,normal
2025-01-01T00:39:19.500000,1162.45,284.02,71.79,0.1217,1229.38,285.85,67.31,0.1127,0,normal
2025-01-01T00:39:20,1185.48,287.79,72.89,0.1191,1313.27,298.35,75.57,0.1242,0,normal
2025-01-01T00:39:20.500000,1211.01,286.65,69.4,0.1162,1189.34,286.09,71.64,0.1216,0,normal
2025-01-01T00:39:21,1149.52,287.16,72.09,0.1193,1244.51,276.06,71.32,0.1217,0,normal
2025-01-01T00:39:21.500000,1179.53,276.44,70.34,0.1198,1188.05,284.84,70.1,0.1121,0,normal
2025-01-01T00:39:22,1203.29,284.29,72.92,0.1173,1103.0,262.73,70.84,0.1208,0,normal
2025-01-01T00:39:22.500000,1194.42,282.58,69.71,0.1132,1217.63,283.05,70.95,0.1107,0,normal
2025-01-01T00:39:23,1176.81,285.19,72.41,0.1194,1266.2,280.08,75.71,0.1213,0,normal
2025-01-01T00:39:23.500000,1202.6,288.99,71.1,0.1188,1141.27,293.0,72.97,0.1266,0,normal
2025-01-01T00:39:24,1204.92,289.72,70.92,0.1236,1180.9,285.02,74.1,0.134,0,normal
2025-01-01T00:39:24.500000,1219.68,288.91,71.21,0.1206,1195.4,297.04,71.58,0.128,0,normal
2025-01-01T00:39:25,1168.76,290.98,70.76,0.1231,1158.51,290.29,69.23,0.1262,0,normal
2025-01-01T00:39:25.500000,1220.29,282.43,72.83,0.1234,1155.68,276.16,68.91,0.1127,0,normal
2025-01-01T00:39:26,1174.17,288.95,72.8,0.1139,1175.51,275.1,74.48,0.1173,0,normal
2025-01-01T00:39:26.500000,1162.93,285.73,72.87,0.1166,1187.28,277.28,75.58,0.1174,0,normal
2025-01-01T00:39:27,1182.68,284.78,71.7,0.1225,1258.37,295.46,70.9,0.1218,0,normal
2025-01-01T00:39:27.500000,1235.72,291.53,70.74,0.1221,1220.31,292.92,75.58,0.1138,0,normal
2025-01-01T00:39:28,1183.42,288.88,72.21,0.112,1120.02,290.67,74.42,0.1119,0,normal
2025-01-01T00:39:28.500000,1226.38,284.16,70.53,0.118,1141.31,279.73,66.62,0.1196,0,normal
2025-01-01T00:39:29,1214.09,279.24,72.02,0.1171,1232.1,265.21,74.05,0.1091,0,normal
2025-01-01T00:39:29.500000,1194.96,281.97,71.48,0.1145,1279.69,274.0,68.52,0.1308,0,normal
2025-01-01T00:39:30,1207.74,279.64,71.81,0.1192,1118.99,278.52,71.92,0.1276,0,normal
2025-01-01T00:39:30.500000,1195.47,284.51,70.83,0.1239,1243.31,291.75,72.32,0.1104,0,normal
2025-01-01T00:39:31,1226.08,285.25,71.56,0.1216,1210.76,275.86,71.08,0.1086,0,normal
2025-01-01T00:39:31.500000,1202.06,290.69,69.41,0.1205,1232.09,291.98,69.85,0.1134,0,normal
2025-01-01T00:39:32,1185.91,290.09,69.54,0.1156,1177.98,276.66,71.88,0.1285,0,normal
2025-01-01T00:39:32.500000,1171.11,284.37,71.99,0.1188,1124.24,279.55,70.17,0.1238,0,normal
2025-01-01T00:39:33,1210.07,278.37,71.44,0.1182,1293.83,287.5,68.9,0.1153,0,normal
2025-01-01T00:39:33.500000,1190.91,286.55,72.7,0.1207,1189.93,283.84,71.63,0.1093,0,normal
2025-01-01T00:39:34,1198.53,282.53,69.62,0.1287,1214.94,285.11,70.93,0.1244,0,normal
2025-01-01T00:39:34.500000,1172.1,283.66,70.63,0.1226,1160.32,294.42,71.71,0.1246,0,normal
2025-01-01T00:39:35,1209.6,289.53,70.65,0.1233,1110.6,285.37,70.43,0.1116,0,normal
2025-01-01T00:39:35.500000,1178.56,282.26,71.72,0.1181,1203.84,277.9,70.63,0.1183,0,normal
2025-01-01T00:39:36,1204.37,288.63,73.23,0.1209,1220.65,287.67,71.09,0.1254,0,normal
2025-01-01T00:39:36.500000,1178.05,276.24,70.5,0.1251,1185.82,287.34,71.21,0.1234,0,normal
2025-01-01T00:39:37,1201.7,284.71,72.88,0.1183,1217.86,283.51,71.69,0.1151,0,normal
2025-01-01T00:39:37.500000,1194.82,282.69,73.63,0.1139,1242.68,270.09,73.55,0.115,0,normal
2025-01-01T00:39:38,1213.59,284.48,69.94,0.1249,1237.28,289.3,70.16,0.1249,0,normal
2025-01-01T00:39:38.500000,1169.2,275.48,69.75,0.1167,1163.77,281.28,70.88,0.1161,0,normal
2025-01-01T00:39:39,1149.21,285.82,71.62,0.1175,1267.11,282.93,72.17,0.1248,0,normal
2025-01-01T00:39:39.500000,1164.24,284.9,73.14,0.1197,1137.44,280.87,72.54,0.1074,0,normal
2025-01-01T00:39:40,1167.54,293.44,72.7,0.1253,1241.58,288.37,71.11,0.1223,0,normal
2025-01-01T00:39:40.500000,1234.8,288.53,72.24,0.1194,1223.92,280.45,73.44,0.1158,0,normal
2025-01-01T00:39:41,1191.51,280.61,71.37,0.1175,1281.21,277.35,73.11,0.1143,0,normal
2025-01-01T00:39:41.500000,1201.13,286.24,69.33,0.115,1154.18,273.86,72.24,0.1215,0,normal
2025-01-01T00:39:42,1174.49,285.53,71.39,0.1196,1169.84,289.17,76.71,0.1246,0,normal
2025-01-01T00:39:42.500000,1233.44,279.0,71.03,0.122,1272.4,290.56,69.04,0.1174,0,normal
2025-01-01T00:39:43,1208.0,284.3,70.85,0.119,1199.31,275.72,74.84,0.1174,0,normal
2025-01-01T00:39:43.500000,1198.26,289.42,71.82,0.1235,1150.6,288.7,74.42,0.115,0,normal
2025-01-01T00:39:44,1195.72,284.33,72.3,0.1217,1156.26,284.49,76.58,0.1263,0,normal
2025-01-01T00:39:44.500000,1219.05,284.18,75.07,0.1237,1201.8,286.88,70.68,0.1224,0,normal
2025-01-01T00:39:45,1214.23,288.0,71.74,0.1147,1211.61,291.04,69.18,0.1195,0,normal
2025-01-01T00:39:45.500000,1232.2,279.86,71.59,0.1254,1207.57,280.5,71.98,0.125,0,normal
2025-01-01T00:39:46,1195.12,287.55,72.34,0.1211,1231.75,282.48,69.28,0.1228,0,normal
2025-01-01T00:39:46.500000,1196.82,283.08,72.76,0.1246,1192.58,285.07,68.6,0.1187,0,normal
2025-01-01T00:39:47,1205.31,284.91,71.48,0.1226,1202.78,307.13,72.6,0.1035,0,normal
2025-01-01T00:39:47.500000,1173.31,287.27,71.07,0.1179,1140.52,280.92,72.56,0.1223,0,normal
2025-01-01T00:39:48,1175.52,288.44,70.28,0.1216,1216.18,277.01,68.97,0.1223,0,normal
2025-01-01T00:39:48.500000,1186.56,284.19,72.99,0.1217,1156.03,284.54,69.31,0.1252,0,normal
2025-01-01T00:39:49,1236.88,281.39,71.96,0.1233,1201.16,289.8,72.15,0.1137,0,normal
2025-01-01T00:39:49.500000,1202.85,289.82,72.45,0.1258,1114.97,288.24,70.13,0.1147,0,normal
2025-01-01T00:39:50,1232.03,283.91,71.49,0.1212,1096.68,296.58,77.48,0.1255,0,normal
2025-01-01T00:39:50.500000,1209.89,284.07,70.45,0.1243,1243.98,288.85,72.96,0.1218,0,normal
2025-01-01T00:39:51,1187.38,295.69,71.59,0.1185,1253.79,284.75,71.95,0.1285,0,normal
2025-01-01T00:39:51.500000,1216.29,288.12,69.96,0.1214,1151.73,281.11,72.51,0.1198,0,normal
2025-01-01T00:39:52,1215.7,288.29,73.22,0.1152,1313.41,284.79,75.49,0.1049,0,normal
2025-01-01T00:39:52.500000,1193.63,278.76,70.76,0.1202,1183.93,296.23,77.09,0.1142,0,normal
2025-01-01T00:39:53,1188.29,280.59,73.66,0.1206,1201.55,287.67,71.1,0.1149,0,normal
2025-01-01T00:39:53.500000,1201.23,283.86,72.5,0.1141,1208.95,279.11,72.44,0.1254,0,normal
2025-01-01T00:39:54,1186.65,290.12,69.49,0.1256,1259.45,277.42,69.47,0.111,0,normal
2025-01-01T00:39:54.500000,1222.11,283.59,71.42,0.116,1286.97,276.68,72.07,0.1213,0,normal
2025-01-01T00:39:55,1190.43,282.43,71.47,0.122,1183.34,298.9,69.76,0.1245,0,normal
2025-01-01T00:39:55.500000,1157.85,281.68,70.82,0.116,1213.61,284.06,65.44,0.132,0,normal
2025-01-01T00:39:56,1204.22,285.01,73.89,0.1236,1185.69,268.31,73.63,0.1142,0,normal
2025-01-01T00:39:56.500000,1229.74,281.68,71.35,0.1152,1139.41,284.07,71.42,0.1171,0,normal
2025-01-01T00:39:57,1249.27,287.58,72.01,0.1101,1239.64,310.6,71.46,0.1151,0,normal
2025-01-01T00:39:57.500000,1203.92,278.88,72.67,0.1254,1167.8,279.54,71.77,0.117,0,normal
2025-01-01T00:39:58,1163.7,283.35,71.15,0.1249,1255.46,296.95,74.31,0.1212,0,normal
2025-01-01T00:39:58.500000,1179.01,290.67,72.5,0.1155,1156.13,274.19,66.09,0.1223,0,normal
2025-01-01T00:39:59,1170.29,281.77,72.06,0.1193,1165.75,297.99,67.6,0.1111,0,normal
2025-01-01T00:39:59.500000,1210.99,282.32,71.04,0.1161,1216.23,286.93,72.34,0.1165,0,normal
2025-01-01T00:40:00,1181.98,284.3,73.39,0.1256,1253.35,289.32,74.83,0.1129,0,normal
2025-01-01T00:40:00.500000,1182.87,287.24,71.83,0.1212,1247.01,292.05,68.86,0.1201,0,normal
2025-01-01T00:40:01,1177.9,281.68,69.54,0.1205,1114.33,288.37,75.91,0.1232,0,normal
2025-01-01T00:40:01.500000,1201.25,291.56,72.47,0.1169,1206.01,301.76,68.85,0.1117,0,normal
2025-01-01T00:40:02,1214.76,284.04,71.23,0.1155,1106.39,272.55,76.65,0.1199,0,normal
2025-01-01T00:40:02.500000,1152.9,290.06,73.78,0.1244,1179.72,282.7,72.4,0.1284,0,normal
2025-01-01T00:40:03,1186.68,281.77,73.0,0.1244,1197.47,290.73,72.32,0.1185,0,normal
2025-01-01T00:40:03.500000,1180.1,280.07,71.11,0.1165,1213.61,295.41,72.59,0.1145,0,normal
2025-01-01T00:40:04,1220.53,286.27,72.71,0.1181,1254.4,294.65,71.47,0.1243,0,normal
2025-01-01T00:40:04.500000,1226.44,283.01,71.88,0.1203,1147.3,288.78,74.94,0.1191,0,normal
2025-01-01T00:40:05,1208.16,290.98,71.42,0.1213,1172.65,279.89,72.98,0.1214,0,normal
2025-01-01T00:40:05.500000,1213.32,285.33,72.67,0.126,1250.88,287.89,73.45,0.1182,0,normal
2025-01-01T00:40:06,1196.18,287.11,72.13,0.1229,1260.82,284.13,66.21,0.1322,0,normal
2025-01-01T00:40:06.500000,1184.34,285.83,73.05,0.1251,1286.69,281.89,75.43,0.1212,0,normal
2025-01-01T00:40:07,1265.84,289.7,71.74,0.1171,1073.92,290.77,74.9,0.1245,0,normal
2025-01-01T00:40:07.500000,1143.52,279.62,72.69,0.1264,1197.33,294.33,69.02,0.1212,0,normal
2025-01-01T00:40:08,1193.41,290.08,71.22,0.126,1185.23,275.85,69.02,0.1163,0,normal
2025-01-01T00:40:08.500000,1208.89,282.39,70.82,0.1232,1045.86,281.32,68.16,0.1148,0,normal
2025-01-01T00:40:09,1205.85,284.12,71.57,0.1243,1199.35,300.44,74.05,0.1142,0,normal
2025-01-01T00:40:09.500000,1246.42,286.19,74.7,0.119,1213.07,288.69,71.52,0.1276,0,normal
2025-01-01T00:40:10,1246.38,275.2,73.17,0.1168,1075.55,289.42,73.5,0.1241,0,normal
2025-01-01T00:40:10.500000,1208.9,288.74,71.13,0.1209,1233.51,296.57,72.13,0.1187,0,normal
2025-01-01T00:40:11,1198.67,279.9,73.11,0.1148,1218.77,285.72,67.53,0.111,0,normal
2025-01-01T00:40:11.500000,1179.51,283.53,74.13,0.1196,1226.23,295.83,75.09,0.12,0,normal
2025-01-01T00:40:12,1183.07,287.13,71.01,0.1265,1241.65,286.78,73.48,0.1211,0,normal
2025-01-01T00:40:12.500000,1191.16,287.13,71.65,0.127,1166.75,289.35,69.75,0.1152,0,normal
2025-01-01T00:40:13,1157.13,286.76,71.23,0.1239,1219.84,286.27,67.94,0.1235,0,normal
2025-01-01T00:40:13.500000,1184.11,278.87,72.62,0.1155,1099.63,296.09,70.39,0.1095,0,normal
2025-01-01T00:40:14,1176.9,281.92,73.65,0.114,1135.73,293.38,70.7,0.1214,0,normal
2025-01-01T00:40:14.500000,1188.22,293.64,70.14,0.121,1272.14,281.79,69.83,0.1246,0,normal
2025-01-01T00:40:15,1224.1,281.58,74.11,0.1202,1224.42,297.72,74.21,0.12,0,normal
2025-01-01T00:40:15.500000,1183.88,296.58,70.86,0.1211,1224.48,289.76,78.13,0.1203,0,normal
2025-01-01T00:40:16,1197.72,291.64,71.8,0.1232,1209.33,292.87,74.09,0.1176,0,normal
2025-01-01T00:40:16.500000,1155.74,277.84,69.35,0.1197,1087.07,283.63,72.39,0.1251,0,normal
2025-01-01T00:40:17,1212.11,288.86,72.6,0.1188,1194.91,277.72,72.66,0.1105,0,normal
2025-01-01T00:40:17.500000,1225.58,280.91,72.22,0.1212,1255.81,270.63,71.06,0.1233,0,normal
2025-01-01T00:40:18,1242.03,284.83,71.14,0.1273,1238.52,296.74,68.52,0.1231,0,normal
2025-01-01T00:40:18.500000,1174.0,279.42,72.84,0.1223,1176.86,297.24,70.94,0.1184,0,normal
2025-01-01T00:40:19,1199.14,283.96,73.84,0.1162,1163.79,274.81,77.42,0.1181,0,normal
2025-01-01T00:40:19.500000,1181.56,283.77,73.22,0.1224,1172.39,281.58,67.81,0.1208,0,normal
2025-01-01T00:40:20,1230.78,282.51,72.92,0.1179,1147.41,290.82,78.76,0.1233,0,normal
2025-01-01T00:40:20.500000,1190.07,283.51,74.75,0.1211,1163.24,284.47,72.62,0.1228,0,normal
2025-01-01T00:40:21,1236.29,290.45,72.29,0.1199,1219.01,279.8,74.82,0.1188,0,normal
2025-01-01T00:40:21.500000,1211.78,292.32,72.8,0.1208,1175.17,284.33,68.73,0.1232,0,normal
2025-01-01T00:40:22,1148.78,289.14,73.05,0.1204,1174.42,284.86,66.89,0.1249,0,normal
2025-01-01T00:40:22.500000,1196.07,291.48,72.56,0.1208,1219.25,276.66,70.7,0.1208,0,normal
2025-01-01T00:40:23,1192.74,282.54,71.59,0.1202,1311.3,282.22,70.05,0.1191,0,normal
2025-01-01T00:40:23.500000,1236.04,291.72,74.81,0.1202,1230.8,276.02,70.98,0.1133,0,normal
2025-01-01T00:40:24,1211.36,285.16,72.33,0.117,1240.83,264.42,71.27,0.1194,0,normal
2025-01-01T00:40:24.500000,1151.48,286.64,71.75,0.122,1295.99,287.78,74.8,0.1283,0,normal
2025-01-01T00:40:25,1211.81,281.3,69.64,0.1213,1180.79,295.97,70.63,0.1199,0,normal
2025-01-01T00:40:25.500000,1172.18,283.53,70.64,0.1169,1197.46,279.81,79.57,0.125,0,normal
2025-01-01T00:40:26,1226.03,284.53,72.15,0.1185,1325.97,284.07,70.26,0.1155,0,normal
2025-01-01T00:40:26.500000,1208.05,291.07,73.57,0.1173,1162.51,295.66,78.05,0.1191,0,normal
2025-01-01T00:40:27,1228.96,278.73,70.79,0.1164,1219.79,283.47,72.69,0.1273,0,normal
2025-01-01T00:40:27.500000,1184.32,285.4,70.07,0.1242,1252.63,288.09,72.35,0.1169,0,normal
2025-01-01T00:40:28,1166.51,286.31,73.09,0.1273,1181.11,287.31,75.21,0.1269,0,normal
2025-01-01T00:40:28.500000,1185.06,283.81,71.24,0.1168,1270.64,285.54,71.79,0.1215,0,normal
2025-01-01T00:40:29,1201.29,284.06,70.9,0.1256,1172.63,277.04,71.77,0.1329,0,normal
2025-01-01T00:40:29.500000,1180.28,288.03,71.65,0.1209,1244.26,270.3,69.42,0.1254,0,normal
2025-01-01T00:40:30,1202.34,285.91,73.02,0.1168,1250.64,292.01,72.69,0.1228,0,normal
2025-01-01T00:40:30.500000,1227.96,282.46,72.95,0.1263,1230.75,283.1,78.68,0.1214,0,normal
2025-01-01T00:40:31,1233.57,283.2,73.54,0.118,1215.52,279.81,77.48,0.1187,0,normal
2025-01-01T00:40:31.500000,1173.41,285.41,72.77,0.1199,1160.96,293.87,75.63,0.1101,0,normal
2025-01-01T00:40:32,1178.95,284.32,71.24,0.1219,1288.29,281.74,76.54,0.1112,0,normal
2025-01-01T00:40:32.500000,1210.94,282.46,72.69,0.1137,1138.3,289.06,70.19,0.1181,0,normal
2025-01-01T00:40:33,1244.07,285.59,73.3,0.1173,1135.62,284.31,67.71,0.1158,0,normal
2025-01-01T00:40:33.500000,1205.71,284.52,72.48,0.1222,1142.61,276.95,65.73,0.1178,0,normal
2025-01-01T00:40:34,1217.68,291.38,72.27,0.1249,1218.42,285.92,70.24,0.1057,0,normal
2025-01-01T00:40:34.500000,1229.36,284.77,74.0,0.1166,1316.58,282.87,70.01,0.1187,0,normal
2025-01-01T00:40:35,1204.09,284.7,71.26,0.1135,1161.39,294.19,69.47,0.1097,0,normal
2025-01-01T00:40:35.500000,1174.67,284.62,70.91,0.119,1161.67,293.63,73.41,0.1333,0,normal
2025-01-01T00:40:36,1190.84,283.78,73.7,0.1214,1154.81,289.76,73.14,0.1092,0,normal
2025-01-01T00:40:36.500000,1184.37,285.81,74.08,0.1225,1172.93,278.94,74.3,0.1054,0,normal
2025-01-01T00:40:37,1180.62,291.02,72.43,0.1173,1142.3,292.18,72.22,0.1187,0,normal
2025-01-01T00:40:37.500000,1208.98,285.7,72.13,0.1152,1150.73,291.4,73.61,0.1223,0,normal
2025-01-01T00:40:38,1185.92,288.27,71.47,0.1247,1164.15,280.51,71.56,0.1251,0,normal
2025-01-01T00:40:38.500000,1199.16,285.16,71.44,0.121,1196.6,278.29,72.37,0.1209,0,normal
2025-01-01T00:40:39,1256.4,282.39,70.79,0.121,1152.34,275.83,67.86,0.1154,0,normal
2025-01-01T00:40:39.500000,1182.0,279.51,71.64,0.1115,1223.6,280.24,70.82,0.1235,0,normal
2025-01-01T00:40:40,1208.92,282.31,72.65,0.1256,1151.42,291.44,68.79,0.1271,0,normal
2025-01-01T00:40:40.500000,1182.91,281.79,73.65,0.1226,1167.4,286.09,69.96,0.1104,0,normal
2025-01-01T00:40:41,1204.54,283.48,70.64,0.1247,1156.22,286.23,75.11,0.1185,0,normal
2025-01-01T00:40:41.500000,1182.38,286.27,72.66,0.1232,1289.82,281.09,72.56,0.1124,0,normal
2025-01-01T00:40:42,1215.99,285.79,71.74,0.1178,1183.28,287.02,69.22,0.1182,0,normal
2025-01-01T00:40:42.500000,1200.4,278.42,70.49,0.1176,1275.28,277.9,71.84,0.1138,0,normal
2025-01-01T00:40:43,1181.37,278.84,72.97,0.1152,1243.54,289.0,71.78,0.1256,0,normal
2025-01-01T00:40:43.500000,1274.48,287.04,70.39,0.1254,1208.93,303.05,70.54,0.1277,0,normal
2025-01-01T00:40:44,1200.0,296.36,71.59,0.1308,1221.11,292.24,76.9,0.1153,0,normal
2025-01-01T00:40:44.500000,1223.26,283.75,72.22,0.1203,1227.48,289.53,70.34,0.1207,0,normal
2025-01-01T00:40:45,1143.98,289.23,74.44,0.1207,1122.91,291.35,69.8,0.1211,0,normal
2025-01-01T00:40:45.500000,1216.45,287.34,73.56,0.1205,1208.32,291.3,71.79,0.1159,0,normal
2025-01-01T00:40:46,1210.85,280.17,71.88,0.115,1173.37,280.61,69.17,0.1266,0,normal
2025-01-01T00:40:46.500000,1224.43,290.62,71.73,0.1184,1238.57,286.1,72.36,0.1047,0,normal
2025-01-01T00:40:47,1218.16,287.67,71.99,0.1229,1228.88,279.04,71.37,0.114,0,normal
2025-01-01T00:40:47.500000,1235.09,289.18,70.83,0.1222,1213.37,279.14,72.36,0.1252,0,normal
2025-01-01T00:40:48,1222.56,294.97,72.14,0.1191,1226.98,283.44,70.32,0.1144,0,normal
2025-01-01T00:40:48.500000,1117.74,288.14,69.64,0.1168,1214.04,282.25,78.19,0.1109,0,normal
2025-01-01T00:40:49,1253.73,290.9,73.31,0.1252,1219.42,270.44,73.48,0.1111,0,normal
2025-01-01T00:40:49.500000,1187.32,284.67,70.69,0.1234,1189.74,288.5,71.97,0.1208,0,normal
2025-01-01T00:40:50,1178.72,279.98,71.78,0.1165,1266.89,273.23,78.73,0.1218,0,normal
2025-01-01T00:40:50.500000,1201.66,282.69,72.95,0.1193,1214.42,292.2,73.93,0.1274,0,normal
2025-01-01T00:40:51,1212.91,280.93,69.01,0.1208,1210.82,301.47,71.67,0.1222,0,normal
2025-01-01T00:40:51.500000,1218.65,287.19,73.22,0.1171,1153.13,282.6,65.74,0.1198,0,normal
2025-01-01T00:40:52,1184.17,286.38,71.62,0.1163,1262.92,285.71,74.49,0.1211,0,normal
2025-01-01T00:40:52.500000,1211.14,279.18,73.84,0.1232,1199.1,287.46,74.89,0.1178,0,normal
2025-01-01T00:40:53,1162.01,283.49,72.22,0.1199,1263.24,276.79,69.6,0.1137,0,normal
2025-01-01T00:40:53.500000,1210.29,278.48,73.07,0.1166,1162.89,300.14,75.55,0.1207,0,normal
2025-01-01T00:40:54,1168.54,293.61,71.72,0.1209,1243.77,268.22,70.16,0.1196,0,normal
2025-01-01T00:40:54.500000,1203.14,279.43,72.47,0.1201,1280.03,293.55,71.22,0.1188,0,normal
2025-01-01T00:40:55,1224.35,286.21,70.03,0.1275,1152.49,306.2,73.23,0.1162,0,normal
2025-01-01T00:40:55.500000,1143.19,288.32,69.77,0.1213,1292.81,275.27,74.13,0.1151,0,normal
2025-01-01T00:40:56,1227.2,285.28,71.97,0.1243,1230.01,278.12,77.15,0.1108,0,normal
2025-01-01T00:40:56.500000,1206.62,281.48,69.86,0.1159,1197.64,287.99,75.05,0.1289,0,normal
2025-01-01T00:40:57,1206.66,283.11,73.5,0.1178,1123.41,293.03,75.81,0.1151,0,normal
2025-01-01T00:40:57.500000,1247.06,287.49,72.62,0.1181,1248.83,271.97,71.02,0.1156,0,normal
2025-01-01T00:40:58,1168.59,288.69,72.49,0.1229,1186.64,293.42,72.22,0.1172,0,normal
2025-01-01T00:40:58.500000,1184.67,276.52,73.68,0.1238,1340.51,282.14,70.08,0.1098,0,normal
2025-01-01T00:40:59,1223.04,288.12,74.23,0.1167,1234.39,280.54,75.87,0.1232,0,normal
2025-01-01T00:40:59.500000,1162.66,284.44,69.19,0.1158,1147.07,279.52,71.24,0.121,0,normal
2025-01-01T00:41:00,1202.75,284.9,72.48,0.1155,1203.51,297.26,71.52,0.123,0,normal
2025-01-01T00:41:00.500000,1209.64,288.69,72.41,0.123,1224.35,290.62,73.27,0.114,0,normal
2025-01-01T00:41:01,1171.9,283.49,74.23,0.1194,1214.86,268.18,72.56,0.1205,0,normal
2025-01-01T00:41:01.500000,1135.84,286.24,69.62,0.1174,1247.73,286.35,70.71,0.1168,0,normal
2025-01-01T00:41:02,1189.97,285.69,70.27,0.124,1144.92,270.23,74.85,0.1174,0,normal
2025-01-01T00:41:02.500000,1201.69,287.8,70.96,0.1205,1231.11,299.05,70.53,0.1172,0,normal
2025-01-01T00:41:03,1213.52,285.89,71.8,0.1257,1119.24,272.84,67.19,0.1272,0,normal
2025-01-01T00:41:03.500000,1212.35,279.14,71.82,0.1199,1093.96,286.61,68.61,0.1242,0,normal
2025-01-01T00:41:04,1172.47,285.94,73.86,0.1235,1224.34,284.3,67.68,0.1174,0,normal
2025-01-01T00:41:04.500000,1194.58,283.73,69.79,0.1216,1143.32,298.22,72.43,0.1259,0,normal
2025-01-01T00:41:05,1223.01,293.88,72.26,0.1186,1182.2,297.79,68.2,0.1147,0,normal
2025-01-01T00:41:05.500000,1205.69,284.35,73.39,0.1152,1196.79,283.4,68.91,0.1253,0,normal
2025-01-01T00:41:06,1197.8,284.43,70.81,0.1187,1150.96,292.39,74.97,0.1301,0,normal
2025-01-01T00:41:06.500000,1210.42,283.55,71.32,0.1218,1209.64,283.51,71.25,0.127,0,normal
2025-01-01T00:41:07,1189.64,290.76,72.26,0.1187,1162.31,283.68,73.45,0.1177,0,normal
2025-01-01T00:41:07.500000,1220.41,283.17,71.82,0.1154,1226.85,282.72,76.55,0.1242,0,normal
2025-01-01T00:41:08,1202.03,290.24,72.58,0.1236,1158.61,288.94,73.45,0.1107,0,normal
2025-01-01T00:41:08.500000,1236.16,280.04,70.13,0.1097,1222.75,270.95,70.51,0.125,0,normal
2025-01-01T00:41:09,1204.61,282.33,69.71,0.1196,1241.05,290.99,77.15,0.1161,0,normal
2025-01-01T00:41:09.500000,1168.39,286.33,72.3,0.12,1164.17,262.31,69.1,0.1233,0,normal
2025-01-01T00:41:10,1206.82,289.13,72.5,0.1226,1236.71,285.18,72.08,0.1025,0,normal
2025-01-01T00:41:10.500000,1184.24,282.38,71.84,0.1167,1245.0,277.46,75.18,0.1142,0,normal
2025-01-01T00:41:11,1185.51,282.09,71.29,0.1242,1184.3,282.42,69.86,0.1184,0,normal
2025-01-01T00:41:11.500000,1205.19,284.08,71.78,0.1237,1213.14,275.16,71.75,0.1168,0,normal
2025-01-01T00:41:12,1212.5,285.44,73.63,0.1173,1190.76,275.9,71.88,0.1108,0,normal
2025-01-01T00:41:12.500000,1207.72,284.76,72.22,0.1228,1210.79,274.08,70.4,0.1195,0,normal
2025-01-01T00:41:13,1192.13,284.12,74.33,0.1204,1218.35,267.82,74.15,0.1371,0,normal
2025-01-01T00:41:13.500000,1232.3,283.12,75.28,0.1201,1214.71,282.71,71.16,0.1065,0,normal
2025-01-01T00:41:14,1218.9,283.73,71.73,0.121,1180.1,287.26,75.46,0.1224,0,normal
2025-01-01T00:41:14.500000,1196.32,284.47,72.29,0.117,1209.98,290.85,72.25,0.1175,0,normal
2025-01-01T00:41:15,1193.11,287.79,70.42,0.1171,1122.87,285.29,74.48,0.128,0,normal
2025-01-01T00:41:15.500000,1237.17,282.05,72.36,0.1186,1279.09,296.14,72.48,0.1163,0,normal
2025-01-01T00:41:16,1117.25,278.87,69.33,0.1148,1290.18,273.93,68.94,0.1145,0,normal
2025-01-01T00:41:16.500000,1262.37,284.73,73.43,0.1206,1104.75,298.1,73.16,0.1193,0,normal
2025-01-01T00:41:17,1242.24,283.52,71.79,0.1188,1251.66,291.96,72.8,0.1137,0,normal
2025-01-01T00:41:17.500000,1191.11,280.5,73.67,0.1143,1276.53,296.01,69.35,0.1175,0,normal
2025-01-01T00:41:18,1182.9,286.84,74.03,0.1243,1179.22,295.73,75.37,0.1189,0,normal
2025-01-01T00:41:18.500000,1199.77,291.59,73.52,0.1244,1324.1,289.68,72.94,0.1281,0,normal
2025-01-01T00:41:19,1247.71,282.39,71.71,0.1163,1216.45,292.6,69.27,0.1268,0,normal
2025-01-01T00:41:19.500000,1189.12,282.71,73.63,0.1177,1132.63,291.36,71.62,0.1272,0,normal
2025-01-01T00:41:20,1219.99,277.53,73.89,0.1268,1249.61,294.18,71.29,0.1171,0,normal
2025-01-01T00:41:20.500000,1205.1,288.93,73.29,0.1184,1174.12,272.26,73.86,0.1177,0,normal
2025-01-01T00:41:21,1192.77,292.39,72.86,0.1212,1239.85,297.15,67.34,0.1166,0,normal
2025-01-01T00:41:21.500000,1194.43,280.82,71.62,0.1144,1244.26,280.58,72.58,0.1203,0,normal
2025-01-01T00:41:22,1213.38,274.48,72.65,0.119,1219.53,274.92,73.19,0.1278,0,normal
2025-01-01T00:41:22.500000,1204.55,281.93,71.03,0.1221,1227.34,288.05,71.89,0.1212,0,normal
2025-01-01T00:41:23,1198.44,283.37,73.09,0.1211,1261.95,294.55,72.8,0.1236,0,normal
2025-01-01T00:41:23.500000,1177.03,284.67,72.49,0.1143,1220.61,276.8,69.55,0.1168,0,normal
2025-01-01T00:41:24,1199.27,279.32,73.23,0.1206,1292.4,287.57,73.64,0.1149,0,normal
2025-01-01T00:41:24.500000,1171.64,287.65,70.43,0.1223,1281.91,293.09,73.64,0.1216,0,normal
2025-01-01T00:41:25,1190.78,284.51,71.19,0.1153,1201.7,294.47,68.29,0.1284,0,normal
2025-01-01T00:41:25.500000,1229.21,286.7,72.58,0.1193,1202.02,281.04,72.09,0.1208,0,normal
2025-01-01T00:41:26,1245.15,287.42,71.7,0.1196,1165.76,280.31,74.62,0.117,0,normal
2025-01-01T00:41:26.500000,1185.18,282.47,70.95,0.1241,1206.85,282.59,72.08,0.1213,0,normal
2025-01-01T00:41:27,1182.06,279.06,73.93,0.1236,1218.13,292.86,77.51,0.1168,0,normal
2025-01-01T00:41:27.500000,1173.12,287.83,69.89,0.1201,1185.68,290.76,70.61,0.1272,0,normal
2025-01-01T00:41:28,1182.07,288.02,71.04,0.122,1151.3,284.79,75.81,0.1207,0,normal
2025-01-01T00:41:28.500000,1228.39,284.89,71.27,0.1206,1229.68,268.71,73.5,0.1144,0,normal
2025-01-01T00:41:29,1171.48,287.3,73.93,0.1208,1134.94,279.27,70.8,0.1212,0,normal
2025-01-01T00:41:29.500000,1198.27,287.12,73.44,0.1212,1243.11,282.69,81.49,0.1233,0,normal
2025-01-01T00:41:30,1216.42,292.51,72.13,0.1177,1262.71,296.67,72.44,0.1306,0,normal
2025-01-01T00:41:30.500000,1198.0,288.99,74.18,0.1204,1221.93,293.77,70.95,0.1151,0,normal
2025-01-01T00:41:31,1231.99,286.31,71.27,0.1203,1224.41,271.58,74.06,0.1225,0,normal
2025-01-01T00:41:31.500000,1239.72,284.06,73.98,0.1198,1206.68,287.4,78.03,0.1126,0,normal
2025-01-01T00:41:32,1211.88,285.18,71.96,0.1221,1253.09,289.55,75.56,0.1185,0,normal
2025-01-01T00:41:32.500000,1198.83,280.72,74.86,0.1193,1185.73,290.19,75.19,0.1158,0,normal
2025-01-01T00:41:33,1228.48,283.7,74.06,0.1181,1235.3,285.37,68.76,0.1115,0,normal
2025-01-01T00:41:33.500000,1182.17,289.24,69.2,0.1212,1211.85,270.62,69.7,0.1152,0,normal
2025-01-01T00:41:34,1201.26,291.27,73.55,0.1187,1160.19,271.68,70.91,0.1146,0,normal
2025-01-01T00:41:34.500000,1199.13,285.01,71.32,0.1184,1166.7,280.62,76.14,0.1231,0,normal
2025-01-01T00:41:35,1212.75,289.33,73.33,0.1251,1228.24,286.75,70.3,0.1151,0,normal
2025-01-01T00:41:35.500000,1221.17,284.53,70.04,0.1125,1303.09,276.57,70.02,0.1274,0,normal
2025-01-01T00:41:36,1170.99,287.27,74.62,0.1276,1178.52,284.9,70.86,0.1199,0,normal
2025-01-01T00:41:36.500000,1231.16,279.02,72.93,0.1193,1265.69,296.25,70.83,0.1193,0,normal
2025-01-01T00:41:37,1221.43,289.2,68.44,0.1232,1279.03,287.19,74.74,0.1277,0,normal
2025-01-01T00:41:37.500000,1205.32,288.48,72.02,0.1198,1168.25,286.48,77.43,0.1146,0,normal
2025-01-01T00:41:38,1214.8,286.37,74.12,0.126,1155.63,280.09,70.5,0.1171,0,normal
2025-01-01T00:41:38.500000,1190.44,286.48,70.77,0.1174,1162.05,289.21,71.82,0.1186,0,normal
2025-01-01T00:41:39,1179.79,278.14,74.35,0.119,1330.1,291.61,77.27,0.126,0,normal
2025-01-01T00:41:39.500000,1203.8,282.45,70.59,0.124,1212.72,290.27,74.35,0.1221,0,normal
